post_datetime,views,likes,comments,shares,engagement_rate,sentiment_score,platform_Instagram,platform_TikTok,platform_X,platform_YouTube Shorts,content_type_carousel,content_type_image,content_type_text,content_type_video,topic_Education,topic_Entertainment,topic_Lifestyle,topic_Politics,topic_Sports,topic_Technology,language_en,language_es,language_fr,language_hi,language_ur,region_Brazil,region_India,region_Pakistan,region_UK,region_US,is_viral
1.556297615650364,-0.6057091823290136,-0.8501690196372751,-0.6228086315669864,-1.6919505688628802,-0.18316383062514885,0.8082682224908647,1,0,0,0,0,0,1,0,0,0,0,0,1,0,0,0,0,0,1,0,0,0,1,0,1
1.005777154037136,-0.5381171355881386,-0.9307918438829665,-0.9354281856992906,0.17065754695006513,-0.16504394557382454,-1.3908809482488527,1,0,0,0,1,0,0,0,0,0,0,0,1,0,0,0,0,0,1,1,0,0,0,0,1
-0.5413751777379702,-0.996395415386566,-1.087830484436807,1.5529846562933165,-0.20013337382082716,0.023066613670335818,0.7247562286653058,0,0,0,1,0,0,0,1,0,0,0,0,0,1,0,0,0,0,1,0,0,0,1,0,0
0.3413559072625506,0.30399517891341526,0.5802619562674404,-1.6641345948549502,0.33783236562212987,-0.15663781333351948,1.526819336031611,0,0,1,0,0,0,1,0,0,0,0,1,0,0,0,0,0,0,1,0,0,0,0,1,1
-0.8830775332220427,-0.3385128871660556,-0.31854804775270423,-1.3493666908715924,1.1435053574859124,-0.1261889343297477,0.3889684201583711,0,0,0,1,0,0,1,0,1,0,0,0,0,0,0,1,0,0,0,0,0,0,0,1,1
1.1861200638759521,0.6867026897751989,1.5167212329614286,0.18698065906391054,-0.837011168279283,-0.14617684876780646,-1.577043101151661,1,0,0,0,1,0,0,0,0,0,0,0,1,0,0,0,0,1,0,1,0,0,0,0,1
-0.19018109015711784,-1.3001177670803272,-1.672335615116584,-1.7043295275520765,1.1969433795402948,2.206979769701596,-0.4078751875938366,0,0,1,0,0,0,1,0,1,0,0,0,0,0,0,0,0,1,0,0,0,0,1,0,0
0.25593031839153246,-0.4077907139769489,0.5773791213200752,0.4691075056328777,-1.3287788757526449,-0.06024749697802121,0.3750497545207779,0,0,1,0,0,0,1,0,0,0,0,0,0,1,0,1,0,0,0,0,0,1,0,0,1
-1.1203708356415376,-0.11342997260804445,1.6846153333409932,-0.7124156108383385,1.2886154444710065,-0.012799550554965853,1.5389981684645049,0,0,0,1,0,0,1,0,0,0,0,0,1,0,0,1,0,0,0,0,0,1,0,0,1
0.9298432972628978,-0.3600139011499339,-0.03862339501667994,-1.1330070703880957,-0.239091415705635,-0.12039804323087089,-1.6831729266383086,0,0,0,1,0,0,0,1,0,0,0,1,0,0,1,0,0,0,0,0,0,0,0,1,1
1.29052911694053,-0.38517735013879056,0.05222038949694261,-0.09001786850576811,-0.04761091603464143,-0.09480604063260875,-1.6187990980644404,0,0,1,0,0,0,1,0,0,1,0,0,0,0,0,0,0,1,0,0,1,0,0,0,1
-1.5569905120934082,-0.776785508615735,-1.1390111498540247,0.771886231415196,1.4525150295332865,-0.07444452031720313,0.5664314070376838,1,0,0,0,0,0,1,0,0,0,0,0,0,1,0,0,1,0,0,0,0,0,0,1,0
-1.7088582256418847,0.9365204442784922,0.2508463380235391,-1.6466705896141298,0.9395789700977369,-0.20315174506320757,0.1627901035474824,0,0,0,1,0,1,0,0,0,0,0,0,0,1,0,0,1,0,0,1,0,0,0,0,1
-0.503408249350851,-0.15481123596817994,-0.5062219821730426,-1.0457563457920924,-0.14404068873535605,-0.1826034218091285,0.957893878094991,0,0,0,1,0,0,0,1,0,0,0,0,0,1,0,0,0,0,1,0,1,0,0,0,1
0.7020417269401827,-0.8350042360859187,-0.3342174281364691,0.851236572687971,1.4534114092580697,0.09181009510216404,0.3419929236314942,0,1,0,0,0,0,1,0,0,0,0,1,0,0,0,1,0,0,0,0,0,1,0,0,0
-1.4430897269320506,-1.2235052100945643,-1.6117340106130007,0.3011204076021294,-0.3288672927569975,0.18782680558031548,0.07405861010782609,0,1,0,0,0,0,0,1,0,0,0,0,0,1,1,0,0,0,0,1,0,0,0,0,0
0.7400086553273019,1.2103122653779772,1.6398762177822421,-0.03506169328366274,-0.9201331496812933,-0.1741972895688234,-0.7941181590370465,0,0,0,1,0,0,1,0,0,0,0,1,0,0,0,0,0,0,1,0,0,1,0,0,1
-1.00647005048018,-1.2365841025917295,-1.6273620105908224,-0.2433130256196358,-1.3015082464332794,-0.00028375366384493235,-0.7610613281477627,1,0,0,0,0,1,0,0,0,0,1,0,0,0,0,0,0,1,0,0,1,0,0,0,0
-1.1298625677383174,1.0325421196357496,1.0797372494685924,1.0529735538626857,-0.40998965784987607,-0.17755974246494546,-1.1629627984332649,0,0,0,1,0,0,0,1,0,0,0,0,0,1,0,0,0,0,1,0,0,1,0,0,1
0.6261078701659444,-0.8968151448860734,-1.3534513101851868,1.1082762371252834,-1.6330653161732769,-0.16915361022464037,-0.3643793574763581,1,0,0,0,0,0,1,0,0,0,0,1,0,0,0,1,0,0,0,0,0,1,0,0,0
1.613248008231043,-0.3715798745932171,-0.7687254840070467,1.6222169627837115,-1.5403244908014775,-0.18129580123841438,0.7212765622559074,0,0,0,1,1,0,0,0,0,0,0,0,1,0,0,0,0,1,0,0,1,0,0,0,1
-1.5190235837062889,-1.2595299388655576,-1.5948232180509445,-0.8396533633071727,-0.38875235360116667,0.32475335962795154,-0.49138718141939547,0,1,0,0,1,0,0,0,0,0,1,0,0,0,0,0,1,0,0,0,0,1,0,0,0
-0.4274743925766127,-0.9335738396827995,-0.9706549682747626,-0.1469144887546313,-1.4322762578218424,-0.09293801124587428,-0.17473753816415144,1,0,0,0,0,1,0,0,0,0,1,0,0,0,0,0,1,0,0,1,0,0,0,0,0
-1.1678294961254365,1.3930996944102993,0.47705232711117246,-0.08197888196634286,-0.507281334132113,-0.2156675419543285,0.5786102394705778,0,1,0,0,0,1,0,0,1,0,0,0,0,0,0,0,1,0,0,0,0,0,1,0,1
0.4172897640367889,-0.28936212198440514,1.6044407968263514,-0.9575353986827101,-0.8756244487314819,-0.008129477088129692,-0.09644504395268998,0,0,0,1,1,0,0,0,1,0,0,0,0,0,0,0,0,0,1,0,0,0,1,0,1
-0.46544132096373186,-0.5103829567282964,0.8977255339281267,-1.1553914898039093,1.0126683938108278,0.034087987052069176,0.909178548363415,1,0,0,0,0,0,1,0,1,0,0,0,0,0,1,0,0,0,0,0,1,0,0,0,1
-1.6424161009644263,-0.9241074651057389,-1.0098422127028224,-1.2385534195221013,1.4151084140952188,-0.008876688842823447,0.7334553946888015,0,1,0,0,0,0,1,0,0,0,0,0,1,0,0,0,1,0,0,0,0,0,0,1,0
1.556297615650364,0.23224614827113,-0.1811099261472176,-0.0944531714240717,0.024133938091274593,-0.18615267764392396,-1.6292380972926355,0,0,0,1,1,0,0,0,0,0,0,0,0,1,0,0,1,0,0,0,1,0,0,0,1
0.6261078701659444,-0.7073619362422172,0.022902371886298102,1.1601831415910553,0.14935129041483394,0.02867070183053921,1.418949677340264,0,0,0,1,0,1,0,0,0,0,0,1,0,0,0,1,0,0,0,0,0,1,0,0,0
1.005777154037136,-0.6998491068386012,-0.9610685075646248,-1.275699081462894,0.21058092084617794,-0.13870473122086863,0.8900403831117244,1,0,0,0,0,0,0,1,0,0,1,0,0,0,0,0,1,0,0,0,0,0,0,1,1
-1.4430897269320506,-0.15094759197293997,-0.5540163510372549,-0.5948800835032935,0.8796249569670459,-0.16859320140862002,-1.1786212972755572,0,0,0,1,1,0,0,0,0,0,1,0,0,0,0,0,0,0,1,0,0,1,0,0,1
-0.04780510870542095,-0.9299351306996438,-1.3906867787995998,1.310290424732392,0.48639006693331305,-0.07164247623710142,-1.3717427829971622,1,0,0,0,0,1,0,0,0,0,0,0,1,0,1,0,0,0,0,0,0,0,1,0,0
1.110186207101714,2.290884965053488,1.6758357905467447,0.3424241660288315,0.6628734442858186,-0.2012837156764731,1.36675468119929,1,0,0,0,0,0,1,0,0,1,0,0,0,0,0,0,0,0,1,0,0,0,1,0,1
1.375954705811548,-0.04735885630504356,-0.6367288857830699,-0.46674141012917897,-0.8216003322416644,-0.20576698620463585,1.3789335136321839,1,0,0,0,0,0,0,1,1,0,0,0,0,0,1,0,0,0,0,0,0,0,0,1,1
-0.503408249350851,-0.92388561139519,-1.38601768966236,-0.0697124973329095,-0.684557662779619,-0.1523413457440302,0.5142364108967094,1,0,0,0,1,0,0,0,1,0,0,0,0,0,1,0,0,0,0,0,0,0,1,0,0
-1.7088582256418847,-1.0227528687203906,-0.740579911231455,0.1711105908093555,0.17513944557398106,0.13122551516226122,-1.7144899243228933,0,1,0,0,0,1,0,0,0,1,0,0,0,0,0,1,0,0,0,0,1,0,0,0,0
1.2715456527469704,-1.25912105015181,-1.539835555286967,-1.3341896386980225,1.548668993087914,0.8573285377859469,0.6708213993196324,1,0,0,0,0,0,0,1,0,1,0,0,0,0,0,0,1,0,0,0,0,0,1,0,0
0.8064507800047604,-1.2109791030928498,-1.597864677887758,-1.6714805653133904,-0.5230024554590798,-0.03652352376649351,-0.9768006455304566,0,0,0,1,0,0,0,1,0,0,1,0,0,0,0,0,0,1,0,0,0,0,1,0,0
-0.6173090345122085,-0.8104746108228941,-1.2165097534510165,1.510364167312743,-0.3648603863213686,-0.12002443735352399,-0.8793699860673045,1,0,0,0,0,0,0,1,0,0,1,0,0,0,0,0,0,0,1,1,0,0,0,0,0
-0.9969783183834003,-0.8969920115942054,-1.2408000517395816,1.3607419954280955,1.363118390057794,-0.02382092393669916,-1.2238569605977347,1,0,0,0,0,1,0,0,0,0,0,1,0,0,1,0,0,0,0,0,0,1,0,0,0
-1.0824039072544185,-0.8450634530783905,0.08084183694087926,0.20416745787233692,-0.7998458858440416,0.08246994816849178,0.009684781533957777,0,1,0,0,0,0,1,0,0,0,0,0,0,1,0,0,1,0,0,0,0,0,0,1,0
0.8064507800047604,-0.7434362739679307,0.8903391314672939,-1.6582439581665782,1.384148837446938,0.16952011759031768,0.46900074757453175,0,0,0,1,0,0,1,0,0,0,0,0,0,1,0,0,1,0,0,1,0,0,0,0,0
-1.0918956393511983,-0.7721647888332469,-0.46511744560295526,-0.22356206731156514,0.03182211803845348,-0.032040253238330825,-0.8967683181142959,0,1,0,0,0,0,0,1,0,0,1,0,0,0,1,0,0,0,0,0,1,0,0,0,0
-0.17119762596355828,-1.1028562322156101,-1.2052887667061287,0.56744648752464,-1.2841667463730508,0.012792452043296317,-0.4583303505301118,0,1,0,0,0,0,1,0,0,0,0,0,1,0,0,0,1,0,0,0,0,0,0,1,0
-0.9020609974156024,2.247967981008108,1.3798279533675253,1.0924061688707285,0.5446202729009595,-0.20595378914330928,0.1262536062488004,0,0,1,0,1,0,0,0,0,0,0,0,0,1,0,0,0,0,1,0,0,0,1,0,1
-1.5569905120934082,0.05312515993578227,0.6726919896755462,-0.14629077428174486,-0.8533528601849458,-0.1310458107352573,-0.6218746717718312,0,0,1,0,0,0,0,1,1,0,0,0,0,0,1,0,0,0,0,0,0,0,1,0,1
-0.24713148273779662,-0.9375006503595152,-1.3349749589316189,-0.6288378714715553,1.4469643704682829,-0.05520381763383815,-0.6044763397248398,0,1,0,0,0,0,1,0,0,0,0,0,0,1,1,0,0,0,0,0,0,0,1,0,0
-0.8071436764478044,-0.5219658773300243,-0.9150741863589348,-1.263779204869953,-0.5234161691782104,-0.1839110423798426,-0.5261838455133784,0,0,0,1,1,0,0,0,0,0,0,0,0,1,0,0,1,0,0,0,1,0,0,0,1
-1.5285153158030687,-0.6106922631720649,1.4845686575436856,-0.4542671206714501,-1.4223471285627056,0.10058983321981603,-0.35568019145286234,0,1,0,0,1,0,0,0,0,0,0,1,0,0,1,0,0,0,0,0,0,0,0,1,1
-1.291222013383574,-0.9816809680344094,-0.1761649676370242,0.7187318980036514,-1.3385356242954773,0.1573779265765437,0.6116670703598615,0,1,0,0,0,0,0,1,0,0,0,0,0,1,0,0,0,0,1,0,0,0,0,1,0
-0.6647676949961075,0.694139719161044,1.5286112029357288,1.0119470018683776,-0.09246437841706177,-0.13664989889546073,-0.8410936555639233,0,0,1,0,1,0,0,0,0,1,0,0,0,0,0,0,0,1,0,1,0,0,0,0,1
1.29052911694053,1.4416372805864048,0.4397203042162257,0.43542692409700984,1.4065928067097786,-0.20501977444994204,0.0584001112655338,0,0,0,1,0,1,0,0,1,0,0,0,0,0,0,0,0,0,1,0,0,0,0,1,1
-0.6932428912864469,0.9827689315439481,0.8854493468316912,-1.5754285364888785,-0.6316023067308891,-0.1930643863748415,1.6207703290853648,0,0,1,0,0,0,0,1,0,0,1,0,0,0,0,0,1,0,0,0,0,0,0,1,1
0.03762048016559719,1.0355923000256435,0.2610190211512034,0.35157197829783265,0.39640733302238523,-0.20333854800188103,-0.5592406764026621,0,1,0,0,0,1,0,0,0,0,0,0,1,0,0,0,0,1,0,1,0,0,0,0,1
-1.4335979948352708,1.0221233147540965,0.9294918922237345,1.2377316410532695,-1.1992520055214742,-0.18727349527596465,1.382413180041582,0,1,0,0,0,0,0,1,0,0,0,1,0,0,0,1,0,0,0,0,0,1,0,0,1
-1.1678294961254365,-1.2907370526859507,-1.6478660017355993,-0.873126040018745,-0.7114835306663757,0.637648281905974,1.516380336803416,0,0,1,0,0,0,1,0,0,1,0,0,0,0,0,1,0,0,0,0,1,0,0,0,0
-1.651907833061206,0.6599939680663384,0.15485758970433183,1.2213071599339265,0.11773666704459607,-0.18914152466269912,0.28109876146702417,0,1,0,0,0,1,0,0,0,1,0,0,0,0,0,0,0,0,1,1,0,0,0,0,1
1.2335787243598513,-0.4827507689492761,0.9860795973508429,-1.5402233195748438,-0.39909519657943426,8.985221350197084e-05,1.6486076603605508,0,0,1,0,1,0,0,0,0,0,0,0,1,0,0,0,0,1,0,0,0,0,1,0,1
0.7779755837144211,1.8102727954661633,1.4930309505590376,1.538015508944042,-0.985293060444379,-0.19736085396433076,-0.0494695474258131,0,0,0,1,1,0,0,0,0,0,1,0,0,0,0,0,0,1,0,0,0,0,1,0,1
-1.243763352899675,-0.9239065642456308,0.0824625695069817,1.5231156632028657,1.5253286441002902,0.2834699101811199,-1.6762135938195122,0,0,0,1,0,0,0,1,0,0,0,1,0,0,0,0,0,1,0,0,0,0,1,0,0
0.692549994843403,1.73092373458681,0.7471008562954576,-0.24164978702527196,-1.5841436688860713,-0.22332646243993978,0.521195743715506,0,0,1,0,0,1,0,0,0,0,0,0,0,1,0,0,0,0,1,0,1,0,0,0,1
0.7305169232305221,-0.6431322057367723,1.3393510196209073,0.6378569213527094,1.2576903439659863,0.18110189978807142,0.14887143790988927,0,0,1,0,1,0,0,0,0,1,0,0,0,0,0,0,0,0,1,0,0,0,0,1,1
0.7779755837144211,-0.4255306913067161,-0.9502268412075481,1.1113255078816173,-0.15207363011514385,-0.1700876249180076,-0.8671911536344105,0,1,0,0,0,0,0,1,1,0,0,0,0,0,1,0,0,0,0,0,1,0,0,0,1
-0.14272242967321888,-0.7101421946176101,-0.8886321069613317,-0.7213555182830442,-0.08974076309945132,-0.12674934314576808,-0.04598988101641481,1,0,0,0,0,0,1,0,0,0,0,0,0,1,0,0,1,0,0,0,1,0,0,0,0
1.5847728119407036,-0.5822407573147814,1.061281588417996,-0.34955239083462636,-0.6615965513678651,0.05575712793818894,-0.5209643458992809,1,0,0,0,1,0,0,0,0,1,0,0,0,0,0,0,1,0,0,0,1,0,0,0,1
0.9583184935532372,-0.3215866815717879,0.7917641077766465,1.040083454756366,-1.5285336498062525,-0.061181511671388446,-0.9385243150270755,0,1,0,0,1,0,0,0,0,0,0,1,0,0,0,0,1,0,0,0,1,0,0,0,1
0.1610129974237345,-0.8765854759157017,-0.27320891630777905,1.4506261811318415,0.2378515501655434,0.10507310374797876,0.9352760464339022,0,1,0,0,0,0,0,1,0,0,1,0,0,0,1,0,0,0,0,0,0,0,0,1,0
0.1325378011333951,-0.7319217582602887,-0.9603443504606216,-1.1485999322102567,0.2259917568837966,-0.12787016077780874,1.445047175410751,0,1,0,0,0,1,0,0,1,0,0,0,0,0,0,0,0,0,1,0,0,1,0,0,0
-0.6647676949961075,-0.8256327655961484,-0.4617725294558928,0.5442304488116447,0.4575680111672074,0.02418743130237653,1.492022671937628,1,0,0,0,0,0,1,0,1,0,0,0,0,0,1,0,0,0,0,0,0,1,0,0,0
-0.5603586419315298,-0.5459719894621841,0.7839294175847641,-1.6965677474450451,-0.16203723551754162,0.005880743312378789,1.672965325226339,0,1,0,0,0,1,0,0,0,0,1,0,0,0,0,0,0,1,0,0,1,0,0,0,1
1.1576448675856128,-0.3641742744830331,-0.8359548501958405,-1.7042602259439779,-1.3598763569739694,-0.21379951256759402,-1.0742313049936085,1,0,0,0,0,0,0,1,1,0,0,0,0,0,0,1,0,0,0,1,0,0,0,0,1
0.21796339000441325,0.3016201116899278,-0.44015816408497777,-0.34678032651068663,-0.8031211194538264,-0.21398631550626745,-0.3661191906810572,1,0,0,0,0,0,1,0,0,0,0,1,0,0,1,0,0,0,0,0,0,1,0,0,1
-0.21865628644745724,2.2723342972897567,1.179891625319399,-1.6779949164746488,0.06719464102412856,-0.2197772066051443,-1.0115973096244393,0,0,0,1,0,0,1,0,0,0,0,1,0,0,1,0,0,0,0,0,0,1,0,0,1
-1.1108791035447578,-1.3126885529543049,-1.6635974527282786,-0.9486647928461029,-1.0986161433429307,2.2239788371208795,-0.8550123212015165,0,0,1,0,0,0,0,1,0,1,0,0,0,0,0,0,0,1,0,0,0,0,0,1,0
-0.2566232148345764,-1.2502228675778773,-1.617285881743692,0.6510935284995217,-0.16958751089167695,0.444680846256304,1.213649359185765,1,0,0,0,0,1,0,0,0,0,0,0,0,1,0,0,0,0,1,0,0,0,0,1,0
0.8349259762950998,-0.8631845874080869,-0.9611650618451586,-0.8488704771842722,0.16589983918006204,-0.07668615558128446,1.0779423692192318,0,0,1,0,0,0,0,1,0,0,1,0,0,0,0,0,0,0,1,0,0,1,0,0,0
-0.07628030499576033,-0.08689442004547354,-0.06805176037650588,0.3333456553679289,-1.3545325547685312,-0.1661647632058652,-1.4552547768227209,0,0,0,1,1,0,0,0,0,0,0,1,0,0,0,0,1,0,0,0,0,0,0,1,1
0.03762048016559719,0.5196862863915226,0.02400584937811253,-0.028131532473813385,0.702624437465627,-0.1874602982146381,0.5229355769202051,0,0,1,0,0,0,0,1,0,1,0,0,0,0,0,1,0,0,0,0,1,0,0,0,1
-1.00647005048018,0.17111158515799588,0.16255434520973744,1.1198496056777318,0.6927987366362728,-0.14823168109321438,1.358055515175794,0,1,0,0,1,0,0,0,0,0,0,1,0,0,1,0,0,0,0,0,0,1,0,0,1
0.26542205048831224,-0.4900402039915755,1.4052286258822284,-0.7885780781385829,-0.6150192818224002,0.04809820745257766,-0.21301386866753258,1,0,0,0,1,0,0,0,0,0,0,0,1,0,0,0,1,0,0,1,0,0,0,0,1
0.7115334590369625,-0.31917587125048974,-0.8301409031608433,0.6125618343967593,1.513917040680935,-0.14972610460260194,0.31763525876570614,0,0,0,1,1,0,0,0,0,0,0,0,0,1,0,0,0,0,1,0,0,1,0,0,1
0.550174013391706,0.06622038333108524,1.4114012031020655,0.43258555816497163,0.7025210090358444,-0.06603838807689803,-0.6827688339363013,1,0,0,0,1,0,0,0,0,0,1,0,0,0,0,0,0,0,1,0,0,0,0,1,1
0.3508476393593304,-0.6907013388403012,1.1264074506380186,-1.5447972257093443,1.4768207105322153,0.1657840588168488,1.1423161977931002,1,0,0,0,0,1,0,0,1,0,0,0,0,0,0,0,0,0,1,0,0,1,0,0,1
-1.4810566553191697,-0.6227004033856783,0.0429097981597584,-1.505988325174188,-0.04099149652855019,-0.04455605012945169,-0.14690020688896516,0,0,0,1,0,0,0,1,0,0,1,0,0,0,0,0,0,1,0,0,0,0,1,0,1
0.6166161380691646,1.9878180061963064,1.3931938244871274,-1.6567193227884114,0.28956576505688125,-0.20670100089800308,-0.30696486172128634,0,0,1,0,0,0,1,0,0,0,1,0,0,0,0,0,0,1,0,1,0,0,0,0,1
0.14202953323017492,0.24680622241636285,-0.23048364717158928,1.0362025647028503,0.7818850908224174,-0.175691713078211,-1.2777917899434084,0,0,1,0,0,0,1,0,0,0,1,0,0,0,0,1,0,0,0,0,0,1,0,0,1
0.8918763688757786,0.3376439160704606,-0.07854169328306677,-0.5379834632544302,1.1610537144057065,-0.1786805600969861,1.0274872062829568,1,0,0,0,1,0,0,0,0,1,0,0,0,0,0,0,1,0,0,1,0,0,0,0,1
-0.921044461609162,1.5498880254773637,0.6873613435823542,-0.7404134605101299,-0.7476145288037903,-0.21716196546371605,-0.8654513204297113,1,0,0,0,0,1,0,0,0,1,0,0,0,0,1,0,0,0,0,0,0,0,1,0,1
0.7400086553273019,-1.0514326990214475,-1.4690888545930147,-1.1416697714004074,-1.5165014758082014,-0.1951192187002494,-0.24781053276151543,0,0,0,1,0,1,0,0,0,0,0,0,1,0,0,0,1,0,0,0,0,1,0,0,0
0.43627322823034853,-1.1657132428870336,-0.9999867793540548,-1.0795755305441572,0.5750971835435879,0.36099312973060016,-0.19909520302993944,0,0,1,0,0,0,1,0,0,0,1,0,0,0,0,0,1,0,0,0,0,1,0,0,0
-0.7407015517703459,-0.22737527086657897,-0.4688554756064766,-1.1765284802739497,-1.5410484898099563,-0.19455880988422905,-1.1020686362687948,0,1,0,0,0,1,0,0,0,0,0,0,0,1,1,0,0,0,0,0,0,0,0,1,1
0.14202953323017492,-0.6840032055626453,-0.39726047659069197,1.6791828846406733,-1.6063463051460856,-0.07762017027465169,0.5472932417859931,0,0,1,0,0,0,0,1,0,1,0,0,0,0,0,0,0,1,0,0,0,0,0,1,1
-1.3196972096739132,-1.283488907084226,-1.5742847432345486,1.601634385178459,0.3344881797258234,1.653669465350848,-0.8776301528626054,0,0,1,0,0,0,0,1,0,0,0,1,0,0,0,1,0,0,0,0,0,1,0,0,0
-1.6708912972547656,-0.7810081242398492,-1.2277169467272568,-1.4744560934893733,-1.2636189649895593,-0.20501977444994204,-1.6883924262524062,0,0,1,0,1,0,0,0,0,1,0,0,0,0,1,0,0,0,0,0,1,0,0,0,0
0.8823846367789988,1.341763670179742,1.4440089629851818,-1.0635668590734053,0.15183357272961814,-0.18279022474780193,-1.5979210996080508,0,1,0,0,0,0,1,0,1,0,0,0,0,0,0,0,1,0,0,0,0,0,0,1,1
-0.2661149469313562,0.03660999996633714,1.6825807967154605,-0.7995277322181449,0.3608624293204057,-0.05613783232720538,-0.08948571113389339,1,0,0,0,0,0,1,0,0,1,0,0,0,0,0,1,0,0,0,1,0,0,0,0,1
0.05660394435915678,-0.7288497006294934,-0.037216461214616546,0.7252462491649098,1.5452903310483466,0.06509727487186126,-1.1368653003627778,0,0,0,1,1,0,0,0,0,0,1,0,0,0,1,0,0,0,0,0,0,0,1,0,0
-0.873585801125263,-1.0649118525880614,-1.283677049030896,0.8619783219432375,-0.8029487387375218,-0.017469624021802015,1.563355833330293,0,1,0,0,0,1,0,0,0,0,0,0,0,1,0,0,1,0,0,0,0,1,0,0,0
0.8634011725854392,0.23105522522769728,0.7882536700058119,-1.5199872500100837,-0.3371070909963506,-0.14542963701311268,0.43942358309464624,1,0,0,0,1,0,0,0,0,1,0,0,0,0,0,0,1,0,0,0,0,0,0,1,1
-0.09526376918931992,1.811859665756895,0.8117991209874021,-1.0366778351311898,0.35248472650800894,-0.21529393607698158,0.5525127414000905,1,0,0,0,0,0,0,1,0,0,0,1,0,0,0,0,1,0,0,0,0,1,0,0,1
-1.1298625677383174,1.131971714491161,1.0524261815461853,0.19966285334593484,0.0708491122097831,-0.18279022474780193,0.496838078849718,0,0,0,1,1,0,0,0,0,0,0,0,1,0,0,0,1,0,0,0,0,1,0,0,1
-0.028821644511861366,-0.6192071318349935,-1.0381326168992147,1.686320950274818,1.415970317676741,-0.1019045523021997,0.2637004294200327,0,0,1,0,0,0,0,1,0,0,0,1,0,0,1,0,0,0,0,0,0,0,1,0,1
-0.5508669098347501,-0.6028364849075588,1.5197351058609467,-0.8901049340028759,-0.508212190000157,0.11646808300705898,-0.14342054047956684,0,0,0,1,0,0,0,1,0,0,1,0,0,0,0,1,0,0,0,0,1,0,0,0,1
1.3095125811340895,-0.7605975828693495,0.8135164078340383,0.2281458142744157,1.6520974228705896,0.20818832589572106,0.5281550765343026,1,0,0,0,0,0,0,1,0,0,0,0,0,1,0,1,0,0,0,0,0,1,0,0,0
-0.17119762596355828,-0.8850723047346581,-1.1189485497059737,-0.04677366505230814,-1.0057374133980879,-0.12562852551372738,-0.9924591443727487,1,0,0,0,0,0,1,0,1,0,0,0,0,0,0,0,1,0,0,0,0,0,0,1,0
1.5847728119407036,0.5621315231718322,0.13991926315889405,-0.8746506753969119,1.6409271524540607,-0.18017498360637368,0.413326085024159,0,1,0,0,0,0,0,1,0,1,0,0,0,0,0,0,1,0,0,0,0,0,1,0,1
-0.057296840802200745,-1.2187963650881635,-1.5026552605471446,0.1864262461991226,1.5293968290050755,0.5513453242388419,-0.3974361883656418,1,0,0,0,0,1,0,0,0,0,1,0,0,0,0,1,0,0,0,0,0,1,0,0,0
-0.7217180875767862,-0.5648437288459043,1.126179858405332,-1.0370936447797807,0.9260643219394673,0.08246994816849178,-0.8323944895404276,1,0,0,0,1,0,0,0,0,0,1,0,0,0,0,0,0,0,1,1,0,0,0,0,1
-0.5413751777379702,0.8566605036045695,0.25706029564931915,-1.4910191778249133,1.1311284220552522,-0.19736085396433076,-0.5261838455133784,1,0,0,0,0,1,0,0,0,0,0,1,0,0,0,0,0,0,1,0,1,0,0,0,1
1.2715456527469704,-1.292099296094752,-1.6130857705404733,-1.6888752689461124,-1.4615465034503397,0.10115024203583636,-0.28434703006019746,0,1,0,0,0,0,1,0,0,0,0,0,1,0,1,0,0,0,0,0,1,0,0,0,0
1.0152688861339159,-0.7094868017810302,-0.17292350250481933,0.18032770468645515,-0.18999738770212493,-0.01971125928588338,0.872642051064733,0,0,0,1,1,0,0,0,0,0,0,1,0,0,0,0,0,1,0,0,0,0,1,0,0
-1.148846031931877,0.5872715542690198,0.44283762813060146,1.6655997694533684,1.1413678366037372,-0.16168149267770252,-1.2951901219903998,0,0,0,1,0,0,0,1,0,0,0,0,1,0,0,1,0,0,0,0,1,0,0,0,1
1.375954705811548,-0.7317720070056681,-1.2040956316681042,0.701960908843816,0.313561160766462,-0.13384785481535902,1.5007218379611238,0,1,0,0,1,0,0,0,0,0,0,0,1,0,0,0,0,1,0,0,0,1,0,0,0
0.33186417516577077,-0.8080120346358012,-1.2672973050117755,1.3880468290189019,-0.4732878568768736,-0.1345950665700528,0.8743818842694321,1,0,0,0,0,0,0,1,0,0,0,0,0,1,0,1,0,0,0,0,1,0,0,0,0
0.7020417269401827,-0.5893862955753776,-0.9129430954528682,-1.5154826454836816,-0.9854654411606835,-0.1867130864599443,0.12103410663470297,1,0,0,0,0,0,0,1,0,0,0,0,0,1,0,0,0,1,0,0,0,0,0,1,1
0.42678149613356875,2.163624130339869,1.3072191344061361,1.536906683214466,-1.696501419773318,-0.21510713313830815,-0.703646832392691,0,0,1,0,1,0,0,0,0,0,1,0,0,0,0,0,0,1,0,1,0,0,0,0,1
1.3474795095212087,-1.1228249149459333,-1.4157288211294634,1.5591524994140824,1.0178398152999615,0.19137606141511088,1.5964126642195768,0,0,1,0,1,0,0,0,0,0,1,0,0,0,0,0,1,0,0,1,0,0,0,0,0
-1.2627468170932346,0.0957491122051452,1.1893608415460315,0.8425045700675609,0.6881444572960524,-0.08154303198679408,1.5911931646054793,0,1,0,0,0,1,0,0,0,1,0,0,0,0,1,0,0,0,0,0,1,0,0,0,1
-1.1773212282222163,-1.0156627938874316,-1.3331059439298583,0.5214995213553388,0.1434903460604823,-0.03334787380904491,-1.4482954440039244,0,0,1,0,1,0,0,0,0,1,0,0,0,0,0,0,0,0,1,1,0,0,0,0,0
-1.148846031931877,-0.387621438516671,-0.8221544848138364,0.8646810846590788,1.350638026197351,-0.13907833709821552,0.6012280711316665,0,0,1,0,0,0,0,1,0,0,0,0,1,0,0,1,0,0,0,0,1,0,0,0,1
-1.1393542998350972,-0.516568669560615,-0.05656869772731203,-1.6365525548317497,-0.7841247645170749,-0.1047065963823014,-1.422197945933437,1,0,0,0,0,1,0,0,0,0,0,0,1,0,1,0,0,0,0,0,0,0,0,1,1
1.2051035280695117,-0.4732736098168416,-0.6387220420026597,-0.2143449534344655,-1.3363636272700412,-0.16878000434729346,0.17322910277567727,1,0,0,0,1,0,0,0,0,0,1,0,0,0,0,1,0,0,0,0,0,0,0,1,1
-0.17119762596355828,-1.2766262323045796,-1.6268102718449151,-0.0740091970350161,-0.40799004154074436,0.6445599906368915,0.7177968958465092,1,0,0,0,1,0,0,0,0,0,0,0,1,0,0,0,0,1,0,0,1,0,0,0,0
1.6796901329085014,-0.8748923007219985,-0.9798827988000608,-1.2509584073717317,-0.06205642006095513,-0.09050957304311949,1.1736331954776849,1,0,0,0,0,0,0,1,0,0,0,1,0,0,0,0,1,0,0,0,1,0,0,0,0
-0.9115527295123822,-0.6296502789987765,-0.28666444497359117,-0.9193502126204401,-0.1956514751969112,-0.07855418496801893,-0.2565096987850112,1,0,0,0,1,0,0,0,0,0,0,0,1,0,0,0,0,0,1,0,0,0,1,0,1
-0.8830775332220427,-0.08982905162778997,-0.44010988694471087,0.990948614614534,0.4454324087393735,-0.16224190149372286,1.3650148479945907,0,1,0,0,0,1,0,0,1,0,0,0,0,0,0,1,0,0,0,1,0,0,0,0,1
-0.0003464482215219856,0.2008011579722038,-0.21171073634209636,-0.1542604592130716,0.16400365130071298,-0.18447145119586295,0.28457842787642246,1,0,0,0,0,0,0,1,0,1,0,0,0,0,0,1,0,0,0,0,0,0,0,1,1
-0.33255707160881476,1.9014947274217255,1.3126882447249413,0.11435257377668931,1.149745539416134,-0.19736085396433076,-0.9159064833659866,0,0,0,1,0,1,0,0,1,0,0,0,0,0,1,0,0,0,0,0,0,0,0,1,1
-0.9305361937059418,-0.2515067919712296,1.2983016569254107,0.8522760968094484,-1.6759536383898264,-0.04063318841730934,-0.5209643458992809,0,1,0,0,0,0,0,1,0,0,0,0,1,0,0,1,0,0,0,0,1,0,0,0,1
0.9488267614564574,-0.23315702506760638,-0.17116483525224008,-0.3404045785656252,-0.5294839703921274,-0.14935249872525508,0.20454610046026186,0,0,0,1,0,0,1,0,0,0,0,1,0,0,1,0,0,0,0,0,0,1,0,0,1
0.36983110355288995,-0.47712646925670765,-0.8714385482919982,0.03514083572011121,0.17903524976246185,-0.15869264565892735,-1.3526046177454716,1,0,0,0,1,0,0,0,0,0,0,0,0,1,0,0,0,1,0,0,0,0,1,0,1
-1.4430897269320506,0.7589592107803648,0.4234371144776391,-0.2862107210326033,-1.5579073238645325,-0.20296494212453414,-0.10862387638558398,1,0,0,0,1,0,0,0,1,0,0,0,0,0,0,0,1,0,0,0,0,1,0,0,1
-0.503408249350851,-0.8615712179241507,-0.8363548607866232,0.3862227823470794,0.20116893373595446,-0.031106238544963593,-1.3299867860843826,0,0,1,0,0,1,0,0,1,0,0,0,0,0,1,0,0,0,0,0,1,0,0,0,0
-0.6362924987057682,-0.9460358556125774,-0.4952768648011083,1.2568588848884537,0.07888205358957091,0.11833611239379345,0.29153776069521903,0,0,1,0,0,0,1,0,1,0,0,0,0,0,0,0,0,0,1,0,0,1,0,0,0
0.08507914064949616,-0.9208625464588076,-1.266242104660228,-1.682499521001051,1.709396772970192,-0.06174192048740877,-1.4500352772086236,0,1,0,0,1,0,0,0,0,0,0,0,0,1,0,0,0,0,1,1,0,0,0,0,0
-1.6234326367708667,-0.26515819029367255,-0.21593153774828655,0.9019653498160682,0.6104007542427412,-0.12058484616954435,1.6642661592028432,0,1,0,0,1,0,0,0,0,1,0,0,0,0,0,0,1,0,0,0,1,0,0,0,1
1.4898554909729056,2.01256948516988,1.1771812087301299,0.6817941408871544,-1.0128050227665708,-0.21342590669024714,1.4781040063000348,0,1,0,0,1,0,0,0,0,0,1,0,0,0,0,0,0,0,1,1,0,0,0,0,1
0.009145283875257808,0.1517520757412216,-0.2594430345973941,-0.2113649842862303,1.4282093485343577,-0.16934041316331383,1.6346889947229577,0,0,0,1,0,0,1,0,0,0,0,1,0,0,0,0,0,1,0,0,0,0,1,0,1
-0.7596850159639055,-0.5815631791071466,-0.9046049436553455,-1.2884505773530168,-1.1134408849451143,-0.18727349527596465,0.6812603985478273,0,0,0,1,0,0,1,0,1,0,0,0,0,0,0,0,1,0,0,0,0,0,1,0,1
-0.598325570318649,0.6201983424763206,0.4796868796228794,1.2179113811371003,0.6526340297373338,-0.1684063984699466,0.8256665545378561,0,1,0,0,0,1,0,0,0,0,0,1,0,0,1,0,0,0,0,1,0,0,0,0,1
-0.14272242967321888,1.1473967099773812,1.0696887075587571,-0.7941222067864624,1.7141889568834558,-0.17513130426219065,1.3597953483804932,0,1,0,0,1,0,0,0,0,0,1,0,0,0,0,0,0,0,1,0,0,1,0,0,1
-0.39899919628627334,1.6696696169741023,0.9849485329217331,-0.05703030305088519,0.5608240602335787,-0.20277813918586068,-0.7732401605806567,0,1,0,0,0,1,0,0,0,0,0,1,0,0,0,0,1,0,0,0,0,0,0,1,1
-1.2722385491900143,-1.0048942612815104,-1.371086259851246,0.8111802432070417,1.1973226171161646,0.011111225595235278,-0.8132563242887371,0,0,1,0,0,0,1,0,0,0,0,1,0,0,0,1,0,0,0,0,0,0,0,1,0
-0.0003464482215219856,2.65803067064088,1.7328372997332837,-1.3823542563264755,-1.0265954800709276,-0.2194036007277974,-1.6257584308832371,0,0,0,1,0,1,0,0,0,0,0,0,0,1,1,0,0,0,0,1,0,0,0,0,1
-0.6647676949961075,1.8699915005237802,1.283308156505382,-0.8015374788530012,0.1843790519679001,-0.20464616857259513,0.3593912556784856,0,1,0,0,1,0,0,0,0,0,1,0,0,0,0,0,0,0,1,0,1,0,0,0,1
1.5942645440374834,0.6722347465458746,0.7856880848373433,-0.5179552985139657,-0.7724028758083716,-0.17812015128096578,-1.4743929420744115,0,0,0,1,0,0,1,0,0,1,0,0,0,0,0,0,0,0,1,0,0,1,0,0,1
0.4932236208110273,-0.10353498898740951,1.3340474309258743,-1.3215074444159982,0.21520072404313745,-0.058005861713939844,0.39592775297716765,0,0,1,0,0,0,0,1,0,1,0,0,0,0,0,0,1,0,0,0,1,0,0,0,1
-1.2532550849964548,-0.441936773201808,-0.7983400611936163,-1.7168038170098052,1.201666611167037,-0.1543961780694381,0.18018843559447384,0,1,0,0,0,1,0,0,0,0,0,0,1,0,1,0,0,0,0,0,0,0,1,0,1
-0.598325570318649,-1.0598258562737277,-0.5259811260108447,-1.6470863992627207,0.4094737913182632,0.21752847282939336,-0.06686787947280454,0,1,0,0,0,0,0,1,0,0,0,0,1,0,1,0,0,0,0,0,1,0,0,0,0
-0.01932991241508157,0.851331084468939,-0.01588486195097894,1.5591524994140824,0.42598786394023047,-0.20147051861514656,1.6364288279276569,0,1,0,0,0,1,0,0,0,0,1,0,0,0,0,1,0,0,0,1,0,0,0,0,1
0.1610129974237345,-0.804610894001025,0.6164905016705727,-0.2504510912537806,-0.1170803447053386,0.15438907955776854,-0.10862387638558398,0,0,1,0,0,1,0,0,0,1,0,0,0,0,0,0,0,0,1,0,0,0,0,1,0
1.0722192787145948,-0.5062916045495902,-0.9631927017363676,-1.114364937809601,-1.7083612130550647,-0.21379951256759402,-1.542246437057678,0,0,0,1,0,0,1,0,0,0,0,0,1,0,0,0,1,0,0,0,0,0,1,0,1
-1.0824039072544185,-0.14861566297094808,1.2219341177575287,-0.8329311073216188,-1.0877906343590107,-0.07201608211444831,1.7390789870049064,1,0,0,0,0,0,1,0,1,0,0,0,0,0,1,0,0,0,0,0,0,0,0,1,1
0.7779755837144211,0.6386599606256788,-0.06803107017353437,-0.6705574395468484,0.023306510653013184,-0.20632739502065617,0.9370158796386013,0,1,0,0,0,0,1,0,0,0,0,1,0,0,1,0,0,0,0,0,0,0,1,0,1
0.8539094404886595,0.6155887153793599,0.19194133016362036,-1.3841560981370362,-0.6114337629232675,-0.20259133624718725,-0.8776301528626054,0,0,1,0,0,1,0,0,0,0,0,1,0,0,1,0,0,0,0,0,1,0,0,0,1
-1.5854657083837476,1.8668186843327772,1.4095804652405717,0.96904930645541,-0.5212786482960351,-0.20034970098310587,-0.7836791598088516,1,0,0,0,0,0,0,1,0,1,0,0,0,0,1,0,0,0,0,0,0,0,0,1,1
-0.6362924987057682,0.7460371565313514,0.5103980375669396,-0.1963265353288572,0.6944880676560565,-0.18036178654504714,0.8952598827258219,0,1,0,0,0,0,1,0,0,0,1,0,0,0,0,0,1,0,0,0,0,0,1,0,1
-0.057296840802200745,-1.007473618796795,-1.0554503167863774,0.7903897607774937,-1.4720272510016508,-0.045116458945472025,0.5977484047222683,0,0,1,0,0,0,1,0,1,0,0,0,0,0,0,0,0,0,1,0,0,0,0,1,0
-1.3671558701578121,-0.03780805406591297,-0.3871843477435615,1.2712043177648418,-0.00048202819700221815,-0.16821959553127314,1.225828191618659,1,0,0,0,1,0,0,0,0,0,0,0,0,1,1,0,0,0,0,0,0,1,0,0,1
0.06609567645593657,-0.28495093070632427,-0.8928804953048172,-1.1334228800366868,-0.8843469129764876,-0.21230508905820644,0.31415559235630786,0,1,0,0,1,0,0,0,1,0,0,0,0,0,0,0,0,0,1,0,1,0,0,0,1
0.3128807109722112,0.32740012911601823,0.24906008383366454,-0.3481663586726565,-1.1957009627656023,-0.18428464825718952,0.9909507089842746,0,0,0,1,1,0,0,0,0,0,0,0,0,1,0,0,0,1,0,0,0,0,1,0,1
-0.5223917135444106,1.0889502743237314,0.652594905855876,0.8772939773330046,1.4582725454578553,-0.1826034218091285,1.4032911784979718,0,0,1,0,0,1,0,0,1,0,0,0,0,0,0,0,0,1,0,0,1,0,0,0,1
-0.9020609974156024,0.8995053851940208,0.5664271072138171,-0.8129722441892526,-1.4820253325473094,-0.2048329715112686,0.31415559235630786,0,1,0,0,0,0,0,1,0,0,0,0,0,1,0,0,0,1,0,0,0,0,0,1,1
0.20847165790763347,-0.34148850005879283,-0.7394419500680214,0.07984037294363953,-0.9153409657680294,-0.1846582541345364,1.4067708449073701,1,0,0,0,0,1,0,0,0,1,0,0,0,0,1,0,0,0,0,0,1,0,0,0,1
1.005777154037136,-0.586071123253439,1.5947853687729752,0.2867749747257412,0.11987418792677138,0.14336770617603523,0.9874710425748764,0,0,1,0,0,0,1,0,0,0,0,1,0,0,0,0,0,1,0,0,0,1,0,0,1
-0.2661149469313562,-0.23763292367793065,0.038937279189226466,-1.3960759747299771,0.705175672066933,-0.12151886086291158,1.262364688917341,0,0,0,1,1,0,0,0,0,0,0,0,1,0,0,0,0,0,1,1,0,0,0,0,1
0.7589921195208615,-0.25029399168689553,0.01869536394875561,0.8924710295065746,-0.34907031270788014,-0.11983763441485054,1.4850633391188315,0,1,0,0,0,1,0,0,1,0,0,0,0,0,0,0,0,0,1,1,0,0,0,0,1
0.26542205048831224,0.5651995751106315,-0.1847514018702052,-0.33395952901246534,0.1788283929028965,-0.2052065773886155,-1.5787829343563602,0,0,0,1,0,1,0,0,0,1,0,0,0,0,0,0,1,0,0,0,1,0,0,0,1
0.18948819371407388,0.43828353803882425,0.6234079261973844,-0.7203159941615668,-1.5296024102473402,-0.1784937571583127,-1.0115973096244393,1,0,0,0,0,0,0,1,0,0,0,0,1,0,1,0,0,0,0,1,0,0,0,0,1
-1.4335979948352708,0.5094964222139496,0.0886972173357332,-0.8847687101792919,-0.1701046530405903,-0.19567962751626972,0.13147310586289782,0,1,0,0,0,1,0,0,1,0,0,0,0,0,0,1,0,0,0,0,0,0,1,0,1
1.4993472230696854,-0.6021077570944363,-0.6203146580923303,1.0628143822126719,1.0612797558086853,-0.07351050562383589,-1.2551739582823194,0,0,0,1,0,0,0,1,0,0,0,0,0,1,0,0,1,0,0,0,0,0,0,1,1
0.8349259762950998,-1.2681597400757567,-1.5252696523950167,1.429905000310392,-0.2998039039880656,0.9286872603592033,1.3041206858301206,0,1,0,0,0,0,1,0,0,0,0,0,0,1,0,0,0,1,0,0,0,0,1,0,0
0.7115334590369625,1.7040800518706989,1.2512107549622302,-1.4271923967662008,0.8881405643524862,-0.19848167159637142,-1.5961812664033517,1,0,0,0,0,1,0,0,0,0,0,1,0,0,0,0,0,1,0,0,0,0,0,1,1
-0.0003464482215219856,2.528053976753958,1.620944682063301,-0.19494050316688732,-0.4574288309768633,-0.2141731184449409,-1.430897111956933,0,0,1,0,0,0,1,0,0,0,1,0,0,0,0,1,0,0,0,0,0,1,0,0,1
-1.5285153158030687,-0.5956092921562745,-0.790843310983602,0.995314615924739,-1.1387118979553479,-0.14655045464515337,-0.4705091829630058,1,0,0,0,0,1,0,0,0,0,0,0,1,0,0,0,0,0,1,0,1,0,0,0,1
0.8918763688757786,-0.9519109732501275,-1.057712445644597,1.532263475471867,1.0991690372524054,0.049966236839312075,-1.4169784463193398,0,0,0,1,1,0,0,0,0,1,0,0,0,0,0,0,1,0,0,0,1,0,0,0,0
0.2844055146818718,0.3471648296846978,0.2723434589109489,-1.3542871050465857,-0.2315066641882388,-0.1798013777290268,0.04100177921854236,0,1,0,0,1,0,0,0,1,0,0,0,0,0,1,0,0,0,0,0,0,0,1,0,1
0.39830629984322935,-0.30327265776597534,1.1534702361247675,-1.4102828043901683,1.5624939265355315,-0.004953827130681093,1.0657635367863378,0,0,1,0,0,0,0,1,0,1,0,0,0,0,1,0,0,0,0,1,0,0,0,0,1
0.43627322823034853,1.5626501601766898,0.9966798780065853,-0.7348693318622505,0.01696290029300908,-0.2040857597565748,-1.00985747641974,0,1,0,0,0,1,0,0,1,0,0,0,0,0,0,0,0,1,0,1,0,0,0,0,1
0.24643858629475265,2.6387460368514155,1.590005931886554,-1.7136159430372746,-1.4210715112620524,-0.22444728007198045,0.1105951074065081,0,1,0,0,0,0,1,0,0,0,0,1,0,0,0,0,1,0,0,0,1,0,0,0,1
-1.148846031931877,0.7953851250112676,-0.0007465301101497958,-0.556764199049122,-1.5622857940586656,-0.22239244774657255,-1.2760519567387092,0,0,0,1,0,0,1,0,0,0,0,0,1,0,0,0,0,0,1,0,1,0,0,0,1
1.6607066687149419,-0.5643611970254605,-0.7519871098030866,-0.46791953746685333,1.1343347033785152,-0.11423354625464717,0.8691623846553347,0,1,0,0,0,1,0,0,0,0,0,0,0,1,0,0,0,1,0,0,1,0,0,0,1
1.6796901329085014,-0.6099998947170603,0.579199859181569,1.1197803040696335,1.3422603233849542,0.07723946588563523,-0.35742002465756145,1,0,0,0,1,0,0,0,0,0,0,0,0,1,0,0,1,0,0,0,0,0,0,1,1
-1.2817302812867941,-1.191699707515996,-1.372162150405765,-1.1524808222637724,-0.3936479659442133,0.12169856528991548,-1.103808469473494,0,1,0,0,0,1,0,0,0,0,0,0,1,0,0,1,0,0,0,0,0,0,0,1,0
0.322372443068991,-1.3145656818496716,-1.6839566124522547,0.3564923924728257,-1.5068481556951516,3.4551970059175634,-0.9280853157988805,1,0,0,0,0,0,1,0,0,0,1,0,0,0,1,0,0,0,0,0,0,0,0,1,0
-1.148846031931877,-0.9880857614058951,-0.7625115263812667,1.3486835156189576,-1.508951200434066,0.026055460689110993,-0.5035660138522895,0,1,0,0,1,0,0,0,0,0,0,1,0,0,0,0,0,1,0,0,0,1,0,0,0
-1.3766476022545922,-0.8387523312735811,-1.1247004261320563,0.13528165942243436,-1.5019525433521048,-0.15701141921086634,0.8256665545378561,0,0,1,0,1,0,0,0,0,0,0,0,1,0,1,0,0,0,0,0,1,0,0,0,0
-0.7027346233832267,-1.2361101984155847,-1.6022441041833966,-1.1669648583563577,0.958402944318184,0.3798602265366182,0.22542409891665158,0,1,0,0,0,0,1,0,0,0,0,1,0,0,1,0,0,0,0,0,1,0,0,0,0
0.9962854219403563,0.14259968579061844,1.5823574535214153,0.7247611379082204,0.3471064481593098,-0.07052165860506074,1.3911123460650778,1,0,0,0,0,1,0,0,0,0,1,0,0,0,0,1,0,0,0,0,0,1,0,0,1
-1.1393542998350972,-1.0659949300777551,-1.357154856517089,0.6754876945501914,0.8883474212120516,0.06453686605584089,-0.5888178408825475,1,0,0,0,1,0,0,0,0,1,0,0,0,0,0,1,0,0,0,0,0,0,0,1,0
0.38881456774644957,-0.02201884873820844,1.2138994222702548,0.17346684548470429,1.4652367263965556,-0.05501701469516473,-0.4670295165536075,0,0,1,0,0,1,0,0,1,0,0,0,0,0,0,0,1,0,0,0,1,0,0,0,1
0.3033889788754314,-0.9856512250627744,-1.1926263624875582,0.16334881070232424,0.9381999243673013,0.009056393269827389,-1.432636945161632,1,0,0,0,1,0,0,0,0,0,0,0,0,1,0,1,0,0,0,0,0,1,0,0,0
1.5468058835535843,1.494771244262869,0.6416704786869132,-0.7528877499678587,1.2314539989444477,-0.20539338032728893,1.1927713607293755,0,0,1,0,1,0,0,0,0,1,0,0,0,0,0,0,0,1,0,0,0,1,0,0,1
1.3949381700051076,-0.2895768887014226,1.1917884920280233,0.7329387276638426,-1.5725252086071506,-0.03913876490792178,1.73211965418611,0,1,0,0,0,0,1,0,1,0,0,0,0,0,0,0,1,0,0,0,0,1,0,0,1
1.1576448675856128,-1.2440830661384363,-1.5782503654707567,1.1535301872136,1.0219769524912685,0.7435655481338179,1.272803688145536,1,0,0,0,1,0,0,0,0,1,0,0,0,0,0,0,1,0,0,0,0,0,0,1,0
-1.4146145306417113,-0.5859802248581447,-0.048389170819237604,-1.709319243335168,1.1906342453235517,-0.04175400604935,0.5873094054940735,0,0,1,0,0,0,0,1,1,0,0,0,0,0,0,0,0,0,1,0,0,0,1,0,1
-1.2342716208028952,-0.4512342924547286,-0.0709897691984618,-1.658798371031366,-1.3439483787874373,-0.13141941661260423,-0.08078654511039768,1,0,0,0,1,0,0,0,1,0,0,0,0,0,0,1,0,0,0,0,0,0,0,1,1
1.651214936618162,1.4875354238672853,0.7251968280829413,0.5032038968173365,-1.4985738813125375,-0.21510713313830815,0.7351952278935007,0,0,1,0,0,0,1,0,0,0,0,0,0,1,1,0,0,0,0,0,1,0,0,0,1
0.36033937145611017,-0.09577935302280385,-0.38683951102736946,1.7044086699885248,-0.14993610923296857,-0.16130788680035563,0.10537560779241066,0,0,1,0,0,0,1,0,0,0,0,1,0,0,1,0,0,0,0,0,1,0,0,0,1
-0.6268007666089883,-0.30399491484587343,0.5827654708269944,0.9854044859666545,0.9839842426177657,-0.04156720311067657,0.2828385946717233,0,0,0,1,1,0,0,0,0,0,0,1,0,0,0,0,0,0,1,0,0,0,1,0,1
1.1576448675856128,-0.8845028802109159,0.25885344657351755,0.5178265361261186,-0.08874095494488546,0.18390394386817302,-0.4548506841207135,1,0,0,0,0,0,1,0,0,1,0,0,0,0,0,0,0,1,0,0,0,1,0,0,0
1.5657893477471438,0.2650305803474952,-0.3777634086571958,-1.7168038170098052,1.1116494011128484,-0.1958664304549432,0.17148926957097813,1,0,0,0,1,0,0,0,0,1,0,0,0,0,0,0,1,0,0,1,0,0,0,0,1
-0.6837511591896671,-0.8549362513279706,0.391208674982334,-1.3510299294659565,-0.5360689137549577,0.1278630622661392,-1.2551739582823194,1,0,0,0,1,0,0,0,1,0,0,0,0,0,0,0,1,0,0,0,0,0,1,0,0
-0.22814801854423702,-0.3801227831001179,-0.9404196849990474,-0.38572783026204,1.487094601223961,-0.15943985741362116,0.3698302549066805,1,0,0,0,1,0,0,0,0,0,0,0,1,0,0,0,1,0,0,0,0,0,0,1,1
0.8349259762950998,1.4593643164497234,1.2706871326927547,0.24055080212404603,-0.2709128959354382,-0.19138315992678046,1.2206086920045616,1,0,0,0,0,0,0,1,1,0,0,0,0,0,0,0,1,0,0,0,0,0,1,0,1
1.4898554909729056,-1.2519690411579893,-1.6070097476011702,-1.7011416535795456,-0.2415736980204192,0.1725089646090928,1.5076811707799203,0,0,0,1,0,0,0,1,0,0,0,0,0,1,1,0,0,0,0,0,0,0,0,1,0
0.7020417269401827,0.47464012298518043,0.8189786214185197,-1.3531782793170097,0.534553239068779,-0.15551699570147878,-0.42005402002673065,0,0,1,0,0,0,1,0,0,0,1,0,0,0,0,1,0,0,0,1,0,0,0,0,1
1.0247606182306956,0.6698935736392765,0.021316122991814866,-1.3421593236293492,-0.4749771878966573,-0.21099746848749235,-1.5718236015375637,1,0,0,0,0,0,1,0,0,0,0,1,0,0,0,0,1,0,0,0,1,0,0,0,1
0.04711221226237698,-1.0776752198080017,-1.0885891252124293,-1.162529555438054,-0.27939402717761763,0.03091233709462058,-1.0376948076949264,1,0,0,0,1,0,0,0,0,0,0,0,0,1,0,0,0,1,0,0,0,1,0,0,0
1.7081653291988408,-0.34662009963585055,0.7295072870353414,-0.24795623336223488,-1.1863924040851614,-0.06566478219955113,-0.9193861497753848,0,1,0,0,1,0,0,0,0,1,0,0,0,0,0,0,0,0,1,0,0,0,1,0,1
-1.5000401195127293,2.1949766815927334,1.021156388121894,1.0785458472510299,-1.0110122633170044,-0.22052441835983808,1.3128198518536163,0,0,0,1,0,0,0,1,0,0,1,0,0,0,1,0,0,0,0,0,0,0,1,0,1
1.2051035280695117,0.29772534654918026,1.6003372399036666,1.2835400040063736,0.319628961980379,-0.08864154365638503,0.7456342271216955,1,0,0,0,1,0,0,0,0,1,0,0,0,0,0,1,0,0,0,0,0,0,1,0,1
1.3664629737147682,-1.1976247422384196,-1.4174047275701565,-0.8889961082733,0.8068802946865641,0.2922496482987719,0.14017227188639353,0,0,1,0,0,0,0,1,1,0,0,0,0,0,0,0,0,0,1,0,0,0,1,0,0
1.3854464379083278,-0.3992484217303552,-0.9810966240410567,-0.43021946266127287,-1.404971152359216,-0.21305230081290022,-0.5018261806475903,0,0,1,0,0,0,1,0,0,1,0,0,0,0,0,1,0,0,0,0,1,0,0,0,1
-0.09526376918931992,-1.2328933196126255,-1.6137202700982667,1.4398151302684765,-1.0878940627887934,0.20090301128745672,1.4154700109308656,0,1,0,0,0,1,0,0,0,0,0,0,0,1,0,0,1,0,0,1,0,0,0,0,0
-1.5474987799966284,-0.09598857339705762,1.048336418092148,-0.9341807567535179,0.6057464749025208,-0.07108206742108107,1.5320388356457084,1,0,0,0,0,0,1,0,0,0,0,0,0,1,0,0,1,0,0,0,1,0,0,0,1
-1.0159617825769598,-0.9029493999827507,-1.0247391588423171,-0.4986894514625845,-0.8762794954534389,-0.10339897581158729,-1.2534341250776202,0,0,0,1,0,0,0,1,0,0,0,0,0,1,1,0,0,0,0,1,0,0,0,0,0
0.274913782585092,1.2173718353257357,0.6746713524264883,-1.316309823808611,-1.5351530693123439,-0.2145467243222878,0.8413250533801484,1,0,0,0,0,0,1,0,0,0,1,0,0,0,1,0,0,0,0,1,0,0,0,0,1
0.5122070850045869,-0.91327299264696,-0.7809533939632153,0.5824849364820132,0.04895676123911675,0.011484831472582183,0.8796013838835296,1,0,0,0,0,0,1,0,0,0,0,0,0,1,0,0,0,0,1,0,0,0,0,1,0
-1.3481724059642526,-0.848436245739041,0.42030599709461564,0.5108963753162693,1.1354379399628638,0.21902289633878097,-1.6222787644738388,0,0,0,1,0,0,1,0,0,0,0,0,0,1,1,0,0,0,0,0,0,0,0,1,0
0.7495003874240816,0.9330915719298974,0.24789453573293554,0.518588853815202,-0.20906269492539814,-0.2035253509405545,1.1196983661320115,0,0,0,1,1,0,0,0,0,1,0,0,0,0,0,1,0,0,0,0,0,0,0,1,1
-1.3481724059642526,-0.5089895921739879,-0.6237906121915457,0.32599968490948855,0.757475981393706,-0.11311272862260649,-1.2951901219903998,0,0,0,1,0,1,0,0,0,0,0,0,1,0,0,0,1,0,0,0,1,0,0,0,1
0.6640747985530635,-0.48037015538302485,0.3968777905965306,0.7771531536306815,-1.0285261440935374,-0.04885251771894095,-0.04598988101641481,0,0,1,0,1,0,0,0,0,0,0,0,0,1,0,1,0,0,0,1,0,0,0,0,1
-1.2342716208028952,-1.1642739669398476,-1.1099483114133624,0.7537985117014891,-1.5921076579793372,0.1618611971047064,-1.6970915922759018,1,0,0,0,0,1,0,0,0,0,1,0,0,0,0,0,1,0,0,0,0,0,0,1,0
-1.651907833061206,-0.7480351165095175,-0.0908937444570645,1.0314900553521527,0.8876578983468337,0.05463631030614823,0.752593559940492,0,0,1,0,0,0,1,0,0,0,1,0,0,0,0,0,0,0,1,0,1,0,0,0,0
0.40779803194000913,-0.7174531987706573,-0.7924295598780853,0.7000897654251567,0.7370661045832579,-0.06884043215699973,1.5981524974242758,1,0,0,0,0,0,0,1,0,0,0,1,0,0,1,0,0,0,0,0,0,1,0,0,0
0.5596657454884858,-0.6844755690880223,-1.164887697037073,1.3432779901872751,-1.2734446658189136,-0.17401048663014998,-0.13124170804667284,1,0,0,0,0,0,1,0,0,0,0,0,0,1,0,1,0,0,0,0,1,0,0,0,1
1.195611795972732,-0.9212631156584098,-1.1665980871493853,0.010815971277539978,-1.6373748340808882,-0.14542963701311268,-1.2551739582823194,0,1,0,0,0,1,0,0,0,0,0,0,1,0,0,0,0,0,1,0,0,1,0,0,0
-0.9400279258027215,0.8576924314887755,0.8737593821527821,-0.513797202028056,-1.1931497281642962,-0.187833904091985,0.787390224034475,0,0,0,1,0,0,1,0,1,0,0,0,0,0,1,0,0,0,0,1,0,0,0,0,1
1.75562398968274,-0.6065417500038791,0.30497880573136055,-0.33728600620119303,-0.34548479380874736,-0.013173156432312757,1.4589658410483444,0,0,0,1,0,0,1,0,0,0,0,0,0,1,1,0,0,0,0,0,0,0,1,0,1
-0.9779948541898407,-0.47557903962562903,-0.34147968937947276,0.9664158453476672,-1.7172560580163747,-0.1349686724473997,0.9439752124573979,0,1,0,0,1,0,0,0,0,0,0,0,1,0,0,1,0,0,0,0,0,0,0,1,1
1.3474795095212087,0.253798311860496,-0.33688646431979524,1.3601875825633074,0.18065562849572378,-0.18652628352127087,-1.469173442460314,1,0,0,0,0,0,1,0,0,0,1,0,0,0,0,0,0,0,1,0,0,1,0,0,1
-0.5413751777379702,-0.5091464304221398,-0.48160064063693325,-1.4840197154069654,-1.5906941361056406,-0.16523074851249797,-0.169518038550054,0,0,1,0,1,0,0,0,0,0,1,0,0,0,0,0,0,1,0,0,0,0,0,1,1
1.3854464379083278,0.5589895199961833,0.6448705634131751,-0.18475316677640877,-0.4720467157194815,-0.17326327487545617,-1.0898898038359008,1,0,0,0,1,0,0,0,0,0,0,1,0,0,0,0,1,0,0,1,0,0,0,0,1
0.8444177083918797,1.84080479612015,0.9285263494183968,-0.38295576593810027,0.11159991354415731,-0.2124918919968799,-0.9472234810505712,0,1,0,0,0,1,0,0,0,1,0,0,0,0,0,0,1,0,0,0,0,0,0,1,1
-1.6898747614483252,0.5090650399989934,1.4576989806180045,-1.5297587767519711,-1.3184360327743774,-0.14673725758382683,0.8500242194036441,0,0,0,1,0,0,1,0,1,0,0,0,0,0,0,0,0,1,0,0,0,0,1,0,1
-1.5380070478998484,-1.0893863225536022,-1.2944083676387912,1.0008587445726185,1.6551657996208091,0.19081565259909058,-1.3404257853125776,0,0,0,1,0,1,0,0,0,0,0,0,0,1,0,0,0,1,0,1,0,0,0,0,0
-1.291222013383574,0.18634646433948168,0.5561923534772383,1.7260307717152548,1.7235664678504186,-0.11311272862260649,1.4728845066859375,1,0,0,0,0,0,0,1,0,1,0,0,0,0,1,0,0,0,0,1,0,0,0,0,1
-1.5569905120934082,-1.267428547221406,-1.635624298310783,-1.1168597957011468,0.2697764588251293,0.5173471894002747,0.303716593128113,0,0,0,1,0,0,0,1,0,1,0,0,0,0,0,0,0,0,1,0,0,0,0,1,0
-0.9400279258027215,-0.9837041506225541,-1.4022112218547367,-1.3729292376250803,1.0029116452679954,-0.0793013967227127,-1.1246864679298838,1,0,0,0,0,1,0,0,0,1,0,0,0,0,0,1,0,0,0,0,0,0,1,0,0
-0.275606679028136,1.2200075806591182,0.5823654602362117,-1.3501983101687745,-0.1437993557325298,-0.20856903028473753,1.445047175410751,0,0,0,1,1,0,0,0,0,1,0,0,0,0,0,0,0,0,1,0,0,1,0,0,1
-1.4620731911256102,0.451078026404272,0.951216605343831,0.8569886061601459,1.5284659731370314,-0.1276833578391353,0.4620414147557351,1,0,0,0,0,1,0,0,0,1,0,0,0,0,0,0,0,0,1,1,0,0,0,0,1
-1.1203708356415376,-0.8404627617558824,-0.7156206297134775,-0.5919001143550583,-0.7667487883135854,-0.07238968799179521,1.6555669931793475,0,1,0,0,0,0,1,0,0,0,0,0,1,0,1,0,0,0,0,0,0,1,0,0,0
-1.5190235837062889,-1.160739714078742,-1.5546152569429565,1.7365646161462258,0.10056754770067192,0.14747737082685106,-1.4413361111851277,1,0,0,0,0,0,0,1,0,0,0,0,1,0,0,1,0,0,0,0,0,1,0,0,0
-0.4464578567701723,-0.2379539952979195,-0.2669397848074083,-0.2755382733854353,0.8820382869953084,-0.13384785481535902,-0.35568019145286234,0,0,0,1,0,1,0,0,0,1,0,0,0,0,0,0,0,1,0,1,0,0,0,0,1
0.9203515651661179,-0.3730894042154103,-0.7701944884180246,-0.023557626339312812,-0.5590989774532336,-0.17830695421963924,-0.52270417910398,1,0,0,0,0,1,0,0,0,0,0,0,1,0,0,1,0,0,0,0,1,0,0,0,1
0.9773019577467967,1.12029974427506,1.039363766736832,0.2196910180863995,1.2586556759772913,-0.1745708954461703,0.22716393212135072,0,0,0,1,1,0,0,0,0,1,0,0,0,0,1,0,0,0,0,1,0,0,0,0,1
-1.0539287109640791,-0.2599313784991709,-0.6600743314692689,0.6066711977083874,0.4875277796609225,-0.16074747798433528,-0.16081887252655827,1,0,0,0,0,1,0,0,0,1,0,0,0,0,0,0,0,1,0,0,0,0,0,1,1
-0.9115527295123822,1.5416128820738895,1.2196995758366045,-1.2569183456682023,-0.4115066081533553,-0.20091010979912624,-0.009453383717732801,0,1,0,0,0,0,1,0,0,0,0,1,0,0,0,0,0,1,0,0,1,0,0,0,1
1.3190043132308693,-0.4168981169251352,1.1966437929920068,-0.8621070843310845,-0.3147665501632927,0.005880743312378789,-0.4391921852784212,0,0,0,1,1,0,0,0,0,0,0,0,0,1,1,0,0,0,0,1,0,0,0,0,1
0.7210251911337423,-0.5605980034602746,1.7088159740833484,-1.0179664009445966,0.09194851188544893,0.12618183581807815,-1.650116095749025,0,0,0,1,0,0,0,1,0,0,0,0,1,0,0,0,1,0,0,0,0,1,0,0,1
1.4139216341986673,-0.9281790969546185,-0.9605926328962798,0.11206562070943903,1.2220420118342241,0.024934643057070282,-1.6448965961349276,1,0,0,0,0,0,1,0,0,0,0,0,1,0,0,0,0,0,1,0,0,1,0,0,0
-1.2532550849964548,-0.5522886576097572,-0.2594775182690133,1.5441140504567092,-0.6639409291096058,-0.08098262317077372,-1.3769622826112595,0,0,1,0,1,0,0,0,0,0,0,0,1,0,0,0,0,1,0,0,0,1,0,0,1
1.556297615650364,2.071157968824312,1.608434005999855,-1.488732224757663,0.769577107678279,-0.20091010979912624,0.5316347429437008,1,0,0,0,1,0,0,0,0,0,0,0,0,1,1,0,0,0,0,1,0,0,0,0,1
1.5088389551664652,-1.101458553839152,-0.9922417467083823,-0.776658201545642,0.5169014537192024,0.17848665864664315,-0.8932886517048977,0,0,1,0,0,0,1,0,0,1,0,0,0,0,1,0,0,0,0,0,0,0,0,1,0
0.7115334590369625,1.037661085876512,1.240086322497876,-1.0588543497227076,0.3654132802308434,-0.17401048663014998,1.149275530611897,1,0,0,0,0,1,0,0,0,1,0,0,0,0,0,1,0,0,0,1,0,0,0,0,1
-1.3576641380610324,1.853425499079001,0.9389886953876624,1.1325317999597562,1.2752387008857804,-0.2024045333085138,1.380673346836883,0,0,1,0,0,0,0,1,1,0,0,0,0,0,0,0,1,0,0,0,1,0,0,0,1
0.08507914064949616,0.9126132419256189,0.15907149437619816,-1.4107679156468578,-1.1688785233086283,-0.22033761542116465,1.211909525981066,0,0,1,0,1,0,0,0,0,1,0,0,0,0,0,1,0,0,0,0,0,1,0,0,1
1.243070456456631,-0.3012587190824369,1.1591048680673448,0.792676713844744,-0.27794602916066014,-0.017282821083128536,0.4985779120544171,0,0,1,0,0,0,1,0,0,0,0,0,1,0,1,0,0,0,0,1,0,0,0,0,1
-0.3135736074152552,0.9108978813608608,0.9364369036878415,-1.1141570329853054,-0.24326302904020292,-0.18316383062514885,0.43594391668524796,0,0,1,0,1,0,0,0,0,0,0,1,0,0,0,0,0,1,0,0,0,0,0,1,1
0.06609567645593657,-0.9196894949642802,-0.19754484404092867,0.8889366474935515,-1.1921154438664694,0.09255730685685784,-0.4757286825771032,1,0,0,0,1,0,0,0,1,0,0,0,0,0,0,0,0,1,0,0,0,0,0,1,0
0.43627322823034853,-0.6791064011625852,-0.2568291722886587,-0.7059012596770802,-0.5641669705125846,-0.0647307675061839,0.9544142116855928,0,1,0,0,0,1,0,0,0,0,0,1,0,0,0,0,0,0,1,0,0,0,1,0,1
1.5942645440374834,1.9042013426904223,0.8856148684554633,-1.226564241321062,-1.1089245101779375,-0.22370006831728667,-1.3421656185172768,1,0,0,0,0,1,0,0,0,0,0,0,0,1,0,1,0,0,0,0,1,0,0,0,1
1.1671365996823926,1.1289760731384437,1.3536341564055803,-0.3963309763011095,0.6104352303860021,-0.17064803373402793,-0.09992471036208826,0,1,0,0,0,0,0,1,0,0,1,0,0,0,1,0,0,0,0,0,0,0,0,1,1
-0.20916455435067743,1.4680415697035676,1.2799356534210244,0.2596780459592302,-0.48204479726514016,-0.1926907804974946,-0.8045571582652413,0,0,0,1,0,0,0,1,0,0,0,0,0,1,1,0,0,0,0,0,0,0,0,1,1
-0.5508669098347501,-1.2000814639525952,-1.4473641414729181,0.8329409481499688,1.7124996258636722,0.5281817598433345,-0.9802803119398548,1,0,0,0,0,0,1,0,0,0,0,1,0,0,1,0,0,0,0,0,1,0,0,0,0
1.5278224193600247,-1.0450904560711305,-0.6653434364926827,1.151728345403039,0.9298911738414263,0.263855601620408,-0.7906384926276482,0,0,1,0,0,0,1,0,0,0,0,0,0,1,0,0,0,0,1,1,0,0,0,0,0
1.432905098392227,0.16468707145668368,0.682147412433531,0.4925314491701685,0.3906842932410772,-0.12525491963638047,0.26718009582943103,0,0,1,0,1,0,0,0,1,0,0,0,0,0,0,0,0,1,0,0,0,0,1,0,1
0.6545830664562837,-1.2322379267760457,-1.4729786127516604,0.12994543559885036,-0.34420917650809435,0.3481037269621323,0.5281550765343026,0,0,1,0,0,0,1,0,0,0,0,0,1,0,0,0,0,1,0,0,0,1,0,0,0
-0.14272242967321888,-0.3306034942548334,-0.8058988820125451,-0.8251693272145875,-1.6656797476980805,-0.21174468024218612,-1.7005712586853001,0,0,0,1,1,0,0,0,0,0,0,1,0,0,1,0,0,0,0,0,1,0,0,0,1
-0.7027346233832267,-0.7269343635950878,-0.3638802824633056,1.1073060146119047,1.0772422101384782,0.010177210901868046,0.8082682224908647,0,0,1,0,0,1,0,0,0,0,0,1,0,0,0,0,0,0,1,0,1,0,0,0,0
0.36033937145611017,-0.548537789250713,-0.12161869586977239,1.5278281725535634,-0.06936536243226421,-0.054456605879144346,0.2567410966012361,1,0,0,0,0,1,0,0,0,0,0,1,0,0,1,0,0,0,0,1,0,0,0,0,1
1.328496045327649,0.9258634547881526,1.10106884873223,0.7592040371331716,1.3661867668080132,-0.15906625153627427,-1.5753032679469618,0,0,0,1,0,0,0,1,0,1,0,0,0,0,0,0,0,0,1,0,0,1,0,0,1
-0.3895074641894935,-0.6011701170372136,-0.9921520891621725,0.9651684164018944,0.3855818240384652,-0.13366105187668556,-1.4239377791381362,1,0,0,0,1,0,0,0,0,1,0,0,0,0,0,0,0,0,1,0,0,0,1,0,1
1.4993472230696854,2.3828599671043023,1.6234688868258265,-0.8108931959462978,0.11515095630002918,-0.20987665085545165,1.1736331954776849,0,0,0,1,0,0,1,0,0,0,1,0,0,0,0,0,0,0,1,0,1,0,0,0,1
-1.0159617825769598,0.33692504842225146,0.07435200994214568,-0.04982293580864186,0.7729212935745855,-0.1725160631207624,0.7717317251921827,1,0,0,0,0,0,1,0,0,0,1,0,0,0,0,1,0,0,0,1,0,0,0,0,1
-1.0824039072544185,0.015526502340505692,-0.11833585033162448,0.2763104319028687,0.11604733602481238,-0.16112108386168217,1.5807541653772845,0,0,1,0,0,0,0,1,0,1,0,0,0,0,0,0,1,0,0,0,0,0,1,0,1
0.11355433693983553,-0.11752933617074265,1.6731460641604472,-0.06368325742834056,-0.9702959381258911,-0.03951237078526868,0.14017227188639353,0,1,0,0,1,0,0,0,0,0,0,0,0,1,0,0,1,0,0,0,0,1,0,0,1
-0.6173090345122085,-0.7923288260809145,-0.9041566559242958,-1.595318098013146,-0.6188116575810982,-0.13347424893801213,1.2066900263669684,0,1,0,0,0,0,1,0,0,0,0,0,0,1,0,0,1,0,0,0,0,1,0,0,0
1.0247606182306956,-1.0333081752600621,-0.6213905486468494,1.4302515083508844,-0.38082284065116156,0.18558517031623406,0.4307244170711505,0,0,1,0,0,0,0,1,0,1,0,0,0,0,0,1,0,0,0,0,1,0,0,0,0
1.29052911694053,0.5256652438908157,1.7511343358944316,-1.6118118807405875,-1.202803048277346,-0.13403465775403248,0.7943495568532716,0,0,1,0,0,0,0,1,0,0,1,0,0,0,0,0,1,0,0,0,0,0,0,1,1
0.9488267614564574,-1.1941779983409195,-1.456736803419017,-1.713269434996782,0.8525956606505067,0.20183702598082395,-0.2251927011004266,0,0,1,0,0,1,0,0,0,0,1,0,0,0,0,0,0,1,0,0,1,0,0,0,0
0.4742401566174677,0.5479196361000997,0.2087279815078473,-0.029656167851980244,-0.16376104268058622,-0.18858111584667875,1.043145705125249,1,0,0,0,0,1,0,0,0,0,0,1,0,0,0,1,0,0,0,1,0,0,0,0,1
0.692549994843403,0.22030394791037428,1.7562792997000163,-1.0486670133322291,1.2250414362979218,-0.07257649093046865,0.31415559235630786,1,0,0,0,0,0,0,1,0,0,1,0,0,0,0,0,0,0,1,0,0,0,1,0,1
0.14202953323017492,-0.9865728423520129,-1.3362784417188247,0.09910621999502074,0.6788358986156116,-0.04063318841730934,-1.262133291101116,0,0,0,1,0,1,0,0,0,1,0,0,0,0,1,0,0,0,0,0,0,1,0,0,0
1.5752810798439238,-0.15133706848701473,-0.44605487193186105,0.8057054161672608,1.519364271316156,-0.14169357823964376,-1.0951093034499984,1,0,0,0,1,0,0,0,0,0,0,1,0,0,0,1,0,0,0,1,0,0,0,0,1
-1.3481724059642526,-0.3811756638347646,-0.7780636622815262,1.3750181266963852,1.3925265402593345,-0.13085900779658388,0.8082682224908647,0,0,0,1,0,0,1,0,1,0,0,0,0,0,0,0,0,1,0,0,0,0,0,1,1
-1.3576641380610324,-0.8127153332994381,-0.42964754097544533,-0.9312700892133811,-1.6612668013606864,-0.07238968799179521,0.6708213993196324,0,0,0,1,0,1,0,0,1,0,0,0,0,0,1,0,0,0,0,0,1,0,0,0,0
1.3095125811340895,0.85095516568162,0.5170326959864738,-1.3488122780068046,-1.1735672787921096,-0.20427256269524827,-0.035550881788219954,0,0,0,1,0,0,0,1,0,0,1,0,0,0,0,1,0,0,0,0,1,0,0,0,1
1.0152688861339159,-0.9857402746771474,-1.1571012839854575,0.019547973897950162,-0.7585089900742322,-0.0703348556663873,0.30893609274221046,0,1,0,0,0,0,0,1,0,0,1,0,0,0,0,0,1,0,0,0,0,1,0,0,0
-1.6613995651579858,1.523284684281014,0.8538898905657987,-0.8731953416268435,1.3065430389666701,-0.199976095105759,-0.09296537754329169,0,0,1,0,0,0,0,1,0,0,1,0,0,0,0,1,0,0,0,0,0,0,1,0,1
1.7366405254891801,2.343573372527933,1.5882955417742417,1.3881854322350988,-0.4391564750485906,-0.2072614097140234,0.8047885560814664,0,1,0,0,0,1,0,0,0,0,0,0,1,0,0,0,1,0,0,0,0,1,0,0,1
1.613248008231043,1.4213355091601048,1.0973308187287085,-0.6763094730190233,0.8138789517685251,-0.19138315992678046,-0.2704283644226043,0,1,0,0,0,0,1,0,0,0,0,0,0,1,0,0,0,1,0,0,0,0,0,1,1
0.7305169232305221,0.38780165059388033,-0.09899051055325284,-1.2505425977231408,-0.4783213737929638,-0.20259133624718725,1.199730693548172,1,0,0,0,0,1,0,0,0,0,1,0,0,0,0,1,0,0,0,0,0,1,0,0,1
0.9773019577467967,-1.0785154907367056,-1.4342741397262695,-0.48039382692458216,0.5589968246407514,-0.005887841824048325,0.5229355769202051,1,0,0,0,0,0,0,1,0,0,0,0,1,0,0,0,0,0,1,0,1,0,0,0,0
-1.0349452467705196,0.3277467755387509,0.47787303849570945,0.7382749514874266,1.6033826324429494,-0.13889153415954206,-1.4709132756650132,0,0,0,1,0,1,0,0,0,0,0,0,1,0,0,0,0,1,0,0,0,0,0,1,1
-1.2057964245125559,2.7456018765372985,1.678587587541957,-1.5107008345248856,1.6308945947651412,-0.21155787730351266,-0.33132252658707434,0,0,0,1,0,0,1,0,0,1,0,0,0,0,0,0,1,0,0,0,0,0,1,0,1
1.0247606182306956,-0.8958882893842246,-0.5045598692009972,0.2600938556078212,-1.492678460814925,-0.013733565248333085,1.0118287074406644,1,0,0,0,0,1,0,0,0,0,1,0,0,0,0,0,0,0,1,0,0,0,0,1,0
0.6640747985530635,-1.1420288186351697,-0.8939632825936601,-1.1932301678256867,-0.7788499145981584,0.1915628643537844,1.344136849538201,1,0,0,0,0,1,0,0,0,0,0,0,1,0,1,0,0,0,0,1,0,0,0,0,0
-1.386139334351372,-1.1735511496026345,-1.144556124250392,-1.0713286391804364,1.0628656583986864,0.3697728678482521,-1.6535957621584232,0,0,0,1,0,0,0,1,0,0,0,0,1,0,0,1,0,0,0,0,1,0,0,0,0
-0.6173090345122085,1.0144240666075885,1.3819659410079157,-1.6796581550690126,-0.7069671558991988,-0.17755974246494546,0.10189594138301239,0,1,0,0,0,1,0,0,0,0,0,1,0,0,1,0,0,0,0,0,0,0,0,1,1
-0.9779948541898407,0.17735645897979416,1.355413513861131,-0.7528184483597602,0.6691825785025618,-0.09312481418454774,-1.7057907582993976,0,1,0,0,0,0,1,0,0,0,0,1,0,0,0,0,0,1,0,0,0,1,0,0,1
-0.20916455435067743,1.0471311580154152,0.4275889485405909,0.33590981486757315,0.04302686459824335,-0.20053650392177932,-0.06860771267750368,0,0,0,1,0,1,0,0,0,0,0,0,0,1,0,0,0,1,0,0,0,1,0,0,1
-0.7312098196735661,0.4084318887638542,0.3445177836099362,-0.3386720383631629,1.163742853580056,-0.1620550985550494,-0.3522005250434641,0,1,0,0,0,1,0,0,0,1,0,0,0,0,0,0,0,0,1,0,0,1,0,0,1
1.2620539206501906,-0.5403085572401161,-0.9645513583981641,-0.014409814070311668,-1.603346880682388,-0.19642683927096352,0.8274063877425553,0,0,1,0,1,0,0,0,0,0,0,0,0,1,0,0,1,0,0,1,0,0,0,0,1
0.37932283564966973,-1.1483082030341645,-1.4655301396819131,-0.32141593794663803,-1.6509239583824187,-0.1106842904198517,-0.5053058470569886,0,0,1,0,1,0,0,0,0,0,0,0,1,0,0,0,0,1,0,0,1,0,0,0,0
-0.07628030499576033,-1.099893252659168,-1.467737094665542,0.6943377319529817,0.19592855996029887,0.02624226362778442,-0.9263454825941814,0,0,1,0,0,1,0,0,0,1,0,0,0,0,0,0,0,0,1,1,0,0,0,0,0
0.23694685419797284,1.2200550327027633,1.3006327531268687,0.034517121247224766,1.384459122736286,-0.17046123079535447,-0.24955036596621458,0,0,1,0,1,0,0,0,0,0,0,0,1,0,0,0,0,0,1,0,0,0,1,0,1
1.195611795972732,-0.27580716840002023,-0.2308284838877813,-0.06146560596918878,0.853457564232029,-0.12376049612699291,1.5894533314007802,0,0,0,1,0,1,0,0,0,1,0,0,0,0,0,0,1,0,0,1,0,0,0,0,1
-1.699366493545105,-1.112417510879961,-1.2266893333130047,1.403085277976275,1.645305622648194,0.2870191660159154,1.6799246580451355,1,0,0,0,0,1,0,0,0,0,0,1,0,0,1,0,0,0,0,0,0,0,0,1,0
-1.5854657083837476,-0.336505727345895,-0.39669494437613706,1.1218593523125882,-0.6956934570528872,-0.1435616076263782,1.7025424897062245,0,1,0,0,0,0,1,0,0,0,1,0,0,0,0,0,1,0,0,0,0,0,0,1,1
1.2145952601662915,-0.26092078442218836,0.2839851464495911,-0.6849028724232366,0.4231952963360982,-0.09723447883536354,1.540738001669204,0,0,1,0,0,1,0,0,0,0,0,0,1,0,0,0,0,0,1,1,0,0,0,0,1
0.274913782585092,2.044510873146159,1.582502284942216,0.9296859930554657,-0.2789803134584869,-0.199976095105759,0.04448144562794065,0,1,0,0,0,0,1,0,0,0,0,0,0,1,1,0,0,0,0,0,0,1,0,0,1
1.4898554909729056,1.7122661456598,0.6485947999480487,1.0575474599971864,0.40437132211565124,-0.21118427142616575,-0.9715811459163591,0,1,0,0,0,1,0,0,0,0,0,0,1,0,0,1,0,0,0,0,1,0,0,0,1
1.7176570612956206,0.04760131067326794,-0.5985071841603478,1.2980933417070573,0.19368761064834092,-0.18652628352127087,-0.5209643458992809,1,0,0,0,0,0,1,0,0,1,0,0,0,0,0,1,0,0,0,0,1,0,0,0,1
-0.645784230802548,2.375766194709501,1.3720001599099667,-1.1460357727106125,0.7865393701626379,-0.21305230081290022,1.3371775167194042,0,1,0,0,0,0,0,1,0,0,1,0,0,0,0,0,0,0,1,1,0,0,0,0,1
0.692549994843403,-0.988138759792304,-1.1609358682695126,-0.44941600810455556,-0.6718704420596109,-0.07687295851995792,0.053180611651436366,0,0,1,0,1,0,0,0,0,0,0,1,0,0,0,1,0,0,0,0,0,0,1,0,0
-1.0159617825769598,-0.4171073372993889,1.1959748097625944,0.1318858806256082,-0.8742454030010463,0.004573122741664654,-0.957662480278766,1,0,0,0,1,0,0,0,0,0,0,1,0,0,0,0,0,0,1,0,1,0,0,0,1
-1.0729121751576387,1.0881737863368102,0.16691308130240443,0.6152645971126005,0.8902436090914007,-0.20427256269524827,0.32459459158450277,0,0,0,1,0,0,0,1,1,0,0,0,0,0,0,0,0,1,0,0,0,1,0,0,1
-0.7976519443510246,-1.1808923505107287,-1.4519573665325958,-0.4863537652210526,-1.1122686960742438,-0.0047670241920076675,-0.3782980231139512,1,0,0,0,0,0,0,1,0,0,1,0,0,0,1,0,0,0,0,1,0,0,0,0,0
-1.291222013383574,-1.2259468334312165,-1.3902936649431408,0.5199055843690734,0.5248654428124684,0.566476362271391,1.5859736649913818,0,0,1,0,1,0,0,0,0,0,0,0,0,1,0,0,1,0,0,0,0,0,0,1,0
-0.6078173024154288,0.3668182952679494,0.29549579603608034,0.28130014768596023,-0.715172477995291,-0.17681253071025166,0.5403339089671966,0,0,0,1,0,0,0,1,0,0,1,0,0,0,1,0,0,0,0,0,0,1,0,0,1
1.5847728119407036,0.5942118778473582,0.5633718539083559,-0.63736196926767,-0.8404243064621113,-0.18409784531851608,-1.72144925714169,1,0,0,0,0,0,0,1,0,0,0,0,1,0,0,0,0,1,0,1,0,0,0,0,1
1.5942645440374834,-0.28362997673809764,-0.6372806245289772,-1.4421615441154754,0.7203796512449863,-0.1684063984699466,-1.45699461002742,0,1,0,0,0,1,0,0,1,0,0,0,0,0,0,0,0,0,1,0,1,0,0,0,1
-0.6932428912864469,-0.2428868509259438,0.9874865311529063,-1.0311337064833102,-1.6174820994193537,-0.08042221435475339,1.71124165572972,1,0,0,0,0,1,0,0,0,0,0,0,0,1,0,0,0,0,1,0,0,1,0,0,1
-1.243763352899675,2.2008995594040823,1.7346925212663966,-1.0579534288174273,-1.6389952128141503,-0.21174468024218612,1.1301373653602063,0,0,1,0,1,0,0,0,0,0,0,1,0,0,0,0,0,0,1,0,0,0,1,0,1
1.1196779391984937,-0.8293950347708737,-0.7763394787005662,-0.9341114551454193,-0.6679746378711301,-0.09013596716577259,0.22890376532604986,0,0,1,0,1,0,0,0,0,1,0,0,0,0,0,0,0,1,0,0,1,0,0,0,0
0.6545830664562837,0.5217569210233124,0.10062856771597668,0.6443712725139679,1.2513122574627213,-0.17606531895555785,1.2815028541690316,0,0,0,1,0,1,0,0,0,0,1,0,0,0,0,0,1,0,0,0,1,0,0,0,1
-0.8356188727381438,-0.09487930484431308,-0.32057568764391325,1.5713495824394172,1.616586995311871,-0.13366105187668556,0.7264960618700049,0,1,0,0,0,0,1,0,1,0,0,0,0,0,0,0,0,0,1,0,0,1,0,0,1
0.23694685419797284,0.5193177627278885,1.2491141477277827,0.5063224691817687,-0.8151532934518776,-0.14318800174903135,-1.370002949792463,0,1,0,0,1,0,0,0,0,1,0,0,0,0,0,0,1,0,0,0,0,0,1,0,1
1.053235814521035,-1.0851560036756496,-1.21351657075447,-1.5463218610875111,0.13828444842808765,0.012979254981969742,1.3284783506959086,0,1,0,0,0,1,0,0,0,0,0,0,1,0,0,0,0,1,0,0,0,0,1,0,0
-0.8546023369317034,-0.9673054638511471,-1.3484580745347265,-1.0925349312585755,0.6346374829551482,-0.08752072602434434,1.319779184672413,0,0,0,1,0,0,0,1,0,0,0,0,0,1,0,1,0,0,0,0,0,1,0,0,0
-1.3196972096739132,-0.9581690966685281,-1.1516183801980044,1.077437021521454,-1.6278594185408821,-0.1019045523021997,-0.9437438146411729,0,1,0,0,1,0,0,0,0,0,0,0,0,1,1,0,0,0,0,0,0,0,0,1,0
0.6071244059723848,-1.215199869936043,-1.3979352465739558,0.8305153918665215,1.4585138784606817,0.6453072023915852,0.19584693443676612,0,0,0,1,1,0,0,0,0,0,0,0,1,0,0,0,0,1,0,0,0,0,0,1,0
0.7400086553273019,-0.6793393475586615,-0.3877705701610879,0.12516362464005432,1.4384487630828426,-0.01877724459251615,-1.067271972174812,0,0,0,1,1,0,0,0,0,0,0,0,1,0,0,1,0,0,0,0,0,0,0,1,1
-0.873585801125263,0.6387773582141776,1.6810290314925964,-1.0325890402533786,0.5769933714229369,-0.12861737253250252,0.460301581551036,0,1,0,0,0,0,1,0,0,0,0,0,1,0,0,0,1,0,0,0,1,0,0,0,1
-0.9590113899962811,0.08720219800624844,-0.5668511736139215,-1.2316925603203506,-1.2738583795380443,-0.21996400954381776,1.1092593669038164,0,0,0,1,0,0,0,1,0,0,0,1,0,0,0,0,1,0,0,0,0,0,1,0,1
-1.2247798887061154,-0.872282746451667,-0.7803671715456889,-1.3400802753863945,0.9069300624296723,-0.020084865163230232,0.14539177150049098,0,0,0,1,0,0,1,0,1,0,0,0,0,0,0,0,0,1,0,0,0,0,1,0,0
-0.5508669098347501,1.2294631706808048,1.3117158051852797,-0.7970328743265991,0.3899258180893375,-0.1798013777290268,1.5042015043705221,0,0,1,0,1,0,0,0,0,0,0,0,0,1,0,1,0,0,0,1,0,0,0,0,1
-1.1393542998350972,1.625922838425239,1.0556883368813617,-0.5627934389536909,-1.2559307850423804,-0.21118427142616575,0.65516290047734,0,0,0,1,0,0,0,1,1,0,0,0,0,0,1,0,0,0,0,0,0,0,0,1,1
0.39830629984322935,0.5442479571905152,0.916353613336819,-1.1982891852168767,0.008826530483438592,-0.1603738721069884,-1.503970106554297,0,0,1,0,0,1,0,0,0,1,0,0,0,0,1,0,0,0,0,0,1,0,0,0,1
0.06609567645593657,-0.6843594040201377,-1.1836192274606228,-1.088376834772666,-0.9992214223217794,-0.20091010979912624,-1.5805227675610594,0,1,0,0,1,0,0,0,0,0,0,0,0,1,1,0,0,0,0,0,0,1,0,0,1
1.5278224193600247,0.6124602699304666,0.5848689747957656,-0.0665939249684773,-0.4264347781853215,-0.17830695421963924,1.6329491615182585,0,0,1,0,0,0,0,1,0,0,1,0,0,0,1,0,0,0,0,0,1,0,0,0,1
0.597632673875605,-0.7466177178032327,-1.1569564525646567,0.03853661451693739,1.2869950657377445,-0.10395938462760762,0.9004793823399193,0,0,1,0,0,1,0,0,0,0,0,1,0,0,1,0,0,0,0,1,0,0,0,0,0
-0.6362924987057682,-0.042743066605012064,-0.18697904705680557,1.3362785277693272,-1.4522379447698988,-0.17326327487545617,-0.03903054819761824,0,0,1,0,1,0,0,0,0,0,0,0,0,1,0,0,1,0,0,0,0,0,0,1,1
-0.09526376918931992,-0.5448658022109749,-1.0491535983487112,0.15939861904071012,-0.7134831469755074,-0.1839110423798426,-0.18691637059704544,1,0,0,0,1,0,0,0,0,0,0,1,0,0,1,0,0,0,0,0,1,0,0,0,1
-1.386139334351372,-0.6985152114039259,0.29617167599981664,-0.8147740859998135,-1.2290049171556239,-0.0027121918665997257,-0.16777820534535487,0,0,0,1,0,0,1,0,0,0,0,1,0,0,0,0,1,0,0,1,0,0,0,0,1
-0.6173090345122085,-0.3352177433040972,-0.22206963129650428,-1.4858215572175264,-0.27891136117196513,-0.14393521350372512,-0.9698413127116601,0,0,1,0,1,0,0,0,0,0,0,0,0,1,1,0,0,0,0,0,0,1,0,0,1
-1.1773212282222163,2.0360637931170094,1.4381881192158605,1.5235314728514568,0.9950166084612511,-0.19549282457759629,0.5385940757624974,1,0,0,0,0,1,0,0,0,1,0,0,0,0,0,0,1,0,0,1,0,0,0,0,1
-0.6173090345122085,0.8696327830686099,0.26867439625066597,1.3604647889957016,1.5061599084472344,-0.1839110423798426,1.4259090101590606,0,1,0,0,0,0,0,1,0,0,0,1,0,0,0,0,1,0,0,0,0,1,0,0,1
0.6355996022627242,-0.5221880391707268,0.09439391988722518,0.2647370633504203,0.11704714417937824,-0.049039320657614426,0.9056988819540167,0,0,0,1,0,0,0,1,1,0,0,0,0,0,1,0,0,0,0,0,0,1,0,0,1
0.7969590479079807,-0.8169083684288125,-0.5652649247194382,-1.3275366843205672,-1.4656491644983858,-0.09312481418454774,-0.9385243150270755,0,0,1,0,0,1,0,0,0,0,0,0,1,0,0,0,1,0,0,0,0,0,1,0,0
1.2715456527469704,1.2375605229856865,1.0342808735401618,1.6291471235935608,-0.8103611095386136,-0.18914152466269912,0.5281550765343026,0,1,0,0,0,0,1,0,0,0,1,0,0,0,0,1,0,0,0,0,1,0,0,0,1
0.5691574775852656,-1.1570778953340708,-1.5093106091696504,0.9269832303396245,-0.9279937103447767,0.014286875552683879,0.15061127111458839,0,0,0,1,0,0,0,1,0,0,0,0,1,0,0,0,0,1,0,0,1,0,0,0,0
-0.7217180875767862,0.8659429244799667,0.2653708605095465,1.0089670327201423,-1.5224658485923357,-0.20819542440739064,-1.2047187953460443,0,1,0,0,0,0,0,1,1,0,0,0,0,0,0,1,0,0,0,0,0,0,1,0,1
1.3474795095212087,1.2326057901167609,0.6888786251335991,1.5234621712433583,1.2279374323318366,-0.18727349527596465,-1.6762135938195122,0,0,0,1,1,0,0,0,0,0,1,0,0,0,1,0,0,0,0,0,1,0,0,0,1
1.1576448675856128,0.16612542301340913,-0.36117676260836024,-0.5155297422305184,-0.38299483767659775,-0.19848167159637142,1.4346081761825562,1,0,0,0,0,0,1,0,0,0,0,1,0,0,0,1,0,0,0,0,0,1,0,0,1
-0.00983818031830178,2.673469531984009,1.3904627176948867,-0.6605087063725669,-1.703465600712018,-0.22818333884544936,-1.735367922779283,1,0,0,0,1,0,0,0,1,0,0,0,0,0,0,0,0,0,1,0,0,0,1,0,1
-1.4146145306417113,-0.03526844534043503,0.10566318377237999,-0.9179641804584703,-0.7376164472581317,-0.16018706916831496,-0.8776301528626054,0,1,0,0,0,1,0,0,0,0,0,1,0,0,1,0,0,0,0,0,0,0,0,1,1
0.14202953323017492,1.100907264931857,0.17674092771387664,0.9551889848357114,0.5350359050744316,-0.20576698620463585,-1.1786212972755572,0,1,0,0,1,0,0,0,1,0,0,0,0,0,0,0,1,0,0,1,0,0,0,0,1
-0.057296840802200745,-1.0802320838220778,-0.7964365625202364,-1.3633656157074883,-0.023029425889625515,0.14691696201083068,1.0361863723064524,0,1,0,0,0,0,0,1,1,0,0,0,0,0,0,0,0,0,1,0,0,0,0,1,0
-1.566482244190188,0.32615774833694433,0.06287584402727565,0.34491902392037727,1.233281234537275,-0.1656043543898449,-1.698831425480601,1,0,0,0,0,1,0,0,0,0,0,0,1,0,0,0,0,0,1,1,0,0,0,0,1
0.1515212653269547,0.4037399909158983,0.062041339174091,0.1252329262481528,-0.6867986120915771,-0.1910095540494336,-0.06860771267750368,0,1,0,0,0,0,1,0,0,0,0,0,1,0,0,0,0,1,0,0,0,0,0,1,1
-0.6362924987057682,-0.4272500575634702,-0.3593974051528095,1.1326011015678548,-0.8202902387977504,-0.1269361460844415,0.6795205653431281,0,1,0,0,0,1,0,0,0,1,0,0,0,0,0,0,0,0,1,0,0,1,0,0,1
-1.00647005048018,-1.0822158257505694,-1.247903688093137,-0.2911311352075963,0.09349993833218907,0.037824045825538104,0.7821707244203775,1,0,0,0,0,1,0,0,0,1,0,0,0,0,1,0,0,0,0,1,0,0,0,0,0
-1.5380070478998484,-0.8712384933613194,-1.2133510491306978,1.482019809600459,0.8745914400509557,-0.050160138289655085,-1.3804419490206579,0,0,1,0,0,1,0,0,0,0,0,0,1,0,1,0,0,0,0,0,1,0,0,0,0
1.3379877774244289,2.2494580984306287,1.3811107459517595,0.9547731751871203,0.8406324389389772,-0.2048329715112686,0.4115862518194599,0,0,1,0,1,0,0,0,0,0,0,0,1,0,1,0,0,0,0,0,0,0,0,1,1
-1.186812960318996,-0.17023808023532128,0.45312755574177094,0.7419479367166467,0.8448385284168061,-0.08415827312822231,-1.7040509250946985,1,0,0,0,1,0,0,0,0,0,0,1,0,0,0,0,0,1,0,0,0,0,0,1,1
-1.6898747614483252,-1.0203990624774975,-0.3494867979294512,1.6889544113825607,-1.5020559717818875,0.18539836737756063,1.331958017105307,0,0,0,1,1,0,0,0,1,0,0,0,0,0,0,0,0,1,0,1,0,0,0,0,0
0.22745512210119306,2.5026178325792183,1.5990475505851085,-0.11545155867791523,0.2430229716546772,-0.21099746848749235,-0.618395005362433,1,0,0,0,0,0,1,0,0,0,0,0,0,1,1,0,0,0,0,0,0,0,0,1,1
0.1515212653269547,-0.14317747389111793,-0.2282560019849889,-0.09590850519414006,1.6706111118016886,-0.13160621955127766,0.6725612325243315,0,0,0,1,0,0,0,1,0,0,0,0,0,1,0,1,0,0,0,0,1,0,0,0,1
-0.07628030499576033,-0.26190248709136726,-0.8145818705262599,-1.506681341255173,0.5414484677209574,-0.18839431290800535,0.5942687383128701,0,0,1,0,0,0,0,1,0,0,0,0,0,1,0,0,1,0,0,0,1,0,0,0,1
1.470872026779346,-1.2099749069224626,-1.3392233472751045,-1.2953807381628661,0.26629436835577924,0.3045786422512194,1.3789335136321839,1,0,0,0,1,0,0,0,0,0,0,1,0,0,0,0,0,0,1,0,0,0,0,1,0
0.6735665306498434,-0.4584778161041505,-0.20815202143099484,1.0328067859060241,-0.8247031851351446,-0.10732183752372965,0.7282358950747041,1,0,0,0,0,0,1,0,0,0,0,0,1,0,0,0,1,0,0,0,0,1,0,0,1
1.1006944750049341,1.3749249454338868,0.8216062771959028,0.10444244381860474,-1.6047604025560844,-0.21062386261014543,-0.557500843197963,1,0,0,0,0,0,0,1,0,1,0,0,0,0,0,0,0,0,1,0,0,0,1,0,1
0.692549994843403,-1.205087654557162,-1.5200626179805172,0.7218504703680836,-0.8035003570296961,0.13851082977052565,1.3754538472227855,1,0,0,0,0,0,1,0,1,0,0,0,0,0,0,0,1,0,0,1,0,0,0,0,0
-1.063420443060859,2.3629473640619234,1.478809884383279,-0.9098558923109465,-0.757612610349449,-0.21678835958636916,-0.16429853893595658,0,1,0,0,0,0,1,0,0,0,0,1,0,0,1,0,0,0,0,0,0,0,0,1,1
1.2240869922630713,-0.7716613041623622,-1.0097594518909363,-0.2421348982819614,1.5564261253216147,-0.06902723509567318,-1.4552547768227209,0,0,0,1,0,0,1,0,1,0,0,0,0,0,0,0,0,0,1,0,0,0,1,0,0
-0.7881602122542448,-0.27483594215606166,-0.22946982722598477,-1.2199112869436066,-1.3655993967552775,-0.1684063984699466,-1.1838407968896547,0,1,0,0,0,1,0,0,0,0,0,0,0,1,0,1,0,0,0,0,0,1,0,0,1
0.39830629984322935,1.0991484580154498,0.6625193065478819,-0.4942541485442809,-0.7995356005546935,-0.20315174506320757,1.6573068263840467,0,0,0,1,0,1,0,0,0,0,1,0,0,0,0,0,0,1,0,0,0,0,0,1,1
-1.6898747614483252,2.3893353222809486,1.38324873359215,-1.3861658447718925,1.169121131928755,-0.21193148318085955,-0.23041220071452403,0,0,1,0,0,1,0,0,1,0,0,0,0,0,0,0,0,0,1,1,0,0,0,0,1
0.3508476393593304,1.0841073927005407,0.7542389763206322,1.7100914018526014,1.377770750943673,-0.17662572777157823,-1.6657745945913172,0,0,0,1,0,1,0,0,1,0,0,0,0,0,0,0,1,0,0,0,0,0,1,0,1
-1.4051227985449315,1.0810032895337771,0.2275698596805786,-1.6716191685295874,-0.4317785803907598,-0.21902999485045052,1.6538271599746484,0,0,1,0,0,0,0,1,0,1,0,0,0,0,0,1,0,0,0,0,0,0,1,0,1
0.37932283564966973,-0.7908202208491819,0.0010259306110771246,-0.7454724779013199,-1.4131764744553084,-0.0030857977439466286,-0.9715811459163591,0,0,0,1,1,0,0,0,1,0,0,0,0,0,0,0,0,1,0,0,0,0,1,0,0
0.06609567645593657,-0.3761580724145167,0.22913541837209034,1.49026670096418,1.6796783374793032,-0.03671032670516698,-0.1295018748419737,1,0,0,0,0,0,0,1,0,0,1,0,0,0,0,0,1,0,0,0,1,0,0,0,1
-1.3196972096739132,2.6989540525928546,1.5209213441646472,1.5261649339591996,0.32355924231212063,-0.2128654978742268,-0.2582495319897103,1,0,0,0,0,1,0,0,0,1,0,0,0,0,0,1,0,0,0,0,1,0,0,0,1
1.6891818650052812,2.748977134239177,1.5609086097742724,0.08185011957849585,-0.36175753342788836,-0.21884319191177706,0.15235110431928753,0,0,1,0,1,0,0,0,0,0,0,1,0,0,0,0,1,0,0,0,1,0,0,0,1
0.9298432972628978,-0.4746324637939537,0.6740368528686951,-1.3915020685954766,0.5237622062281199,-0.013920368187006512,-1.6361974301114317,1,0,0,0,1,0,0,0,1,0,0,0,0,0,1,0,0,0,0,0,0,0,0,1,1
-0.7122263554800065,-1.2617158141747715,-1.4734475906856817,-0.19175262919435662,0.9516456202390491,0.9948155006496034,0.340253090426795,0,0,0,1,1,0,0,0,0,1,0,0,0,0,0,0,0,0,1,0,1,0,0,0,0
0.274913782585092,2.0107555229559892,1.5496531393577653,1.42540039578399,-1.3009566281411051,-0.2037121538792279,0.3228547583798036,0,0,1,0,0,0,1,0,1,0,0,0,0,0,1,0,0,0,0,1,0,0,0,0,1
0.5027153529078071,-1.0333519297418647,-1.400038750542727,-0.2540547748749023,-0.054195859397471784,-0.07052165860506074,0.45856174834633684,0,0,0,1,1,0,0,0,0,0,0,0,1,0,0,0,0,0,1,0,0,0,1,0,0
1.2620539206501906,-0.4646243964069695,0.7020375942234861,0.18767367514489547,-1.0329390904309317,-0.029425012096902552,1.4241691769543614,0,0,0,1,0,1,0,0,1,0,0,0,0,0,0,0,1,0,0,0,0,0,1,0,1
-0.9779948541898407,0.9252921814834891,1.1003584850968744,1.1862405462360888,0.555928447890532,-0.16336271912576353,0.04448144562794065,0,0,0,1,0,0,1,0,0,1,0,0,0,0,0,0,1,0,0,1,0,0,0,0,1
1.0247606182306956,0.9962773574751483,0.3022890793450629,1.3987192766660699,-1.5613549381906215,-0.21062386261014543,1.2902020201925275,0,0,1,0,0,0,1,0,0,1,0,0,0,0,0,0,0,0,1,0,1,0,0,0,1
0.18948819371407388,0.3515969738132194,1.709953935246782,0.5543484835940248,0.6963842555354055,-0.08957555834975225,-0.4896473482146963,0,0,1,0,1,0,0,0,1,0,0,0,0,0,0,1,0,0,0,1,0,0,0,0,1
1.74613225758596,0.2184265108848541,-0.05194788573033912,-1.4531111981950373,-0.13938640939513564,-0.18727349527596465,-0.3782980231139512,0,0,0,1,0,0,1,0,0,0,0,1,0,0,0,1,0,0,0,0,0,0,0,1,1
-1.4146145306417113,-0.7009787119814794,-0.15176432159927772,-1.570993233570575,0.5081100371876749,-0.02531534744608672,-1.7075305915040968,0,0,1,0,1,0,0,0,0,0,1,0,0,0,0,0,1,0,0,0,0,0,1,0,1
-1.3671558701578121,-0.0698726941036084,-0.6924131187137553,-0.19785117070702404,1.259724436418379,-0.17830695421963924,-0.3591598578622606,0,0,0,1,0,0,0,1,0,0,0,0,1,0,0,0,0,0,1,0,0,0,0,1,1
-0.7312098196735661,-0.4920535264148069,0.9563339822121204,0.7872711884130615,0.07919233887891894,0.03334077529737537,-0.20083503623463858,1,0,0,0,0,1,0,0,0,0,0,1,0,0,0,0,0,0,1,1,0,0,0,0,1
-1.6708912972547656,0.036076934800712675,0.6433394883932825,-1.3207451267269148,0.9199275684390286,-0.11628837858005506,-0.23911136673801975,1,0,0,0,1,0,0,0,0,0,0,1,0,0,0,0,0,1,0,0,0,0,0,1,1
1.4139216341986673,-0.11187699663420209,-0.001505170885772213,0.9619805424293637,1.0202876214714849,-0.12189246674025846,0.7212765622559074,0,0,0,1,0,0,1,0,0,0,0,0,1,0,0,0,0,1,0,0,0,1,0,0,1
-1.2247798887061154,-0.33273575491733126,-0.2183660849646021,-1.2947570236899797,1.2127334531537834,-0.11722239327342229,0.8239267213331569,1,0,0,0,1,0,0,0,0,0,0,0,0,1,0,1,0,0,0,0,1,0,0,0,1
1.2240869922630713,1.6883894481921273,1.5147901473507532,-0.6388866046458369,1.4613753983513358,-0.18521866295055672,1.1979908603434728,0,0,0,1,1,0,0,0,0,1,0,0,0,0,0,0,0,1,0,0,0,1,0,0,1
0.06609567645593657,-1.1665852512215522,-1.5108968580641338,-0.7378493010104856,1.1506074429976563,0.16839929995827702,0.20280626725556272,1,0,0,0,0,0,0,1,0,0,0,1,0,0,0,0,1,0,0,1,0,0,0,0,0
-0.6647676949961075,1.3225933526772413,1.5943922549165164,0.6878233807917232,-1.0204587265704887,-0.17905416597433302,-1.540506603852979,0,0,0,1,1,0,0,0,0,0,0,0,0,1,0,0,0,0,1,0,1,0,0,0,1
1.4803637588761258,-1.0448476495101409,-0.45893107491447066,0.0769297054035028,1.4210727868793531,0.32325893611856404,-1.3143282872420903,0,1,0,0,1,0,0,0,0,1,0,0,0,0,0,0,1,0,0,0,0,0,0,1,0
-1.329188941770693,-0.7174485768183542,-0.19272402674856443,-0.974237086234447,-0.742339678884874,-0.04997333535098166,-1.3787021158159587,1,0,0,0,0,1,0,0,0,1,0,0,0,0,0,1,0,0,0,0,1,0,0,0,0
-0.5128999814476308,0.0878320160400845,0.5592751937199948,0.6386192390417929,-0.8386315470125449,-0.13702350477280759,-0.35568019145286234,0,0,1,0,0,1,0,0,1,0,0,0,0,0,0,0,1,0,0,0,0,1,0,0,1
0.38881456774644957,-1.0129734339073333,-0.5455333678189315,-1.6315628390486583,0.5421379905861753,0.14168647972797418,-0.6149153389530346,1,0,0,0,0,0,1,0,0,0,0,1,0,0,0,0,1,0,0,1,0,0,0,0,0
1.3569712416179884,0.5733699542619022,0.5388194797154849,-0.6503213699820883,0.22640547060292732,-0.17475769838484376,0.07579844331252522,0,0,0,1,0,0,0,1,1,0,0,0,0,0,0,0,0,1,0,0,1,0,0,0,1
1.1196779391984937,-1.2521853485257746,-1.628451694613989,1.0797932761968028,1.0068764017429979,0.7928815239436079,-1.3021494548091963,1,0,0,0,1,0,0,0,0,0,1,0,0,0,1,0,0,0,0,0,1,0,0,0,0
-1.0159617825769598,-0.6783915392063721,-0.9735998738310424,0.5387556217718636,0.9720554970494971,-0.10227815817954661,1.5320388356457084,0,0,0,1,0,1,0,0,0,0,0,0,1,0,1,0,0,0,0,1,0,0,0,0,1
-0.30408187531847536,2.3474327027010236,1.5917508056704857,-1.4076493432824255,-1.3690814872246275,-0.21790917721840983,-1.4117589467052425,0,0,0,1,0,0,1,0,0,0,1,0,0,0,0,1,0,0,0,0,0,0,1,0,1
-0.24713148273779662,-0.8922055177891127,-0.6273355336339996,1.0745263539813172,-1.250345649834116,-0.014667579941700317,1.613810996266568,1,0,0,0,0,1,0,0,0,0,0,0,0,1,0,0,0,1,0,0,0,0,0,1,0
0.9203515651661179,0.7351080881154357,0.011922770842744573,1.6312261718365157,-0.08694819549531908,-0.1988552774737183,1.5476973344880007,0,0,1,0,0,1,0,0,0,0,0,0,1,0,0,0,1,0,0,0,1,0,0,0,1
-1.6803830293515454,-0.9945059612850577,-1.0843062531973247,0.2663310003366856,1.0723465977954316,0.05463631030614823,1.2693240217361377,1,0,0,0,0,0,0,1,1,0,0,0,0,0,1,0,0,0,0,0,0,1,0,0,0
0.967810225650017,0.05775728053395139,0.8783870908840788,0.3102682198711305,0.00696481874735043,-0.10601421695301554,1.029227039487656,1,0,0,0,0,0,1,0,0,0,0,0,0,1,0,1,0,0,0,0,0,0,0,1,1
0.04711221226237698,1.2924951992794393,1.2320723172135737,0.7663421027673164,-0.6221558434774048,-0.18652628352127087,1.1388365313837019,1,0,0,0,1,0,0,0,0,0,0,0,1,0,1,0,0,0,0,0,0,1,0,0,1
-1.101387371447978,-0.5149599220289819,1.312267543931187,-0.7901720151248482,-0.7912958023153404,0.04529616337247597,1.7390789870049064,0,0,1,0,0,1,0,0,0,1,0,0,0,0,1,0,0,0,0,0,1,0,0,0,1
1.4423968304890067,-0.550349594553529,1.7546930508055332,1.7286642328229975,-1.5249481309071198,0.1202041417805279,-0.3226233605635786,0,0,1,0,1,0,0,0,0,0,0,1,0,0,1,0,0,0,0,0,0,1,0,0,1
-0.33255707160881476,-0.4623137283855719,-0.9238192454815641,-1.2375831970087225,-0.7835731462249006,-0.1971740510256573,0.2341232649401473,0,1,0,0,0,1,0,0,0,1,0,0,0,0,0,0,0,0,1,0,1,0,0,0,1
-0.275606679028136,-0.9557222351192657,-0.3319621960125734,1.0464592027014272,-0.8278749903151467,0.12039094471920134,-0.3330623597917735,0,0,0,1,0,0,1,0,0,1,0,0,0,0,0,0,1,0,0,0,0,0,1,0,0
0.39830629984322935,-1.1128935719671806,-1.4901376877493748,-1.601901750782503,1.4415516159763229,0.045669769249822814,1.0727228696051345,0,1,0,0,1,0,0,0,0,0,1,0,0,0,1,0,0,0,0,0,1,0,0,0,0
-0.09526376918931992,1.4712436582591568,0.6221665140190932,0.43896130611003303,1.702018878312361,-0.1988552774737183,-0.22345286789572746,0,1,0,0,0,1,0,0,0,0,1,0,0,0,1,0,0,0,0,0,0,1,0,0,1
-0.6362924987057682,1.611856080655824,0.8322203513202929,-1.4601799622210838,-1.674471164229608,-0.22201884186922563,0.5194559105108069,1,0,0,0,0,0,1,0,0,0,0,0,1,0,0,1,0,0,0,0,0,0,0,1,1
-1.5380070478998484,-1.0638118279399231,-1.3331749112730966,-1.4592097397077048,1.3520170719277866,0.03035192827860025,0.3837489205442736,0,0,0,1,0,0,1,0,0,0,1,0,0,0,1,0,0,0,0,0,0,0,0,1,0
1.74613225758596,1.921050515746305,0.809736997424574,-1.0862284849216126,0.9576789453097052,-0.21510713313830815,0.33677342401739674,0,0,1,0,0,0,1,0,0,0,1,0,0,0,0,0,1,0,0,1,0,0,0,0,1
-0.3135736074152552,-0.6295948155711392,-0.7257450357008748,0.23299692684131024,1.6069336751988212,-0.07425771737852967,-1.6883924262524062,0,0,1,0,0,0,0,1,1,0,0,0,0,0,0,0,1,0,0,0,1,0,0,0,1
1.3664629737147682,-0.7105627922771923,-0.9337850265795131,1.039251835459184,0.9242026102033791,-0.08116942610944718,0.496838078849718,0,1,0,0,1,0,0,0,0,1,0,0,0,0,0,1,0,0,0,1,0,0,0,0,0
-1.1773212282222163,-0.6995764116527182,0.2927784827124873,0.7605900692951415,0.9529212375397021,0.07705266294696181,0.14887143790988927,0,0,0,1,0,0,1,0,0,0,0,0,0,1,0,1,0,0,0,0,0,0,1,0,1
0.06609567645593657,0.7496854175492668,0.16128534609415085,0.7518580666747313,1.4522392203871994,-0.1846582541345364,1.0936008680615241,0,1,0,0,0,0,0,1,1,0,0,0,0,0,0,0,0,0,1,0,0,1,0,0,1
1.4613802946825662,-1.0689859494781695,-0.7544837276283167,0.5542098803778277,-0.9756742164745902,0.14112607091195387,0.09319677535951666,0,0,0,1,0,0,1,0,0,0,1,0,0,0,0,0,0,0,1,0,0,1,0,0,0
0.5691574775852656,1.143935175832511,1.2109614134482989,-0.916093037039811,-0.10746150073554975,-0.18297702768647536,-0.3661191906810572,1,0,0,0,0,0,1,0,0,0,1,0,0,0,0,0,0,1,0,0,0,0,0,1,1
-1.4905483874159495,0.7517304773783128,1.206602677355632,-0.5966126237057559,0.34314169168430725,-0.15701141921086634,1.5859736649913818,0,0,0,1,0,1,0,0,0,0,0,1,0,0,1,0,0,0,0,1,0,0,0,0,1
0.21796339000441325,-0.44434203718034243,-0.3849015286823704,-0.012885178692144809,-0.5778884755304196,-0.13235343130597146,-1.712750091118194,1,0,0,0,0,1,0,0,0,0,0,0,1,0,0,0,1,0,0,0,0,0,0,1,1
-0.9590113899962811,-0.9732295741831102,-1.2831184135506648,0.2066623157638827,1.2834440229818727,-0.005887841824048325,-0.8915488185001985,0,0,0,1,1,0,0,0,1,0,0,0,0,0,0,0,0,0,1,0,0,1,0,0,0
-0.39899919628627334,-0.24123804647435046,-0.7258898671216755,0.8407720298650985,-0.15710714703123407,-0.1762521218942313,-0.07208737908690196,0,0,0,1,0,0,1,0,0,0,1,0,0,0,0,1,0,0,0,0,0,0,0,1,1
-1.2342716208028952,-0.2579454796596046,1.2802873868715403,1.5315011577827835,-0.12145881489947186,-0.010744718229557911,-0.8445733219733216,0,1,0,0,1,0,0,0,0,0,0,1,0,0,1,0,0,0,0,0,0,0,0,1,1
0.5596657454884858,0.763845230625051,0.7632047309416244,0.16182417532415738,-0.467426912522522,-0.17905416597433302,0.11407477381590639,1,0,0,0,0,0,0,1,0,0,1,0,0,0,0,0,0,1,0,0,0,0,1,0,1
0.7020417269401827,-0.49260199808810834,-0.8498862535299977,1.6961617786248042,0.1639346990141912,-0.13758391358882796,-0.34698102542936665,0,0,0,1,1,0,0,0,1,0,0,0,0,0,0,0,1,0,0,0,1,0,0,0,1
-0.6837511591896671,-0.5125250775557075,-0.4866421534276604,-0.1116399702324981,1.2559320606596809,-0.0921907994911805,-1.3108486208326922,0,1,0,0,0,1,0,0,0,0,1,0,0,0,0,0,1,0,0,0,0,1,0,0,1
-1.0824039072544185,-0.4019781467605674,-0.4828972266898152,1.6584617038192238,-0.6964864083478877,-0.13590268714076695,-1.0968491366546975,0,0,0,1,0,1,0,0,0,0,0,0,1,0,0,1,0,0,0,0,0,1,0,0,1
1.7366405254891801,0.760425910311216,1.6345864225558568,-0.41850749089262745,-0.05405795482442822,-0.14281439587168443,-1.0951093034499984,0,0,1,0,1,0,0,0,0,0,0,0,1,0,0,0,1,0,0,0,0,1,0,0,1
-0.7881602122542448,-0.9141218912199631,-0.8655004600391718,-0.011845654570667406,-1.3027493875906715,-0.07295009680781553,1.0988203676756216,0,1,0,0,0,1,0,0,0,0,0,0,1,0,0,0,0,0,1,1,0,0,0,0,0
-1.613940904674087,0.46990293000465416,1.1701120560481937,-1.3366151949814697,-0.250571971411512,-0.14599004582913305,-1.347385118131374,1,0,0,0,0,1,0,0,1,0,0,0,0,0,1,0,0,0,0,0,0,0,0,1,1
0.6640747985530635,-0.6128571856308381,-1.0829613900041757,-0.6625184530074232,0.5341395253496484,-0.15738502508821325,0.053180611651436366,0,0,1,0,1,0,0,0,0,0,1,0,0,0,1,0,0,0,0,1,0,0,0,0,1
0.4457649603271283,-0.7570661031796259,-0.722241494664364,0.2612719829454956,0.07974395717109321,-0.06865362921832628,0.5107567444873111,0,0,1,0,0,1,0,0,0,1,0,0,0,0,0,0,1,0,0,0,0,1,0,0,0
1.2051035280695117,0.3629719065613077,0.9991558056288439,-0.9816523583009859,0.8774874360848707,-0.13197982542862455,1.392852179269777,0,0,0,1,0,0,1,0,0,1,0,0,0,0,0,0,1,0,0,0,1,0,0,0,1
-1.3102054775771335,-1.0254681116333866,-0.8671005024023026,0.7769452488063859,-0.546515185163008,0.07537143649890077,-0.7819393266041524,0,0,0,1,1,0,0,0,1,0,0,0,0,0,1,0,0,0,0,0,0,0,0,1,0
-0.6173090345122085,0.20204168997035646,1.405642429941659,0.808685385315496,-1.4724409647207815,-0.10844265515577033,0.5838297390846752,0,1,0,0,0,0,0,1,1,0,0,0,0,0,0,1,0,0,0,0,1,0,0,0,1
-0.20916455435067743,0.09431569073087641,0.5696409854087265,0.9006486192621969,1.0906534298669652,-0.11292592568393303,-0.16603837214065573,0,1,0,0,0,0,0,1,0,0,1,0,0,0,0,0,0,1,0,0,0,0,0,1,1
1.5847728119407036,-0.9190519736766056,0.10419417936140203,0.09550253637389908,-1.1136822179479404,0.14149967678930078,-0.9854998115539522,1,0,0,0,1,0,0,0,0,0,0,1,0,0,1,0,0,0,0,1,0,0,0,0,0
-0.5603586419315298,-1.1838433129911827,-1.3526237020663259,1.1669746991847076,0.9410269681146944,0.41404516431385885,0.4950982456450188,0,1,0,0,0,0,1,0,0,1,0,0,0,0,0,0,1,0,0,0,0,0,0,1,0
0.1515212653269547,-0.5580097101705372,-0.5545129159085714,1.0816644196154621,-0.9041362192082395,-0.12189246674025846,-0.9315649822082789,0,0,0,1,0,0,1,0,0,0,0,0,1,0,0,1,0,0,0,0,0,0,0,1,1
-0.8166354085445843,0.09499819902096786,-0.5996313518551337,1.0144418597599232,0.2705694101201298,-0.1910095540494336,1.6990628232968261,0,0,1,0,0,0,0,1,0,0,0,1,0,0,0,1,0,0,0,0,0,1,0,0,1
0.018637015972037603,1.2194880732202495,0.891973657502044,-1.4154111233894568,0.523072683362902,-0.19418520400688216,-0.33132252658707434,1,0,0,0,0,0,0,1,0,1,0,0,0,0,1,0,0,0,0,0,1,0,0,0,1
1.6891818650052812,0.3838591252793341,1.2421277558577326,-0.11212508148918754,-0.621466320612187,-0.1325402342446449,0.6708213993196324,1,0,0,0,0,1,0,0,1,0,0,0,0,0,0,1,0,0,0,0,0,0,1,0,1
-1.148846031931877,-0.24646701517992686,-0.35669388529786417,1.353396024969655,-0.7090012483515914,-0.1515941339893364,-1.3769622826112595,0,0,0,1,0,1,0,0,0,0,1,0,0,0,0,0,0,1,0,0,0,1,0,0,1
-0.46544132096373186,0.07256201002109514,1.1421802820366411,0.6314118717995495,0.9099294868933699,-0.07948819966138616,0.9491947120714954,0,0,0,1,0,0,0,1,1,0,0,0,0,0,0,0,1,0,0,0,0,0,1,0,1
0.3508476393593304,-1.2934991313822848,-1.6062924872314908,1.4565168178202135,0.8082248642737389,2.532203685932066,-0.34350135901996837,0,1,0,0,0,1,0,0,0,0,1,0,0,0,0,0,0,0,1,0,0,0,0,1,0
-1.4146145306417113,-1.1348111779186452,-1.3145537285987283,-1.017065480039316,0.6230534988194885,0.11740209770042621,-1.4970107737355003,0,1,0,0,0,0,1,0,0,0,0,0,1,0,1,0,0,0,0,0,0,0,0,1,0
-0.7976519443510246,-1.1196832199004378,-1.19306085674996,-1.4601106606129852,0.7119674722893287,0.1258082299407313,-1.4952709405308013,0,0,1,0,0,0,0,1,0,1,0,0,0,0,0,0,1,0,0,0,0,0,1,0,0
-0.01932991241508157,-0.819544730022502,-0.757966578461856,-0.7136630397841114,0.22799137319292834,-0.05763225583659294,0.5264152433296034,0,1,0,0,0,0,1,0,0,0,0,1,0,0,0,1,0,0,0,1,0,0,0,0,0
1.5468058835535843,-0.24270382161474097,1.7536309537196617,0.7217118671518866,-0.1662778011386313,0.014847284368704207,-1.0759711381983077,1,0,0,0,0,0,1,0,0,1,0,0,0,0,0,0,0,1,0,0,0,0,1,0,1
-0.8451106048349236,-0.46062517514417184,1.0568262980447953,-0.3867673543835174,0.2978745155827562,0.02400062836370305,0.8030487228767673,0,1,0,0,0,0,0,1,0,0,0,1,0,0,0,0,1,0,0,0,0,0,1,0,1
-0.14272242967321888,0.2356740962292642,0.4846870120076635,0.5007090389257908,-1.6988113213717977,-0.16597796026719178,-1.4291572787522338,0,0,1,0,0,1,0,0,0,0,0,1,0,0,1,0,0,0,0,0,0,1,0,0,1
1.6701984008117217,-1.0689736242720278,-1.3959076066827467,1.650907828536488,-1.3587041681030991,-0.061181511671388446,-1.0394346408996256,0,1,0,0,0,0,1,0,0,0,1,0,0,0,0,0,1,0,0,1,0,0,0,0,0
1.556297615650364,1.0249085032119458,0.11808420228961611,0.7381363482712295,1.337571567901473,-0.199976095105759,1.1214381993367106,1,0,0,0,0,0,1,0,0,0,0,1,0,0,0,0,0,1,0,0,0,0,0,1,1
-0.6647676949961075,-0.9815041013262774,-1.2180339317365851,0.31505003082992655,-0.119183389444253,-0.049226123596287856,1.674705158431038,0,0,1,0,0,0,1,0,0,0,0,1,0,0,1,0,0,0,0,0,0,0,1,0,0
0.9867936898435765,-0.5768558747515137,-0.7131447020912188,0.669804962686115,1.0860336266700057,-0.09517964650995565,-1.321287620060887,0,0,0,1,0,0,0,1,0,0,0,0,1,0,0,1,0,0,0,0,0,0,0,1,1
-0.9685031220930609,-0.8014507111463172,-0.40163300615200664,1.6250583287157498,-0.7114145783798539,-0.0012177683572121645,0.8256665545378561,0,0,0,1,0,1,0,0,0,0,0,0,0,1,0,1,0,0,0,0,1,0,0,0,0
-0.30408187531847536,0.4122003205416503,-0.3548110768274558,1.1463228199713564,-1.0751034136390025,-0.210437059671472,0.5977484047222683,0,0,0,1,0,0,0,1,0,0,1,0,0,0,1,0,0,0,0,0,0,0,1,0,1
-0.8830775332220427,-0.785749014782218,-0.694930426741957,-0.3022193925033553,0.2184759576529222,-0.05669824114322571,0.8900403831117244,0,0,0,1,0,1,0,0,0,0,1,0,0,0,0,0,0,0,1,1,0,0,0,0,0
0.6166161380691646,-0.9503287249116988,-0.863893520941717,-0.9535159054129975,-1.3527397953189648,-0.07425771737852967,-1.1838407968896547,0,0,1,0,0,0,1,0,0,1,0,0,0,0,0,0,0,1,0,1,0,0,0,0,0
-1.5190235837062889,-0.5169110021611981,-0.8746179428152885,-0.5973056397867408,-1.5222589917327702,-0.19418520400688216,-0.5505415103791664,0,0,1,0,0,0,0,1,1,0,0,0,0,0,0,0,1,0,0,0,1,0,0,0,1
0.7969590479079807,0.6053649568848976,-0.20572437094900312,1.71244765652795,-0.49476649412840923,-0.20501977444994204,0.18888760161796955,0,0,0,1,0,0,0,1,0,0,0,0,0,1,0,0,0,1,0,0,0,0,0,1,1
-0.9779948541898407,2.4104252906400045,1.4007319551030848,0.9206767840026615,-0.24998587697607683,-0.21323910375157368,1.540738001669204,1,0,0,0,0,0,1,0,0,1,0,0,0,0,0,0,1,0,0,0,0,0,1,0,1
-1.3102054775771335,-0.8972184872570574,-0.339183076849634,0.8587904479707068,1.3941124428493357,0.1456093414401166,0.9979100418030712,0,0,1,0,0,1,0,0,0,0,0,0,0,1,1,0,0,0,0,1,0,0,0,0,0
1.5468058835535843,-1.291226055239619,-1.6196790485540644,-1.409936296349676,0.7252063113015111,1.4059687686698585,-0.3782980231139512,1,0,0,0,1,0,0,0,0,0,0,0,1,0,0,0,0,0,1,0,0,1,0,0,0
-0.1237389654796593,-0.3126589185031155,-0.08101072417100155,0.4989764987233284,1.6868493752775686,-0.08677351426965056,0.1384324386816944,1,0,0,0,0,0,1,0,0,0,0,0,0,1,0,0,1,0,0,0,0,0,1,0,1
-1.4525814590288304,-0.5647888816785742,-1.088037386466522,0.6799922990765935,0.93158050486121,-0.14318800174903135,0.11407477381590639,0,1,0,0,1,0,0,0,0,0,1,0,0,0,0,0,1,0,0,0,0,0,0,1,1
1.3000208490373097,1.5544428054069943,1.5252249063827235,-1.140491644062733,0.08115747904478977,-0.18932832760137258,-1.0011583103962445,0,1,0,0,0,1,0,0,0,0,1,0,0,0,0,0,0,1,0,0,0,0,1,0,1
0.20847165790763347,-1.0078427587207361,-1.4122321768272763,-1.1447190421567413,0.9751928260862383,-0.06080790579404154,-1.6588152617725207,1,0,0,0,0,0,1,0,0,0,1,0,0,0,0,0,0,1,0,0,0,0,0,1,0
0.7210251911337423,1.7266012847929486,1.4079045587998784,-0.28919069018083854,0.07564129612304707,-0.19624003633229006,1.5929329978101785,0,0,1,0,0,0,0,1,0,0,0,0,1,0,0,1,0,0,0,0,0,1,0,0,1
1.432905098392227,0.3455215715758682,-0.40627450835195106,1.6710745964931495,1.5354646302189923,-0.1809221953610675,0.2619605962153336,0,0,0,1,0,0,0,1,0,0,0,0,0,1,0,0,0,0,1,0,0,0,1,0,1
0.7969590479079807,1.2146948005517788,1.4602231853805299,0.36051188574253834,0.8234977957383139,-0.16747238377657936,-1.2551739582823194,0,0,1,0,0,1,0,0,0,0,0,0,1,0,0,0,0,1,0,1,0,0,0,0,1
-1.613940904674087,0.8486879440118716,0.3308346627114373,0.894203569709037,0.8284278842246215,-0.1874602982146381,0.009684781533957777,0,0,1,0,0,0,0,1,0,0,0,0,1,0,1,0,0,0,0,0,1,0,0,0,1
-0.323065339512035,1.0077139162539446,1.3731312243390765,-0.09376015534308677,0.009102339629525728,-0.16672517202188558,-0.46007018373481096,0,0,0,1,1,0,0,0,0,0,0,1,0,0,0,1,0,0,0,0,0,0,1,0,1
-1.3766476022545922,0.8709987240392535,-0.0007051497042067548,0.7588575290926791,-1.1235423949205556,-0.21660155664769573,-0.9298251490035797,1,0,0,0,1,0,0,0,1,0,0,0,0,0,0,0,0,0,1,0,0,0,1,0,1
0.36983110355288995,-1.1096763850340678,-1.414666724043592,-0.08447373985788863,-1.4469286187077215,-0.09872890234475112,1.5198600032128144,0,0,1,0,1,0,0,0,1,0,0,0,0,0,0,1,0,0,0,0,0,1,0,0,0
0.009145283875257808,-1.1895902484848602,-1.4969378677926812,0.7262857732863872,0.9748825407968903,0.3294234330947877,0.41680575143355736,0,0,0,1,0,1,0,0,1,0,0,0,0,0,0,0,0,1,0,0,0,0,0,1,0
-0.4274743925766127,0.34270402945189704,-0.07361742497584489,0.1735361470928028,0.7657157796330591,-0.17924096891300648,0.22542409891665158,0,0,1,0,1,0,0,0,0,0,0,1,0,0,0,1,0,0,0,0,0,1,0,0,1
1.6417232045213823,-1.121490403250951,-1.3953213842652203,0.46536521879555903,0.1979281762694306,0.08209634229114487,0.8865607167023262,1,0,0,0,0,0,1,0,0,0,0,0,1,0,0,1,0,0,0,1,0,0,0,0,0
-0.46544132096373186,2.7178146992910475,1.6555524949003309,0.3725703655516762,-0.8585932339606014,-0.21790917721840983,-0.9072073173424908,1,0,0,0,0,1,0,0,1,0,0,0,0,0,1,0,0,0,0,0,0,0,1,0,1
-0.8830775332220427,-0.4275218283588926,-0.5818308805653023,-1.339872370562099,0.013618714396702565,-0.1551433898241319,-1.3874012818394545,0,0,1,0,1,0,0,0,1,0,0,0,0,0,0,0,0,1,0,0,0,0,1,0,1
0.21796339000441325,-1.0800539845933317,-1.019821787269419,-0.10332377726067887,-0.2884957289984931,0.09405173036624541,0.4637812479604343,0,0,0,1,1,0,0,0,0,0,0,1,0,0,0,0,0,0,1,0,0,1,0,0,0
0.028128748068817395,-1.134136681012546,-1.3131812784682841,-0.1018684434906105,-0.23540246837671955,0.08041511584308383,-0.9698413127116601,0,1,0,0,0,0,0,1,0,0,0,1,0,0,1,0,0,0,0,0,1,0,0,0,0
1.7271487933924003,-0.7040341305839836,-0.31262375296852557,1.1779243532642696,1.681988239077783,0.023253416609009297,-0.2565096987850112,1,0,0,0,0,0,0,1,0,1,0,0,0,0,0,0,1,0,0,0,1,0,0,0,0
-0.873585801125263,-0.438682918780424,1.1269867763212211,1.2256731612441316,-0.6055728185689158,0.020824978406254503,-0.4583303505301118,0,0,1,0,0,1,0,0,0,0,0,1,0,0,0,1,0,0,0,0,1,0,0,0,1
-1.5949574404805273,-0.34088764625938955,0.300902835745971,0.1956433600762222,1.7209462809625908,-0.050160138289655085,0.8134877221049621,1,0,0,0,0,0,1,0,0,0,0,0,0,1,0,0,0,1,0,0,0,0,0,1,1
1.005777154037136,-0.6840762324090344,-1.1645566537895287,-1.4599027557886897,0.4141625468017445,-0.16635156614453867,-0.2913063628789941,0,1,0,0,0,1,0,0,0,1,0,0,0,0,0,0,0,1,0,0,0,1,0,0,1
1.6417232045213823,-0.6276332590137026,-1.0718300608054978,-1.263640601653756,0.8052943920965631,-0.15383576925341777,0.9074387151587159,0,1,0,0,0,1,0,0,0,1,0,0,0,0,1,0,0,0,0,0,0,0,1,0,1
-1.6708912972547656,-1.1563738179332317,-0.9581787758829358,-1.3333580194008405,1.4161426983930456,0.4177812230873278,-0.6131755057483355,1,0,0,0,1,0,0,0,0,0,0,0,1,0,0,1,0,0,0,0,0,0,0,1,0
0.7684838516176413,1.1570488870370264,0.5259984506074661,0.0024304766976222607,0.22740527875749317,-0.2012837156764731,1.0501050379440455,0,1,0,0,0,0,0,1,1,0,0,0,0,0,0,0,1,0,0,0,0,0,0,1,1
-1.3102054775771335,1.5704150400459016,1.3890488871584996,-1.6709261524486025,-1.7159804407157218,-0.20576698620463585,-1.357824117359569,0,1,0,0,1,0,0,0,0,0,0,0,1,0,0,0,0,1,0,0,0,1,0,0,1
0.07558740855271637,2.2512960947964955,1.5056795613089604,-0.9804742309633114,-1.556183516701488,-0.21772237427973637,1.199730693548172,0,1,0,0,0,1,0,0,0,0,0,1,0,0,0,1,0,0,0,0,0,1,0,0,1
1.1386614033920532,-0.6835003371520678,0.08966276014107083,0.3131095858031688,1.3771501803649768,0.04641698100451662,1.2693240217361377,0,0,0,1,0,1,0,0,1,0,0,0,0,0,0,1,0,0,0,0,1,0,0,0,1
1.1006944750049341,-0.21202052905536603,0.37519445788237715,0.251500456203608,-0.5714414367406329,-0.10713503458505619,1.0814220356286302,0,0,1,0,0,0,1,0,0,0,0,0,0,1,1,0,0,0,0,0,1,0,0,0,1
1.4044299021018876,-0.42479426023975514,0.31238589839516484,0.08683983536158738,-0.6659405454187375,-0.07164247623710142,-0.37307852349985376,0,0,0,1,0,0,0,1,0,1,0,0,0,0,0,1,0,0,0,0,0,0,0,1,1
-0.7976519443510246,-0.05712319274057748,-0.3456384201767484,1.2905394664243215,0.11777114318785696,-0.16186829561637595,0.5525127414000905,0,0,0,1,1,0,0,0,0,0,1,0,0,0,0,0,1,0,0,0,0,0,1,0,1
-1.6708912972547656,0.8537486736536151,0.7410593170277737,0.9881072486824958,0.5069723244600655,-0.17401048663014998,-0.8532724879968173,0,1,0,0,0,0,0,1,0,0,0,1,0,0,0,0,1,0,0,0,0,1,0,0,1
-1.2152881566093356,-0.505836188182658,-0.1728338449586094,0.0024304766976222607,-1.0223893905930987,-0.10732183752372965,-0.132981541251372,1,0,0,0,0,0,0,1,0,0,0,0,0,1,0,0,0,0,1,0,0,0,1,0,1
-1.509531851609509,1.8039690687850387,0.9976040404059798,0.18316907061849338,-0.7355134025192173,-0.21267869493555336,0.4759600803933283,0,0,0,1,0,0,1,0,1,0,0,0,0,0,0,1,0,0,0,0,0,0,1,0,1
-0.1332306975764391,0.18056255322737946,-0.44778595224714496,-1.157470538046864,-1.4768539110581755,-0.2197772066051443,0.06535944408433036,1,0,0,0,0,0,0,1,0,1,0,0,0,0,0,0,1,0,0,0,0,0,0,1,1
-0.34204880370559454,-0.8429539940472546,-1.0242150070337053,1.5871503490858738,-0.6834889023385314,-0.08434507606689577,0.0427416124232415,0,1,0,0,0,0,0,1,0,1,0,0,0,0,1,0,0,0,0,1,0,0,0,0,0
-0.8925692653188225,-0.49414080007488786,-0.15101947429230297,1.1926162941811502,0.7081406203873697,-0.06080790579404154,-1.443075944389827,0,0,1,0,0,0,0,1,1,0,0,0,0,0,0,0,1,0,0,0,0,0,0,1,1
0.3033889788754314,-0.8693490392598112,-1.253131412710608,0.792953920277138,-1.453099848351421,-0.15738502508821325,-1.4900514409167038,0,0,1,0,0,0,0,1,0,1,0,0,0,0,0,0,0,0,1,1,0,0,0,0,0
-1.4051227985449315,-0.5725365062591878,-0.9946073265814594,-0.9357053921316847,1.1601918108241842,-0.14393521350372512,0.8274063877425553,0,0,1,0,0,1,0,0,0,0,0,0,0,1,0,0,0,1,0,0,0,0,1,0,1
0.7400086553273019,0.7049202688429533,1.3299921511434563,-1.0145706221477704,-0.05450614468681981,-0.1536489663147443,1.638168661132356,0,0,0,1,0,0,1,0,1,0,0,0,0,0,0,1,0,0,0,1,0,0,0,0,1
-0.6647676949961075,0.343774165475142,-0.07257601809294503,0.9352994233114437,0.4858039724978779,-0.17830695421963924,-1.1333856339533794,0,0,0,1,0,1,0,0,0,0,1,0,0,0,0,0,0,0,1,0,0,0,0,1,1
0.5216988171013667,-1.1906381991370503,-1.4846823708992172,1.1746671776836404,0.9087572980224996,0.36248755323998766,-1.6657745945913172,0,0,1,0,0,0,0,1,1,0,0,0,0,0,0,1,0,0,0,0,0,0,1,0,0
1.74613225758596,-1.0285013448648357,-1.147714828570711,1.0046703330180358,-0.8980339418510617,-0.014667579941700317,0.9370158796386013,0,1,0,0,0,1,0,0,0,0,0,0,1,0,1,0,0,0,0,1,0,0,0,0,0
0.6640747985530635,-0.5709453221463064,-0.8092162112223122,0.718108183530765,0.07671005656413472,-0.12955138722586976,-1.0237761420573332,0,0,1,0,1,0,0,0,0,0,1,0,0,0,0,0,0,1,0,0,0,0,0,1,1
-1.424106262738491,-0.16370448845965585,-0.2537808157175213,0.508886628681413,-1.4809910482494826,-0.17158204842739516,-1.4970107737355003,1,0,0,0,0,1,0,0,0,0,1,0,0,0,0,1,0,0,0,0,0,0,0,1,1
0.6261078701659444,1.8749634886813042,1.5588464862114442,-0.2850325936949289,-1.4833699021344842,-0.20501977444994204,-0.618395005362433,0,0,0,1,0,0,1,0,0,0,0,0,0,1,0,1,0,0,0,1,0,0,0,0,1
-1.0349452467705196,0.4507748263331885,1.6114478788993731,0.03084413601800461,-1.5155016676536355,-0.1289909784098494,-1.3421656185172768,1,0,0,0,1,0,0,0,0,0,0,0,1,0,0,0,0,1,0,0,0,0,0,1,1
-1.5949574404805273,0.09868189500654038,-0.10395615926641776,1.2400878957286183,-0.3745826587209401,-0.16821959553127314,1.0866415352427277,0,0,0,1,0,1,0,0,0,0,0,0,1,0,1,0,0,0,0,0,1,0,0,0,1
0.14202953323017492,0.654120391079556,1.4646301986134638,0.35614588443233325,0.273396453867523,-0.13590268714076695,-0.5609805096073612,0,0,1,0,1,0,0,0,0,0,0,1,0,0,0,1,0,0,0,0,0,1,0,0,1
-1.5190235837062889,0.48865603927926143,1.4225601192380388,-0.05744611269947615,-0.7974325558157791,-0.1349686724473997,-0.44441168489251864,0,1,0,0,0,0,1,0,0,0,1,0,0,0,0,0,0,0,1,0,0,0,0,1,1
0.5881409417788253,1.0907956658132834,0.38365675089772905,1.688399998517773,0.9477153399073074,-0.192877583436168,-0.7854189930135508,0,0,0,1,0,0,0,1,0,0,0,1,0,0,1,0,0,0,0,0,0,0,0,1,1
-1.0729121751576387,1.5684137346986584,1.119186569800958,1.5261649339591996,0.9320631708668625,-0.18895472172402566,1.3476165159475992,0,0,0,1,0,0,1,0,0,0,0,0,0,1,0,0,0,1,0,0,0,0,0,1,1
1.6796901329085014,0.783635814126628,0.05215142215370421,-0.867928419411358,-0.6583213177580803,-0.21398631550626745,1.3215190178771121,0,0,1,0,0,0,0,1,0,1,0,0,0,0,0,0,0,1,0,0,1,0,0,0,1
1.2715456527469704,-1.02955052803764,-1.4316671741518578,1.328378144446099,0.2383342161711959,-0.02064527397925056,0.8883005499070253,0,0,1,0,0,0,0,1,0,0,0,1,0,0,0,0,0,1,0,1,0,0,0,0,0
1.470872026779346,0.8307547690758347,0.9828036485470188,-0.6088097067310907,1.027906849132142,-0.16541755145117143,0.7960893900579707,0,1,0,0,0,0,1,0,0,0,1,0,0,0,0,0,0,0,1,1,0,0,0,0,1
-0.6268007666089883,0.27340093596841347,0.6860923444667676,0.31546584047851756,-1.2192481686127914,-0.1543961780694381,-0.6253543381812295,0,1,0,0,0,0,0,1,0,1,0,0,0,0,0,1,0,0,0,0,1,0,0,0,1
-1.0159617825769598,-0.8547929708065743,-1.2912358698498247,-0.2819140213304967,0.3025632710662375,-0.12488131375903361,0.1384324386816944,0,0,1,0,0,0,0,1,0,0,1,0,0,0,0,0,0,1,0,0,0,0,0,1,0
-0.9779948541898407,0.06690751357347978,-0.4500067006994215,-0.3368701965526021,-1.2714450495097818,-0.2065141979593296,0.787390224034475,0,0,1,0,0,0,0,1,1,0,0,0,0,0,0,1,0,0,0,0,0,1,0,0,1
0.9013681009725584,-0.406821028383758,-0.6158731611877772,1.6567984652248597,-0.18265396918755497,-0.1377707165275014,0.021863613966851783,0,0,1,0,0,0,1,0,0,0,0,0,0,1,1,0,0,0,0,0,0,0,1,0,1
-0.21865628644745724,-1.154723164700717,-1.5494358094657525,0.3435329917584074,0.27125893298534764,0.08134913053645106,0.14713160470519013,0,0,0,1,0,0,1,0,0,0,0,1,0,0,0,0,1,0,0,0,1,0,0,0,0
1.1196779391984937,-0.7806476119602073,-1.2274065936826841,-1.6220685187391646,-1.4214507488379224,-0.21230508905820644,0.22716393212135072,0,1,0,0,0,1,0,0,0,1,0,0,0,0,1,0,0,0,0,0,0,0,0,1,0
1.3190043132308693,-0.4191542459093562,-0.4313579310877577,0.3425627692450285,-1.5172944271032018,-0.15533019276280532,0.4759600803933283,1,0,0,0,0,1,0,0,0,0,1,0,0,0,1,0,0,0,0,0,0,0,0,1,1
-0.028821644511861366,-1.1112084081574696,-1.3019809819263677,0.782142869413773,-0.6940041260331035,0.042120513415027365,-0.132981541251372,0,0,0,1,1,0,0,0,0,0,0,0,1,0,0,1,0,0,0,1,0,0,0,0,0
-0.5698503740283096,-0.6735825519000709,-0.0836314832140608,-0.14733029840322226,0.1796558203411579,-0.018030032837822344,1.3284783506959086,0,1,0,0,0,0,0,1,0,0,0,0,1,0,0,0,0,1,0,0,0,0,1,0,1
0.8539094404886595,-0.021700242159447918,0.3841602125033694,1.6250583287157498,0.44853526163285373,-0.11217871392923925,0.5490330749906923,0,1,0,0,1,0,0,0,0,0,0,0,0,1,0,0,0,1,0,1,0,0,0,0,1
1.3000208490373097,-0.9422779002600018,-1.2219167931609072,-1.5039092769312332,-0.5426538571177881,-0.13440826363137934,0.4046269190006634,1,0,0,0,1,0,0,0,0,0,0,0,0,1,0,0,0,1,0,0,0,0,0,1,0
-0.598325570318649,-0.35479941456157393,-0.6114592512205196,-0.9323096133348585,-0.6302232610004534,-0.17587851601688442,0.9892108757795756,0,0,1,0,0,1,0,0,0,0,1,0,0,0,0,0,0,0,1,0,0,0,1,0,1
-1.0539287109640791,-0.8141321157454158,-0.8827422958487722,-0.37554049387156146,-0.0770535423794431,-0.08509228782158955,0.909178548363415,0,1,0,0,0,0,1,0,0,0,0,0,0,1,0,0,0,0,1,0,0,1,0,0,0
-1.4905483874159495,-0.532841331099224,-0.712792968640703,0.7671044204563999,-0.7965361760909959,-0.14524283407443922,-1.0342151412855283,0,1,0,0,1,0,0,0,0,0,0,0,0,1,0,0,0,1,0,0,0,0,1,0,1
0.22745512210119306,0.7659956709666077,0.25371537950225664,1.0804169906696892,1.3627736286251848,-0.18129580123841438,-0.6009966733154415,0,1,0,0,0,0,0,1,0,0,0,0,1,0,0,0,1,0,0,0,1,0,0,0,1
1.5468058835535843,-0.20385877754839446,0.8068955428831518,-0.034368677202677805,-1.5454269600040895,-0.09293801124587428,1.311080018648917,0,0,1,0,1,0,0,0,0,0,0,0,1,0,0,0,0,1,0,0,0,0,1,0,1
0.3128807109722112,-0.47019785462420377,0.6864440779172835,0.7044557667353617,-1.3907669813357286,-0.03129304148363702,0.7734715583968819,1,0,0,0,0,1,0,0,0,0,0,0,0,1,0,0,0,1,0,0,1,0,0,0,1
0.1799964616172941,-0.279193210657273,0.897194485385191,-1.6472250024789177,-0.904343076067805,-0.07369730856250932,0.5681712402423829,1,0,0,0,0,1,0,0,0,1,0,0,0,0,1,0,0,0,0,1,0,0,0,0,1
1.6417232045213823,-0.4151812157096094,-0.24491851211138674,-1.5772303782994392,0.3399354103610443,-0.1220792696789319,0.41680575143355736,1,0,0,0,0,0,0,1,0,0,0,0,1,0,0,0,0,1,0,0,0,0,0,1,1
-1.1773212282222163,-0.5490200129410033,-0.9726757114316478,0.6282932994351174,-0.41826393223249014,-0.16354952206443696,-0.3382818594058709,0,0,0,1,0,0,1,0,0,0,0,1,0,0,0,0,0,0,1,0,0,0,1,0,1
0.6166161380691646,-1.1731952592752957,-1.2216202335849822,0.781588456548985,1.5444284274668243,0.4837226604390543,-1.5126692725777926,0,0,1,0,0,1,0,0,0,0,0,0,0,1,0,1,0,0,0,0,0,0,1,0,0
1.005777154037136,-0.4386551870666054,-0.8697488483826573,-0.10789768339517944,1.5634937346900974,-0.13963874591423586,0.2115054332790584,0,1,0,0,1,0,0,0,0,1,0,0,0,0,1,0,0,0,0,0,0,0,0,1,1
-0.4464578567701723,1.4205423821448924,1.0965239008128191,1.3001723899500122,0.5433791317435673,-0.1870866923372912,0.3559115892690873,0,0,0,1,0,0,1,0,0,1,0,0,0,0,1,0,0,0,0,0,0,0,1,0,1
1.4423968304890067,1.1972959233019806,1.4385881298066434,0.27367697079512593,0.6547025983329873,-0.16878000434729346,-1.2203772941883366,0,1,0,0,0,1,0,0,0,0,0,1,0,0,0,0,1,0,0,1,0,0,0,0,1
1.5657893477471438,0.04512579301972635,1.3641861599210556,1.199615756599098,0.43450347132567074,-0.06398355575149012,-1.008117643215041,0,0,0,1,0,0,0,1,0,0,1,0,0,0,0,0,1,0,0,0,0,0,0,1,1
-0.0003464482215219856,0.20018613018573767,0.00963995178155348,1.666639293574846,-1.3679437744970182,-0.17905416597433302,-0.4391921852784212,0,1,0,0,0,0,0,1,0,1,0,0,0,0,0,0,1,0,0,0,0,0,1,0,1
-0.7122263554800065,0.906947652792476,0.15437481830166302,0.28220106859124067,-1.5059172998271075,-0.21660155664769573,-0.9176463165706857,1,0,0,0,0,0,0,1,0,0,0,1,0,0,0,0,1,0,0,0,0,0,0,1,1
-0.0003464482215219856,0.7953832762303463,0.8003574387441513,-1.6030105765120788,0.012136240236484214,-0.18241661887045504,1.735599320595508,0,0,1,0,0,1,0,0,0,0,0,0,1,0,0,1,0,0,0,1,0,0,0,0,1
-1.5949574404805273,-1.2680864050992142,-1.4582609817045855,-0.21905746278516305,0.8835552372987876,1.1502355456259106,-0.2739080308320026,0,0,0,1,0,0,1,0,0,0,0,1,0,0,0,0,1,0,0,0,0,0,1,0,0
-0.46544132096373186,0.4143566153561243,0.3514972787456624,1.7345548695113695,-0.6719049182028718,-0.16990082197933415,-1.3265071196749845,0,0,0,1,0,0,1,0,0,0,0,0,1,0,0,0,1,0,0,0,1,0,0,0,1
1.556297615650364,0.9599595969281381,1.7105539511329562,0.3792233199291316,1.1759474082944117,-0.1415067753009703,0.8361055537660509,0,0,0,1,0,0,1,0,0,0,1,0,0,0,0,0,0,1,0,0,0,1,0,0,1
-0.7691767480606853,-1.3048897787682037,-1.6673423794661237,1.179102480601944,1.5813523768992395,4.98025619724758,-0.5748991752449544,0,0,1,0,1,0,0,0,0,1,0,0,0,0,0,0,0,0,1,0,0,0,0,1,0
0.5406822812949262,1.2150201859939174,0.4905975133231945,1.5188189635007592,1.5125379949504993,-0.19119635698810702,-0.788898659422949,0,0,1,0,0,1,0,0,1,0,0,0,0,0,0,1,0,0,0,0,1,0,0,0,1
-1.2057964245125559,-0.9434648176114384,-1.3252574602693281,-0.014687020502705641,1.168190276060711,-0.0481053059642472,1.5337786688504076,1,0,0,0,0,1,0,0,0,1,0,0,0,0,0,0,0,0,1,0,1,0,0,0,0
-0.275606679028136,-0.7287501745898999,-1.116307100459943,0.023567467167662788,0.7107952834184583,-0.12058484616954435,-0.4270133528455272,0,0,0,1,0,0,1,0,0,1,0,0,0,0,0,1,0,0,0,0,0,0,1,0,0
-1.6803830293515454,0.42837592108189415,0.17182355614097863,-0.16257665218489084,-0.2404015091495489,-0.18447145119586295,-0.2251927011004266,0,0,1,0,0,0,0,1,0,0,0,0,0,1,0,1,0,0,0,0,0,0,1,0,1
1.6891818650052812,-0.2884405046951665,1.1949678865513136,1.2876981004922834,-0.8182906224886187,-0.022513303365985025,-1.564864268718767,0,0,1,0,0,0,0,1,0,0,0,1,0,0,0,1,0,0,0,0,1,0,0,0,1
-1.0539287109640791,2.561541561840702,1.4110770565888449,-1.3636428221398822,1.5483931839418268,-0.21342590669024714,0.799569056467369,1,0,0,0,0,0,1,0,0,0,0,0,1,0,0,0,0,0,1,0,0,0,1,0,1
-0.06678857289898053,-1.1086903685427394,-1.3959558838230137,-0.7823409334097184,-1.1331267627470836,-0.0949928435712822,-1.2673527907152133,1,0,0,0,1,0,0,0,1,0,0,0,0,0,0,0,0,0,1,1,0,0,0,0,0
0.18948819371407388,-0.0792762101293468,-0.7341383613729883,-1.6052282279712307,-1.239795949996283,-0.22313965950126635,1.5894533314007802,0,0,0,1,0,0,0,1,0,1,0,0,0,0,0,0,1,0,0,0,1,0,0,0,1
1.74613225758596,0.7249447231310673,1.5778607827422715,-1.6182569302937475,0.8504236636250705,-0.14001235179158275,-0.7575816617383644,1,0,0,0,0,1,0,0,0,0,0,0,0,1,0,0,0,0,1,0,0,1,0,0,1
1.4044299021018876,2.5756258830288687,1.5376804085715787,0.899816999965015,-1.7160149168589827,-0.2201508124824912,1.4154700109308656,0,0,0,1,0,0,0,1,0,1,0,0,0,0,0,0,1,0,0,0,1,0,0,0,1
-0.46544132096373186,-0.1331114780352682,-0.6699642484896556,0.541181178055311,1.5047808627167987,-0.16186829561637595,-0.2460706995568163,0,1,0,0,0,0,1,0,0,0,1,0,0,0,0,0,1,0,0,0,0,1,0,0,1
-0.47493305306051165,0.011518037173101838,0.1711131925056231,0.567585090740837,-0.006998019273310786,-0.14244078999433754,-1.1942797961178495,1,0,0,0,1,0,0,0,0,0,0,1,0,0,1,0,0,0,0,1,0,0,0,0,1
-0.1332306975764391,0.4936683924868991,0.15353341671415452,0.3833814164150412,-1.6304796054287098,-0.19941568628973863,1.4154700109308656,0,1,0,0,0,1,0,0,0,0,1,0,0,0,0,1,0,0,0,0,0,0,0,1,1
0.7400086553273019,1.1615016758858352,0.8329789920959153,-0.6160863755814325,-0.09091295197032165,-0.19530602163892283,-0.30870469492598546,0,1,0,0,0,0,1,0,0,0,0,0,0,1,0,0,0,0,1,0,1,0,0,0,1
0.3033889788754314,0.6551772775061987,-0.11282535960687619,0.45573229526986847,-1.228970441012363,-0.2149203301996347,0.16974943636627898,0,1,0,0,0,1,0,0,0,0,0,1,0,0,0,0,0,0,1,0,0,0,0,1,1
1.195611795972732,-0.23557954433473907,0.04222012472737439,-0.8914909661648458,0.5341050492063875,-0.12039804323087089,1.1423161977931002,0,0,0,1,1,0,0,0,0,0,0,0,1,0,0,0,0,1,0,0,0,0,0,1,1
1.053235814521035,3.108087729812702,1.7259060817378242,1.4670506622511845,-0.9400603604860889,-0.2214584330532053,-0.018152549741228517,1,0,0,0,0,0,1,0,0,0,0,0,1,0,0,0,1,0,0,0,0,1,0,0,1
-0.4274743925766127,-0.6213886933220578,0.046171953494934796,0.2388182619215837,-0.5314491105579983,-0.035589509073126274,0.22890376532604986,1,0,0,0,0,1,0,0,1,0,0,0,0,0,1,0,0,0,0,0,0,0,1,0,1
0.1989799258108537,0.06291907686605604,0.24301854456598057,-0.16784357440037634,0.42598786394023047,-0.14281439587168443,-0.52270417910398,0,1,0,0,1,0,0,0,0,0,0,0,0,1,0,0,1,0,0,1,0,0,0,0,1
0.4552566924239081,1.3972594514830914,0.7410593170277737,-1.2805501940297885,-1.4683727798159962,-0.21734876840238948,-0.9541828138693678,0,1,0,0,0,0,0,1,0,0,0,0,0,1,0,0,1,0,0,0,0,1,0,0,1
0.23694685419797284,2.6886215241541924,1.6313518541579757,-0.653509243954619,-0.5713035321675892,-0.2186563889731036,0.15757060393338496,0,1,0,0,1,0,0,0,0,1,0,0,0,0,0,1,0,0,0,0,0,0,1,0,1
-1.4146145306417113,-0.9383603334878923,-0.26719496397739045,0.5221232358282253,1.6872630889966993,0.2141660199332714,-0.3330623597917735,1,0,0,0,0,1,0,0,0,0,0,0,0,1,0,0,1,0,0,0,0,0,0,1,0
-1.6044491725773071,0.9286452538143131,0.24406684818320426,1.5231156632028657,0.1993416981431272,-0.19680044514831044,0.17148926957097813,0,0,1,0,0,0,1,0,0,0,0,1,0,0,0,0,1,0,0,0,1,0,0,0,1
-0.2661149469313562,0.6661559548768344,1.4838720873769777,-0.8521969543729999,0.6635974432942974,-0.1377707165275014,-1.1612229652285657,0,0,0,1,0,0,1,0,0,0,0,1,0,0,0,0,0,0,1,0,0,1,0,0,1
-1.291222013383574,-0.9598444003133259,-1.115700187839445,-0.72246434401262,0.6459801340879816,-0.028864603280882226,-0.1295018748419737,1,0,0,0,0,0,0,1,0,1,0,0,0,0,0,0,0,0,1,1,0,0,0,0,0
1.3474795095212087,-0.9941938254395215,-1.0284289117055716,-0.835772473253657,-1.2760303765634804,-0.07986180553873307,0.1593104371380841,0,0,0,1,0,0,0,1,0,0,0,1,0,0,0,0,1,0,0,1,0,0,0,0,0
-0.503408249350851,-1.0003339350091163,-1.1804329362030086,-0.020439053974880605,-0.6648717849776499,-0.062302329303429105,1.6642661592028432,0,0,0,1,0,0,1,0,1,0,0,0,0,0,0,0,0,1,0,0,0,1,0,0,0
-1.424106262738491,-0.6735705348240828,-0.37603232834191197,0.6819327441033514,-1.3492577048496148,-0.0845318790055692,1.2954215198066248,0,0,0,1,1,0,0,0,0,1,0,0,0,0,1,0,0,0,0,1,0,0,0,0,1
-0.645784230802548,0.20367046596196972,-0.2707122984825489,-1.0741007035043761,-0.6675609241519994,-0.2020309274311669,0.06883911049372865,0,0,0,1,1,0,0,0,0,0,0,0,0,1,0,0,0,0,1,0,0,1,0,0,1
-1.329188941770693,-0.13050747010770036,-0.29036799130549334,-0.9562879697369372,1.6042445360244717,-0.14449562231974544,1.3215190178771121,1,0,0,0,0,0,1,0,0,1,0,0,0,0,0,0,0,0,1,0,0,0,0,1,1
-0.2850984111249158,0.3150493481716683,1.1236556536428064,-1.6633029755577682,0.23319727082532302,-0.13085900779658388,0.20976560007435927,0,0,1,0,0,1,0,0,0,0,0,1,0,0,1,0,0,0,0,0,1,0,0,0,1
0.2844055146818718,0.15618021417774713,-0.5117117826948193,0.30049669312924293,1.0991000849658836,-0.18484505707320983,-0.12428237522787626,0,0,0,1,0,0,1,0,0,0,0,1,0,0,1,0,0,0,0,0,0,0,1,0,1
-1.0254535146737396,-0.5691587835160806,-0.4910905470665373,0.059673604986977914,-0.9063082162336757,-0.12357369318831947,-0.005973717308334513,0,0,0,1,0,0,1,0,0,0,1,0,0,0,1,0,0,0,0,1,0,0,0,0,1
-0.8071436764478044,-1.1294888457765462,-1.5447046497195982,1.6480664626044497,-0.8117746314123102,-0.004393418314660764,-0.35568019145286234,0,0,1,0,0,0,1,0,0,0,0,0,1,0,1,0,0,0,0,0,0,1,0,0,0
1.7366405254891801,-0.5836014600728147,-0.9750550847733727,0.54582438579791,-1.485369518443616,-0.18279022474780193,-1.0585728061513162,0,0,0,1,1,0,0,0,1,0,0,0,0,0,1,0,0,0,0,0,0,0,1,0,1
-1.4335979948352708,0.018371776178295468,0.612855922681909,1.6893702210311519,0.061057887523689805,-0.10788224633975,0.2706597622388293,1,0,0,0,0,1,0,0,0,0,0,0,0,1,1,0,0,0,0,0,1,0,0,0,1
0.8634011725854392,-0.2715401820337962,0.11370477599397762,-1.215753190457697,-1.4902651307866626,-0.1435616076263782,-0.36089969106695974,0,0,0,1,0,0,1,0,1,0,0,0,0,0,0,1,0,0,0,0,0,0,1,0,1
-1.1298625677383174,0.16532736591574013,-0.18051680699536735,-1.559073356977634,-0.41181689344270334,-0.19437200694555562,-1.1890602965037522,1,0,0,0,0,0,0,1,1,0,0,0,0,0,0,0,1,0,0,0,0,0,0,1,1
-0.8166354085445843,-0.5392676935814574,1.2215892810413367,-0.337701815849784,0.9353728806199081,0.08788723339002169,-0.6357933374094243,1,0,0,0,1,0,0,0,0,1,0,0,0,0,0,0,0,0,1,0,0,0,1,0,1
-1.5380070478998484,-1.2753505734689232,-1.6462452691694969,-0.9470708558598376,0.5467233176398738,0.7751352447696305,-1.150783966000371,1,0,0,0,1,0,0,0,0,0,0,0,1,0,0,1,0,0,0,0,0,0,1,0,0
-0.5318834456411904,2.007053647291358,1.0663437914116947,1.3274079219327202,1.2130092622998705,-0.20333854800188103,-1.0985889698593965,0,0,1,0,0,1,0,0,0,1,0,0,0,0,0,0,0,0,1,0,0,1,0,0,1
-1.386139334351372,0.04606558998802382,0.34686957001436564,1.537738302511648,-1.1330578104605618,-0.14337480468770478,-0.6497120030470176,0,0,1,0,1,0,0,0,0,0,0,0,0,1,1,0,0,0,0,0,0,0,0,1,1
1.4613802946825662,-0.9998310665985386,-1.4160943480486268,-0.9409030127390717,0.19737655797725634,-0.10283856699556694,1.2432265236656506,0,0,1,0,1,0,0,0,0,0,1,0,0,0,0,1,0,0,0,1,0,0,0,0,0
-0.5508669098347501,0.7111891768167278,0.9827208877351328,-0.6675774703986131,0.15390214132527166,-0.16523074851249797,1.685144157659233,0,0,1,0,1,0,0,0,0,0,1,0,0,0,0,0,1,0,0,0,1,0,0,0,1
-0.6268007666089883,-0.543806450743104,0.48050069427309255,1.7352478855923545,0.2256469954511877,0.017462525510132425,1.7303798209814107,1,0,0,0,0,0,0,1,0,1,0,0,0,0,0,1,0,0,0,0,0,1,0,0,1
-1.2152881566093356,-0.7705492624382358,-0.3247826955814557,0.09619555245488401,-1.4306903552318413,-0.05109415298302232,0.20976560007435927,0,0,1,0,1,0,0,0,0,0,1,0,0,0,1,0,0,0,0,1,0,0,0,0,0
-0.503408249350851,-0.876461299463825,-0.03628540208089813,0.1411722961108063,1.4519634112411122,0.1706409352223584,-1.008117643215041,0,1,0,0,1,0,0,0,0,0,1,0,0,0,1,0,0,0,0,0,0,0,1,0,0
-0.16170589386677847,-0.43952288157897446,-0.17551667461058323,0.5691097261190039,-1.2032167619964766,-0.11983763441485054,1.1109992001085156,0,0,1,0,1,0,0,0,0,0,1,0,0,0,0,0,1,0,0,0,0,0,1,0,1
1.2525621885534108,-0.8481650912039257,-1.0315048552140043,-1.6727279942591633,-0.655252941007861,-0.13963874591423586,1.6990628232968261,0,0,1,0,0,0,0,1,0,0,0,0,0,1,1,0,0,0,0,0,0,0,1,0,0
0.5691574775852656,-0.44440582012212526,-0.18392379375134438,1.5011470534356433,-0.8088441592351343,-0.10321217287291384,-0.4931270146240946,0,0,1,0,1,0,0,0,0,0,0,0,1,0,1,0,0,0,0,0,0,0,1,0,1
-1.0539287109640791,0.20087757425028177,0.4360098611499997,1.473010600547655,-1.3993860171509516,-0.1571982221495398,-0.5731593420402553,0,1,0,0,0,0,1,0,0,1,0,0,0,0,0,0,1,0,0,0,0,0,1,0,1
-0.6552759628993278,0.7387187572546192,-0.04604428114913195,-1.4347462720489366,-0.4764596620568757,-0.2169751625250426,-1.4361166115710302,0,0,1,0,0,1,0,0,1,0,0,0,0,0,0,0,0,0,1,0,0,1,0,0,1
-0.21865628644745724,1.3263611681947305,0.7763154228912446,0.05364436508240898,0.31394039834233184,-0.19866847453504488,1.4119903445214677,1,0,0,0,0,1,0,0,1,0,0,0,0,0,1,0,0,0,0,0,0,0,1,0,1
-0.873585801125263,-0.3813078516706333,-0.2908438659738383,-0.8005672563396223,-0.7214816122120343,-0.14449562231974544,0.5264152433296034,0,1,0,0,0,0,1,0,0,0,1,0,0,0,0,0,0,0,1,1,0,0,0,0,1
0.43627322823034853,0.8747012159641919,0.6475327028621773,1.1831912754797551,1.0901707638613127,-0.17363688075280306,1.1892916943199772,0,0,1,0,1,0,0,0,0,0,0,1,0,0,0,0,0,1,0,0,0,1,0,0,1
0.11355433693983553,-0.43299730118730106,1.1451665679988638,-0.948110379981315,-0.31780045077025115,0.005693940373705312,-1.6309779304973344,0,1,0,0,0,1,0,0,0,0,0,0,0,1,1,0,0,0,0,0,0,1,0,0,1
-0.49391651725407126,-0.9780185330294312,-0.5975416413550101,-0.16278455700918631,-1.684055532056136,0.011484831472582183,0.6499434008632426,0,0,0,1,0,0,0,1,0,0,1,0,0,0,0,0,0,0,1,0,0,0,0,1,0
1.195611795972732,-0.26920486360011536,0.11772557210477642,-1.5817349828258414,0.9064818725672807,-0.10844265515577033,0.5420737421718957,0,0,0,1,0,0,0,1,0,0,0,0,0,1,0,0,1,0,0,0,0,1,0,0,1
-0.8640940690284832,0.23102872603449284,-0.40595036183873057,-0.23111594259430093,-0.45984216100512576,-0.2040857597565748,-1.4709132756650132,0,0,1,0,0,1,0,0,0,0,0,0,0,1,1,0,0,0,0,0,0,0,0,1,1
-1.2532550849964548,-0.11133407130366434,-0.2677811863949168,0.58400957186018,1.3109215091608035,-0.13889153415954206,-0.6758095011175047,1,0,0,0,0,0,1,0,0,0,0,0,0,1,1,0,0,0,0,0,0,0,1,0,1
-1.0159617825769598,-0.5266127881755633,-0.9813862868826579,-1.2759762878952878,-1.3931113590774693,-0.20856903028473753,-0.3174038609494812,0,1,0,0,1,0,0,0,1,0,0,0,0,0,0,0,0,1,0,1,0,0,0,0,1
1.5657893477471438,0.659109018265371,1.077033729613647,1.6631742131699212,0.18379295753246494,-0.14785807521586747,-0.9280853157988805,0,0,0,1,0,0,1,0,1,0,0,0,0,0,0,0,0,0,1,0,1,0,0,0,1
-0.16170589386677847,-0.8027799846286894,-1.0106008534784447,1.3940760689234708,0.03458020949932483,-0.07836738202934547,1.3893725128603787,1,0,0,0,0,0,1,0,0,0,0,0,1,0,0,0,1,0,0,0,0,1,0,0,0
0.8539094404886595,-0.9010741198683053,-1.3444441751582514,-0.25343106040201585,0.7935725033878598,-0.09648726708066976,-1.150783966000371,0,1,0,0,1,0,0,0,1,0,0,0,0,0,0,0,1,0,0,0,0,1,0,0,0
-1.1678294961254365,0.14829393102804045,1.595102618551872,-0.6624491513993247,0.7688531086698003,-0.07369730856250932,-0.9507031474599694,0,0,0,1,0,0,0,1,1,0,0,0,0,0,0,0,0,1,0,0,0,0,0,1,1
0.4647484245206879,-1.1334714280110527,-1.094603077542818,-1.0915647087451965,-1.2031822858532157,0.046230178065843196,-0.3017453621071889,1,0,0,0,0,0,0,1,0,1,0,0,0,0,0,0,0,0,1,0,1,0,0,0,0
1.4898554909729056,2.11839370510171,1.514969462443173,-0.8782543590180335,-0.9627801388950167,-0.21137107436483923,-1.6762135938195122,0,0,0,1,0,1,0,0,1,0,0,0,0,0,0,1,0,0,0,1,0,0,0,0,1
0.39830629984322935,-0.5614222516209945,0.006577801741768452,-0.09694802931561747,0.4058882724191305,-0.04343523249741103,-0.7645409945571611,0,0,1,0,0,1,0,0,0,0,0,1,0,0,0,0,1,0,0,0,0,0,0,1,1
-1.613940904674087,0.23598161012249727,0.24321854986137192,-1.4341225575760501,0.11701266803611735,-0.16990082197933415,1.4311285097731579,0,0,1,0,0,0,1,0,0,0,0,0,0,1,0,0,1,0,0,0,0,0,0,1,1
-0.275606679028136,0.44800535251316964,-0.042844196422870115,-0.2081771103136996,-0.8850709119849663,-0.2020309274311669,1.6781848248404363,0,0,0,1,1,0,0,0,0,0,0,0,1,0,1,0,0,0,0,0,0,1,0,0,1
0.9773019577467967,-1.0834794675102375,-1.495655075208447,-1.2163769049305835,-0.05984994689225805,-0.09088317892046636,0.11407477381590639,0,0,1,0,0,0,1,0,0,0,0,1,0,0,0,0,0,1,0,0,0,0,0,1,0
-0.6078173024154288,1.3053904462050947,0.658808863481656,-1.4060554062961603,0.00513758315452316,-0.20819542440739064,0.1419121050910927,0,0,0,1,0,0,0,1,0,0,0,1,0,0,1,0,0,0,0,0,0,0,0,1,1
-0.9874865862866206,0.38200849557717187,1.2389414646001184,1.2952519757750192,-0.017202957678534785,-0.11983763441485054,-1.6953517590712028,0,0,0,1,0,0,0,1,0,1,0,0,0,0,0,0,1,0,0,0,0,0,0,1,1
-0.1237389654796593,-0.9631330734420599,-1.1590254728618088,1.553053957901415,-0.11042644905598646,-0.018964047531189576,-1.4813522748932082,0,0,0,1,0,1,0,0,0,1,0,0,0,0,0,0,0,0,1,0,0,0,1,0,0
-1.329188941770693,-0.7498358291268061,-0.7097928892098325,0.5485964501218498,1.4672018665624265,-0.02494174156873987,-1.5718236015375637,0,0,0,1,0,1,0,0,0,0,0,0,0,1,0,0,1,0,0,0,0,0,0,1,0
0.22745512210119306,0.18000791895100718,0.17361670706517707,-0.6883679528281612,1.097445230089361,-0.15402257219209123,-0.5540211767885647,1,0,0,0,0,0,1,0,1,0,0,0,0,0,0,0,1,0,0,0,0,0,0,1,1
0.9108598330693382,-0.9308487366048904,-1.2561314921414783,-1.3450006895613875,1.2678263300846886,-0.06529117632220426,-0.9054674841377917,1,0,0,0,0,1,0,0,0,0,0,0,0,1,0,0,0,1,0,0,0,0,1,0,0
-1.6234326367708667,-1.1105650323968776,-1.0213597590236354,-1.032381135429083,0.3352121787343021,0.16279521179807363,-0.8062969914699405,0,0,1,0,0,0,0,1,0,0,0,1,0,0,0,1,0,0,0,0,0,0,1,0,0
0.1325378011333951,1.9341839472806468,1.2217685961337565,-1.6140295321997393,1.5880407486918524,-0.20296494212453414,-1.5178887721918901,0,0,1,0,0,0,0,1,0,1,0,0,0,0,1,0,0,0,0,1,0,0,0,0,1
-1.4525814590288304,0.2617049316003363,0.5211017692375396,1.3942146721396678,-0.24098760358498406,-0.14617684876780646,-1.3386859521078784,0,0,1,0,0,1,0,0,0,0,1,0,0,0,0,0,0,1,0,1,0,0,0,0,1
0.82543424419832,0.5259129805342619,1.486706645184076,-1.2068132830129914,1.2239037235703123,-0.12226607261760536,0.5890492386987727,0,1,0,0,0,1,0,0,0,1,0,0,0,0,1,0,0,0,0,0,0,0,1,0,1
-0.3800157320927137,-0.9021433315010897,0.17988583856554777,-0.2647965241301688,-0.0019645023572205694,0.17624502338256173,-1.651855928953724,0,1,0,0,0,1,0,0,1,0,0,0,0,0,0,0,0,1,0,0,0,1,0,0,0
1.6891818650052812,1.1051187878704438,1.7009605936884944,0.5122824074782392,1.7174297143499797,-0.14673725758382683,1.429388676568459,1,0,0,0,0,0,1,0,0,0,0,0,1,0,0,0,1,0,0,0,1,0,0,0,1
-0.275606679028136,1.1503942001110197,0.612207629655468,1.72533775563427,-0.8028453103077392,-0.19922888335106523,-0.19561553662054115,0,0,0,1,0,1,0,0,0,0,0,0,0,1,0,0,0,1,0,1,0,0,0,0,1
0.25593031839153246,-0.8712286331964061,-0.6868474541144163,-0.6870512222742898,1.378012083946499,0.02624226362778442,0.3193750919704053,1,0,0,0,0,0,0,1,0,1,0,0,0,0,0,0,0,0,1,0,0,0,0,1,0
-1.651907833061206,-0.16705386322863733,0.6546156490127611,0.27866668657821747,-1.093099960421188,-0.10153094642485283,-1.2812714563528067,1,0,0,0,1,0,0,0,0,0,0,0,0,1,0,0,1,0,0,0,0,0,1,0,1
0.33186417516577077,-0.11421169880757583,-0.10401822987533231,-0.19909859965279691,-0.6599072203480814,-0.15981346329096804,1.6399084943370552,0,0,1,0,1,0,0,0,0,1,0,0,0,0,0,0,0,1,0,0,1,0,0,0,1
0.1705047295205143,2.3393516812942794,1.3418131537745184,-1.7040523211196825,-1.1158886911166375,-0.22295285656259287,1.685144157659233,1,0,0,0,1,0,0,0,1,0,0,0,0,0,0,0,0,0,1,1,0,0,0,0,1
0.38881456774644957,-0.8165047179276749,-0.5643614525230152,1.198091121220931,1.2407625576248884,0.03819765170288496,1.3632750147898915,0,0,1,0,0,1,0,0,0,1,0,0,0,0,0,0,0,1,0,0,0,0,0,1,0
0.07558740855271637,1.081745266943502,1.6682631762591682,0.11989670242456879,-1.490058273927097,-0.1700876249180076,0.3628709220878839,0,0,0,1,0,0,1,0,0,0,0,0,1,0,0,0,1,0,0,1,0,0,0,0,1
0.8918763688757786,-0.7355558452911413,-0.7571182801400237,1.0950396299784713,1.2216627742583543,-0.03745753845986074,1.6416483275417544,1,0,0,0,0,1,0,0,0,0,0,0,1,0,0,0,0,1,0,0,0,0,0,1,0
-0.2850984111249158,-0.8737275687416167,-0.26407074332869085,1.2350981799455267,0.634361673809061,0.11497365949767142,-1.056832972946617,0,0,0,1,0,0,1,0,0,1,0,0,0,0,1,0,0,0,0,0,1,0,0,0,0
0.7684838516176413,0.659039997110978,0.15396791097655646,-0.48115614461366557,0.21058092084617794,-0.19549282457759629,-1.018556642443236,0,0,1,0,1,0,0,0,1,0,0,0,0,0,0,0,1,0,0,0,0,0,0,1,1
-0.9400279258027215,1.2687235741941234,1.067495546043776,-0.2496194719565987,0.14855833911983343,-0.18914152466269912,-1.712750091118194,1,0,0,0,0,0,1,0,0,0,0,1,0,0,0,0,1,0,0,1,0,0,0,0,1
1.1196779391984937,1.0520686355957427,0.5205086500856893,-0.5016694206108196,-0.4315717235311944,-0.2037121538792279,-1.3630436169736664,0,0,0,1,1,0,0,0,0,0,0,1,0,0,0,0,0,0,1,0,1,0,0,0,1
0.82543424419832,2.5029613977004157,1.7309958716688183,0.396410118737558,-1.1450210321720913,-0.21305230081290022,0.2515215969871387,0,0,0,1,0,0,0,1,0,0,0,0,0,1,1,0,0,0,0,1,0,0,0,0,1
0.18948819371407388,1.9316945637701959,1.1075586757309634,0.45427696149980007,-1.5326018347110377,-0.21641475370902225,1.5042015043705221,1,0,0,0,1,0,0,0,0,1,0,0,0,0,0,0,0,1,0,0,0,0,1,0,1
1.2525621885534108,-0.5907617885807808,-0.4359097757414922,-1.3388328464406216,0.7071752883760647,-0.09125678479781327,1.1075195336991173,1,0,0,0,0,0,1,0,0,1,0,0,0,0,0,1,0,0,0,1,0,0,0,0,1
-0.1237389654796593,0.21332849749453228,1.4286085552400467,0.7520659714990268,-0.18389511034494707,-0.0949928435712822,0.2619605962153336,0,1,0,0,0,0,0,1,0,0,0,0,1,0,0,0,1,0,0,0,0,0,0,1,1
-0.4559495888669521,-1.2178997063413617,-1.5391803655262022,-1.4061247079042587,-0.9559883386726209,-0.02027166810190371,-1.5822626007657585,0,1,0,0,0,0,1,0,0,0,0,0,0,1,0,0,0,1,0,0,1,0,0,0,0
-0.7312098196735661,-0.4741554783162735,-0.6398186227601503,-0.48801700381541646,0.33035104253451636,-0.13851792828219517,-1.164702631637964,0,1,0,0,1,0,0,0,0,0,0,0,1,0,1,0,0,0,0,0,0,0,1,0,1
-1.4146145306417113,0.29744433184915164,1.3254540999583695,-1.1484613289940597,-0.19213490858430024,-0.12058484616954435,1.418949677340264,1,0,0,0,0,0,0,1,0,0,0,1,0,0,0,0,1,0,0,0,1,0,0,0,1
-1.2532550849964548,-0.17124011949463383,-0.40603312265061664,1.199615756599098,0.7649573044813195,-0.144308819381072,-0.7071264988020892,0,1,0,0,0,0,0,1,0,0,1,0,0,0,1,0,0,0,0,0,0,0,0,1,1
-0.14272242967321888,-0.7788022204706553,-0.34530737692920405,0.6218482498819574,-1.607104780297825,-0.04791850302557372,-1.733628089574584,1,0,0,0,0,0,0,1,0,1,0,0,0,0,1,0,0,0,0,0,0,0,0,1,0
1.1861200638759521,-0.2210345685670297,-0.24466333294140463,-0.771183374505861,0.10194659343110758,-0.15009971047994886,1.1475356974071977,1,0,0,0,0,0,1,0,0,1,0,0,0,0,0,0,0,1,0,0,0,0,0,1,1
1.74613225758596,-0.40560884435973105,-0.7613804619521569,-0.17962484777712023,0.602471241292736,-0.1536489663147443,-0.8463131551780207,0,1,0,0,0,0,1,0,0,0,1,0,0,0,0,1,0,0,0,0,0,0,1,0,1
0.10406260484305574,-1.2258562431660756,-1.4277498290559167,-0.5134506939875636,-1.5925213716984679,0.06733891013594258,-0.4548506841207135,1,0,0,0,0,1,0,0,0,0,0,1,0,0,1,0,0,0,0,0,0,0,1,0,0
-0.7407015517703459,-0.473146043933276,-0.11185981680153857,0.6763886154554718,-1.3543946501954875,-0.10844265515577033,0.8743818842694321,0,1,0,0,0,0,0,1,0,0,1,0,0,0,0,1,0,0,0,0,0,0,0,1,1
-0.5128999814476308,1.2618941774710595,0.8208959135605474,-0.5590511521163724,-0.19054900599429922,-0.199976095105759,-0.5035660138522895,0,0,0,1,1,0,0,0,0,1,0,0,0,0,0,0,1,0,0,0,0,1,0,0,1
-1.2817302812867941,-0.024076541903549582,0.5397712290521749,-1.3093103613906634,-0.45853206756121184,-0.13235343130597146,0.5107567444873111,0,0,1,0,0,1,0,0,0,0,0,0,0,1,0,0,1,0,0,0,0,0,1,0,1
-0.8925692653188225,1.5805574521798293,1.259321314527066,-1.0203919572280438,0.8515958524959408,-0.1930643863748415,-1.2551739582823194,0,0,1,0,0,1,0,0,1,0,0,0,0,0,0,0,0,0,1,0,0,0,0,1,1
-1.6898747614483252,-1.181605055555867,-1.2485106007136348,1.0762588941837796,-0.11435672938772813,0.33278588599090975,0.7804308912156784,1,0,0,0,0,0,1,0,0,0,0,0,1,0,0,1,0,0,0,0,0,0,1,0,0
-1.7088582256418847,-0.32718479020130536,0.5308606483057734,-0.9012624929067333,1.7236698962802013,-0.04324842955873761,1.1457958642024986,0,1,0,0,0,1,0,0,0,0,0,0,1,0,0,0,1,0,0,0,0,0,0,1,1
-0.778668480157465,0.1337116715117527,-0.14223993149805447,-1.2711944769364918,-0.9360611278678255,-0.19437200694555562,0.6795205653431281,0,1,0,0,0,0,0,1,1,0,0,0,0,0,0,0,0,1,0,1,0,0,0,0,1
-0.778668480157465,-0.5334763873456703,-1.0397119690593741,-1.5592812618019294,-0.5278980678021263,-0.19866847453504488,0.26891992903413015,0,0,0,1,0,0,0,1,0,0,0,0,0,1,0,1,0,0,0,0,1,0,0,0,1
1.2620539206501906,-0.2663608222829398,-0.5686512212724437,0.9329431686360949,0.8628695513422525,-0.14412201644239858,-0.9872396447586513,0,0,0,1,1,0,0,0,0,0,0,1,0,0,0,1,0,0,0,1,0,0,0,0,1
0.8349259762950998,0.7933736513689574,-0.0606170807754062,-1.201407757581309,0.022306702498447323,-0.21473352726096126,-1.503970106554297,0,0,0,1,0,1,0,0,0,0,0,1,0,0,0,1,0,0,0,0,0,0,1,0,1
-0.16170589386677847,0.5287083372871783,0.18918263643408428,-0.7645997217365041,-1.1177848789959866,-0.20016289804443246,-0.3330623597917735,0,0,0,1,0,1,0,0,0,0,0,0,0,1,0,0,1,0,0,0,0,0,1,0,1
-1.0349452467705196,0.0033834011196417937,1.270756100035993,0.0116475905747219,-0.4532916937855563,-0.08116942610944718,1.006609207826567,0,0,0,1,1,0,0,0,1,0,0,0,0,0,0,0,0,0,1,0,1,0,0,0,1
0.8918763688757786,-1.2423717112656743,-1.4428122968191837,0.2237798129642106,-0.24433178948129056,0.49549124557548135,-0.1729977049594523,0,0,0,1,0,0,0,1,1,0,0,0,0,0,0,0,1,0,0,0,0,1,0,0,0
1.243070456456631,0.20689381549815325,-0.42595778811219087,1.0378658032972141,0.15086824071831317,-0.1902623422947398,-0.6288340045906278,1,0,0,0,0,1,0,0,0,0,0,0,1,0,1,0,0,0,0,0,0,1,0,0,1
1.3095125811340895,0.42413851521040996,-0.34559703977080536,1.5934567954228367,0.8906228466672704,-0.18970193347871944,-1.6431567629302284,0,1,0,0,0,0,1,0,0,0,1,0,0,0,0,0,0,0,1,0,0,0,1,0,1
0.7589921195208615,-1.082764913684178,-0.8058850885438974,-0.30478355200299956,-0.14486811617361744,0.17661862925990868,-1.1577432988191676,0,0,0,1,0,0,0,1,0,1,0,0,0,0,0,1,0,0,0,0,1,0,0,0,0
-0.6932428912864469,-0.01683733207627722,1.5496600360920891,-0.5815741747483827,0.6504620327118975,-0.04959972947363476,1.358055515175794,0,0,0,1,1,0,0,0,0,0,0,0,0,1,0,0,1,0,0,0,0,1,0,0,1
0.1610129974237345,0.27107578582979946,-0.14332271878689737,-0.40138999369229955,-0.19847851894430435,-0.19082275111076014,-1.650116095749025,1,0,0,0,0,1,0,0,0,0,0,0,1,0,0,0,1,0,0,0,1,0,0,0,1
-1.699366493545105,-0.6675635374808175,0.3951398135469229,-0.5187176162030491,-1.6522685279695937,-0.010931521168231388,-0.5540211767885647,0,1,0,0,0,1,0,0,1,0,0,0,0,0,1,0,0,0,0,0,0,0,1,0,1
-0.16170589386677847,-0.19593058869780633,-0.014229645713257303,-0.9039652556225747,1.5306379701624675,-0.11610157564138164,-0.6566713358658142,0,0,1,0,0,0,0,1,0,1,0,0,0,0,0,0,1,0,0,0,1,0,0,0,1
0.872892904682219,-0.5769310585089774,1.081089009396065,-0.13374718321591753,1.0102550637825654,0.09554615387563296,1.1892916943199772,0,1,0,0,0,0,1,0,1,0,0,0,0,0,1,0,0,0,0,0,1,0,0,0,1
-0.6742594270928873,-1.0943117830579416,-1.0597124985985107,1.6515315430093742,1.5550126034479181,0.3045786422512194,-1.1560034656144684,0,0,1,0,0,0,1,0,0,0,0,1,0,0,0,0,0,1,0,1,0,0,0,0,0
0.9488267614564574,2.4390548957260343,1.3131641193932861,1.037172787216229,-1.4778881953560024,-0.220898024237185,1.662526325998144,0,0,1,0,0,0,0,1,0,0,0,1,0,0,0,1,0,0,0,0,0,1,0,0,1
-1.4146145306417113,-0.07273337444907518,-0.14066057933789508,-1.3950364506084998,1.3763917052132373,-0.1474844693385206,-1.6309779304973344,0,0,0,1,0,0,1,0,0,0,0,0,0,1,1,0,0,0,0,1,0,0,0,0,1
1.4803637588761258,0.12048426028058101,-0.28987142643417685,1.6862516486667196,1.428450681537184,-0.1575718280268867,-1.6570754285678215,0,0,0,1,0,0,1,0,0,0,0,0,1,0,0,0,0,1,0,0,0,1,0,0,1
0.22745512210119306,-0.008612105757676371,1.570115750096599,-1.5671123435170593,1.1775677870276737,-0.04941292653496133,1.587713498196081,0,0,0,1,0,0,1,0,0,1,0,0,0,0,0,0,0,1,0,0,1,0,0,0,1
1.75562398968274,-1.2952249683722632,-1.6358587872777934,0.4848389706712357,-0.7654386948696714,1.258394447117836,0.3593912556784856,1,0,0,0,0,1,0,0,0,0,0,0,1,0,0,1,0,0,0,0,1,0,0,0,0
0.4837318887142475,-0.2577387243265792,-0.2929887503485526,-1.2777781297058488,-1.0734485587624796,-0.1713952454887217,0.37330992131607876,0,0,0,1,0,0,0,1,0,0,0,1,0,0,0,1,0,0,0,0,1,0,0,0,1
0.6071244059723848,1.1958286075108224,1.123890142609817,-1.3280217955772566,0.3297304719558203,-0.18652628352127087,0.9526743784808936,0,0,0,1,0,0,1,0,1,0,0,0,0,0,1,0,0,0,0,0,0,0,1,0,1
-1.3102054775771335,-1.1403045222959591,-1.5001310557846192,-1.4931675276759666,-1.1752221336686324,-0.14486922819709236,0.11407477381590639,1,0,0,0,0,1,0,0,1,0,0,0,0,0,1,0,0,0,0,0,1,0,0,0,0
-0.21865628644745724,-1.2482807232201139,-1.6322724854293966,-0.2413032789847795,-1.5320502164188636,-0.011491929984251718,-0.206054535848736,0,1,0,0,0,1,0,0,0,0,1,0,0,0,0,0,0,0,1,0,1,0,0,0,0
1.651214936618162,1.1024322010617271,0.8902563706554079,-1.0542804435882072,0.23947192889880534,-0.19007553935606636,0.02708311358094921,1,0,0,0,1,0,0,0,0,0,0,0,1,0,0,0,1,0,0,0,1,0,0,0,1
-0.7976519443510246,-0.9394363239840544,-1.1236659159834803,0.09356209134714126,0.8305654051067968,-0.018964047531189576,0.20106643405086358,0,1,0,0,0,1,0,0,0,1,0,0,0,0,1,0,0,0,0,1,0,0,0,0,0
-0.4274743925766127,2.722326340999182,1.5396045974479302,-0.34248362680858,1.7236354201369404,-0.21118427142616575,1.7390789870049064,0,1,0,0,0,0,0,1,0,0,0,0,1,0,1,0,0,0,0,0,1,0,0,0,1
-0.5603586419315298,-1.0518958186422183,-1.4307774954240826,0.13722210444919217,-1.2636534411328202,-0.1276833578391353,0.983991376165478,1,0,0,0,0,0,0,1,0,0,1,0,0,0,0,0,0,0,1,0,1,0,0,0,0
0.1325378011333951,-0.03600549266770307,0.7034997019001402,-0.316218317339251,0.24936658201468132,-0.10451979344362795,-0.6044763397248398,0,1,0,0,1,0,0,0,0,0,0,0,0,1,0,0,1,0,0,0,0,0,1,0,1
0.7210251911337423,-0.8325851062504749,-0.4790626424057601,1.0319751666088421,1.2003909938663841,0.05949318671165787,0.8047885560814664,0,1,0,0,0,1,0,0,0,0,0,0,1,0,0,0,0,0,1,1,0,0,0,0,0
-0.19018109015711784,-0.34888855382621314,-0.656612170838701,-1.6268503296979606,1.04986815238933,-0.1575718280268867,0.7351952278935007,1,0,0,0,0,1,0,0,0,0,0,1,0,0,1,0,0,0,0,0,0,1,0,0,1
-0.0003464482215219856,1.4086987834332696,0.7513009674986764,-1.007917667770315,-0.3778923684739857,-0.2096898479167782,0.3454725900408925,1,0,0,0,0,0,0,1,0,0,0,0,1,0,0,0,0,0,1,0,0,0,1,0,1
1.6891818650052812,0.10284781468240325,0.298875195854762,-1.5990603848504648,-1.5964516520302097,-0.17587851601688442,-1.6066202656315465,1,0,0,0,0,0,1,0,0,0,0,0,1,0,1,0,0,0,0,0,0,0,1,0,1
-1.5569905120934082,-1.1958095475039145,-1.3823831106736961,0.09037421737461056,-1.1403667528318708,0.1112376007242025,1.0240075398735584,0,0,0,1,1,0,0,0,1,0,0,0,0,0,0,0,1,0,0,1,0,0,0,0,0
-0.8451106048349236,-1.0925295582498655,-1.3733483887094655,-1.5815963796096444,0.5570316844748805,-0.006074644762721803,1.6346889947229577,0,0,0,1,0,0,1,0,0,1,0,0,0,0,0,0,1,0,0,1,0,0,0,0,0
0.6071244059723848,-0.9923552128133475,-1.2332136439833574,0.883392518845672,0.34734778116213605,-0.006821856517415557,0.8865607167023262,0,0,1,0,0,0,0,1,1,0,0,0,0,0,0,0,1,0,0,0,0,0,1,0,0
0.6071244059723848,-0.15748272439937308,1.5613637942396459,-1.220812207848887,0.9853977644914622,-0.018964047531189576,-0.7436629961007712,1,0,0,0,0,0,1,0,0,0,0,0,0,1,0,0,0,0,1,0,0,1,0,0,1
0.9488267614564574,1.1466633602119556,1.2141752916432085,-0.7799846787343697,-1.6369955965050185,-0.192877583436168,0.3698302549066805,0,0,0,1,1,0,0,0,1,0,0,0,0,0,0,0,1,0,0,0,0,0,1,0,1
1.3949381700051076,-0.38745412384329875,-0.6977167074087884,-1.5228286159421218,-0.4600145417214302,-0.18166940711576127,1.272803688145536,1,0,0,0,0,1,0,0,0,1,0,0,0,0,0,1,0,0,0,0,0,1,0,0,1
0.39830629984322935,-0.5144111422255269,-0.9077222675697212,-1.4539428174922193,1.5291210198589882,-0.1435616076263782,0.3559115892690873,0,0,0,1,0,0,0,1,0,0,0,0,1,0,0,0,1,0,0,1,0,0,0,0,1
1.518330687263245,-0.4106948406740648,1.216478800907371,1.1836763867364446,1.6800920511984339,0.06098761022104543,-1.0411744741043247,0,0,0,1,0,0,0,1,1,0,0,0,0,0,0,1,0,0,0,0,1,0,0,0,1
-1.0729121751576387,-1.0659477861642634,-1.3570927859081743,0.6825564585762378,1.106650360340019,0.0791074952723697,-0.21127403546283344,0,0,0,1,1,0,0,0,0,0,1,0,0,0,0,1,0,0,0,1,0,0,0,0,0
-0.6552759628993278,-0.7240872409763768,-0.3575076999480773,-0.6729136942221972,1.0371119793828,-0.016348806389761304,-0.8480529883827199,0,0,1,0,0,1,0,0,0,0,1,0,0,0,0,0,0,1,0,1,0,0,0,0,0
1.5088389551664652,-0.6449273720112972,-0.8521690725911887,1.4768221889930722,-0.8418378283358079,-0.1301117960418901,-0.9715811459163591,0,0,0,1,1,0,0,0,0,0,0,1,0,0,0,0,1,0,0,0,0,1,0,0,1
1.698673597102061,-0.5976515788139386,-1.069871388257527,0.6322434910967315,-0.7871931412672942,-0.17438409250749684,0.6534230672726409,0,0,1,0,0,0,0,1,1,0,0,0,0,0,0,0,0,1,0,0,0,0,0,1,1
0.4932236208110273,-0.3804420059391855,-0.18937911060150195,0.8241396439214601,-1.0549348698313807,-0.12712294902311494,0.4620414147557351,0,0,0,1,0,0,0,1,0,0,0,0,1,0,0,1,0,0,0,0,0,1,0,0,1
1.0817110108113746,0.9446347437418187,0.11856007695796109,-0.49695691126012215,-1.3098169969591544,-0.22071122129851153,0.8117478889002631,1,0,0,0,0,1,0,0,0,0,0,1,0,0,0,0,0,1,0,0,1,0,0,0,1
0.21796339000441325,-1.1935694412876776,-1.2867667860079763,-0.29424970757202856,0.23050813165097345,0.3225117243638702,1.733859487390809,0,1,0,0,0,0,0,1,0,0,1,0,0,0,0,0,0,1,0,0,1,0,0,0,0
-1.5949574404805273,-0.311795537812896,0.18909297888787438,-0.38510411578915354,-0.4468101788525086,-0.10713503458505619,-0.7140858316208858,1,0,0,0,0,0,0,1,0,0,0,1,0,0,0,1,0,0,0,0,0,1,0,0,1
-1.3196972096739132,-0.9701156108514334,-0.7122343331604719,-0.8257930416874739,0.5753385165464141,0.06939374246135052,1.16319419624949,1,0,0,0,1,0,0,0,0,0,1,0,0,0,0,0,0,1,0,0,0,0,0,1,0
-1.1773212282222163,-0.3699840685280327,0.08055907083360182,-0.28842837249175507,-0.24853787895911936,-0.10078373467015903,0.9370158796386013,0,0,0,1,0,0,0,1,0,0,0,0,0,1,0,0,0,0,1,0,0,0,0,1,1
0.5406822812949262,-0.7030927929649184,1.0709370164713723,1.135026657851302,-1.3289167803256885,0.12767625932746576,1.2049501931622693,1,0,0,0,0,1,0,0,0,0,0,1,0,0,0,1,0,0,0,0,0,0,1,0,1
-1.0444369788672994,1.4934734000561578,0.6405945881323941,-0.675269948897546,0.08243309634544278,-0.21193148318085955,-0.04251021460701653,0,0,1,0,1,0,0,0,1,0,0,0,0,0,0,0,1,0,0,0,1,0,0,0,1
1.3854464379083278,-1.1530136586088762,-1.3175538080295988,1.644462778983328,-1.4249328393072724,0.08844764220604201,-0.6740696679128055,1,0,0,0,1,0,0,0,1,0,0,0,0,0,0,0,0,1,0,0,1,0,0,0,0
-0.5698503740283096,-0.013281818234577393,0.02886804707641984,-0.031873819311132034,-0.2781184098769646,-0.1558906015788257,1.5581363337161955,0,0,1,0,0,0,0,1,1,0,0,0,0,0,0,0,0,0,1,1,0,0,0,0,1
0.1325378011333951,0.22822073594528142,-0.1850272712431588,-1.5724485673406432,-0.748683289244878,-0.2024045333085138,0.07927810972192352,0,0,0,1,1,0,0,0,1,0,0,0,0,0,0,0,0,0,1,0,1,0,0,0,1
-0.873585801125263,-1.1770906406763504,-1.5393389904156505,-1.3580986934920027,1.064313656415644,0.13981845034123974,0.0027254487151612042,0,1,0,0,1,0,0,0,0,0,1,0,0,0,0,0,0,1,0,0,0,1,0,0,0
0.06609567645593657,-0.6693811972565509,0.736210912798114,1.0955940428432591,1.0796900163100016,0.12412700349267027,-1.4848319413026063,1,0,0,0,1,0,0,0,0,1,0,0,0,0,0,1,0,0,0,0,1,0,0,0,1
1.7176570612956206,-0.9925721364414397,-0.4694279045553554,-1.0001558876632837,1.5935569316135951,0.20351825242888488,-0.7610613281477627,0,1,0,0,1,0,0,0,1,0,0,0,0,0,0,1,0,0,0,1,0,0,0,0,0
1.4613802946825662,-0.7496839209611108,-1.2189443006673322,-0.4961945935710387,0.7007972018727997,-0.13702350477280759,1.4137301777261666,0,0,0,1,0,0,1,0,1,0,0,0,0,0,0,0,0,1,0,0,0,0,0,1,0
-0.8640940690284832,-0.7605328755371061,0.8138060706756397,-0.06929668768431854,-0.7406158717218293,0.13253313573297534,0.17148926957097813,0,1,0,0,0,1,0,0,1,0,0,0,0,0,1,0,0,0,0,0,0,0,1,0,0
-0.4274743925766127,-0.13903897779892013,-0.6343908928472881,0.5836630638196875,-0.49438725655253946,-0.1867130864599443,-0.9924591443727487,0,0,1,0,0,1,0,0,0,0,0,0,0,1,1,0,0,0,0,0,0,0,1,0,1
-0.778668480157465,1.6207702859977406,1.4427192736666237,-0.06361395582024207,-0.6614586467948216,-0.19530602163892283,0.7665122255780852,0,0,1,0,0,0,0,1,0,0,0,0,1,0,1,0,0,0,0,0,0,0,0,1,1
1.2145952601662915,-0.13233437378803994,1.6317242778114631,0.9391110117568608,1.0676923184552112,-0.0036462065599669577,0.43594391668524796,0,0,0,1,0,0,1,0,1,0,0,0,0,0,0,0,0,0,1,0,1,0,0,0,1
0.9962854219403563,-1.1797778437453739,-1.5172418536420667,-1.7064085757950311,-1.3028872921637151,-0.14075956354627653,-0.12776204163727456,0,1,0,0,1,0,0,0,0,1,0,0,0,0,0,0,0,0,1,0,1,0,0,0,0
-1.5569905120934082,-0.04850201917467753,-0.6753299077936032,1.1912302620191804,-1.4373787270244545,-0.20539338032728893,-0.7297443304631781,0,0,1,0,0,0,0,1,1,0,0,0,0,0,0,1,0,0,0,0,1,0,0,0,1
0.9108598330693382,0.6998250286240134,-0.017326279424661535,-0.42211117451374913,1.7098794389758445,-0.19194356874280077,0.7682520587827844,1,0,0,0,0,0,1,0,0,0,1,0,0,0,0,0,0,1,0,1,0,0,0,0,1
0.7874673158112009,-0.6972423257396515,0.6322771265378428,0.24228334232650836,-1.299715486983713,0.053889098551454476,-1.2725722903293109,0,0,0,1,1,0,0,0,0,0,0,1,0,0,0,0,0,0,1,0,1,0,0,0,1
0.43627322823034853,-0.6129653393147307,-0.4741383740985382,1.6621346890484439,-0.13038813600404286,-0.07388411150118276,0.8656827182459365,0,1,0,0,0,0,1,0,1,0,0,0,0,0,0,0,0,1,0,1,0,0,0,0,1
-1.1963046924157759,0.9568989401130238,0.7351419189779188,1.5064832772592274,0.14831700611700718,-0.18036178654504714,0.03926194601384322,1,0,0,0,0,1,0,0,0,0,1,0,0,0,0,0,1,0,0,1,0,0,0,0,1
-1.0824039072544185,-0.010084967891598304,1.2406104743064879,-1.4979493386347627,-0.17855130813950884,-0.08696031720832402,1.3771936804274847,0,0,1,0,0,0,0,1,0,0,0,1,0,0,0,0,1,0,0,1,0,0,0,0,1
1.613248008231043,-1.1272478151698486,-1.2598833156136473,-0.7411757781992133,-0.9479553972928332,0.0008370639681957254,-0.8793699860673045,0,0,0,1,0,0,1,0,0,0,0,0,1,0,0,0,1,0,0,1,0,0,0,0,0
1.3474795095212087,-0.1419739175113901,0.0662828307832527,-1.3517922471550399,-0.28646163654610046,-0.1474844693385206,1.137096698179003,0,0,1,0,0,1,0,0,0,0,0,0,0,1,0,0,0,1,0,0,0,1,0,0,1
0.05660394435915678,-0.9460161352827509,-0.29575434081241253,0.5280831741246957,0.11887437977220551,0.1484113855202183,-0.6479721698423184,0,1,0,0,0,1,0,0,0,1,0,0,0,0,0,0,1,0,0,0,0,0,1,0,0
1.0152688861339159,1.2473883342328498,1.6886913033263828,-0.59411776581421,1.4133156546456525,-0.16093428092300874,-0.2686885312179052,0,1,0,0,0,0,0,1,0,1,0,0,0,0,0,0,0,1,0,0,0,0,1,0,1
0.597632673875605,0.17611161315949195,-0.4514757051103994,1.3631675517115427,-0.6031594885406534,-0.1960532333936166,-0.019892382945927663,1,0,0,0,0,1,0,0,0,1,0,0,0,0,0,0,0,1,0,0,0,0,0,1,1
1.4044299021018876,1.5803651789640203,0.5467921045938441,1.3913733062076297,1.4544112174126356,-0.20333854800188103,0.7108375630277126,0,0,0,1,0,0,0,1,0,0,1,0,0,0,0,0,0,0,1,1,0,0,0,0,1
-1.6044491725773071,1.6849374660820169,0.9986178603515844,-1.2795799715164096,1.5270869274065957,-0.20091010979912624,0.7421545607122972,1,0,0,0,0,0,0,1,1,0,0,0,0,0,0,0,0,0,1,0,0,0,0,1,1
0.9773019577467967,-1.186807525068239,-1.585264344278102,0.34748318342002155,0.28739376803144506,0.15158703547766683,0.909178548363415,0,1,0,0,0,0,1,0,0,0,0,0,0,1,0,0,0,0,1,0,0,0,1,0,0
-1.329188941770693,0.21322866332478527,0.9483475638651134,0.22987835447687802,0.14149072975135057,-0.12039804323087089,-1.3717427829971622,0,0,0,1,1,0,0,0,0,0,1,0,0,0,0,1,0,0,0,0,0,1,0,0,1
-0.17119762596355828,-0.3006825156953168,0.8437516911097537,-1.3125675369712926,0.45436172984394446,-0.04829210890292062,-1.5718236015375637,0,1,0,0,0,0,1,0,0,1,0,0,0,0,0,0,0,1,0,0,0,0,0,1,1
0.24643858629475265,-0.37209414381947564,0.23740460282637468,-0.19244564527534155,0.15993546639592773,-0.07855418496801893,0.0027254487151612042,0,0,0,1,0,0,1,0,1,0,0,0,0,0,0,0,0,1,0,1,0,0,0,0,1
0.3033889788754314,1.939715191666846,1.6247240924727653,-1.6219299155229676,0.5901977342918585,-0.19792126278035108,0.46900074757453175,0,0,0,1,0,0,0,1,0,1,0,0,0,0,0,0,0,1,0,1,0,0,0,0,1
-1.0918956393511983,-0.9026961169965407,-0.8422515686335066,-1.3463174201152588,0.14424882121222193,-0.04306162662006413,0.9317963800245039,0,0,0,1,0,0,1,0,0,0,0,0,1,0,1,0,0,0,0,0,0,0,1,0,0
-1.4620731911256102,-1.314484335489137,-1.6757150149352658,0.17894167252448528,-0.8606618025562549,5.124094460026133,1.2206086920045616,1,0,0,0,1,0,0,0,1,0,0,0,0,0,0,0,1,0,0,0,1,0,0,0,0
-1.3196972096739132,-0.2613527828974517,0.6782093771346184,0.31449561796513864,-1.0042204630946088,-0.08079582023210029,-0.09470521074799083,1,0,0,0,0,0,1,0,0,0,0,1,0,0,0,0,0,0,1,0,0,0,0,1,1
1.1291696712952735,-1.0047026043260086,-0.8090024124582732,0.6923972869262238,0.042475246306069074,0.09535935093695955,0.6203662363833572,0,0,0,1,0,1,0,0,0,0,0,0,1,0,0,0,0,0,1,1,0,0,0,0,0
-0.46544132096373186,0.16155523657610157,0.8593796910875754,-0.45918753484644315,0.26095056615034096,-0.121705663801585,-1.2638731243058152,1,0,0,0,0,0,0,1,0,0,0,1,0,0,1,0,0,0,0,1,0,0,0,0,1
0.38881456774644957,-1.056681079926697,-0.8490655421454607,0.3962022139132625,-0.08822381279597208,0.1420600856053211,-0.6410128370235219,0,0,0,1,0,0,0,1,0,0,1,0,0,0,1,0,0,0,0,0,1,0,0,0,0
1.2145952601662915,-0.4112895318703973,0.0035156517019834213,-0.3588388063198245,-1.1381602796631738,-0.11610157564138164,-0.11036370959028312,0,0,1,0,1,0,0,0,0,0,1,0,0,0,0,0,1,0,0,1,0,0,0,0,1
-1.1203708356415376,0.14292322245183559,0.49139753450476,-1.1251066870648674,0.37965192739759174,-0.1430011988103579,-0.4583303505301118,0,0,1,0,1,0,0,0,0,1,0,0,0,0,0,1,0,0,0,0,0,1,0,0,1
1.243070456456631,2.415670282113565,1.5241972929684713,0.13098495972032775,-1.5763520605091097,-0.21828278309575672,0.05666027806083465,0,0,0,1,0,0,0,1,0,0,1,0,0,0,0,0,0,0,1,0,0,0,0,1,1
1.2145952601662915,-0.9923456607785877,-1.2601867719238964,-1.5718941544758553,0.41581740167826736,-0.07238968799179521,-0.42005402002673065,0,1,0,0,0,0,1,0,0,1,0,0,0,0,0,0,0,1,0,0,0,0,0,1,0
0.4837318887142475,0.494377399970195,0.24217024624414824,0.819635039395058,-0.2403325568630271,-0.18073539242239403,-1.3056291212185946,0,0,1,0,0,0,0,1,0,0,0,1,0,0,0,0,1,0,0,0,0,0,0,1,1
0.8539094404886595,-0.6858929677943071,0.33653136526292926,-0.535280700538589,-0.8778998741867008,0.009616802085847719,-0.33132252658707434,0,1,0,0,0,0,1,0,0,0,0,0,0,1,1,0,0,0,0,1,0,0,0,0,1
0.11355433693983553,0.6773503233549482,-0.09510075239460698,0.7788856938331438,0.14462805878809173,-0.20221773036984034,0.7839105576250767,0,0,1,0,0,0,1,0,0,0,0,0,0,1,0,0,0,1,0,0,0,0,0,1,1
0.42678149613356875,-0.2143906661963969,0.7833225049642661,-1.6203359785367022,1.2150433547522632,-0.06304954105812288,0.9143980479775125,0,1,0,0,0,0,1,0,0,0,0,0,0,1,1,0,0,0,0,1,0,0,0,0,1
-1.1298625677383174,0.815194812582364,0.8236959876960265,-0.3583536950631351,-0.2118552625295304,-0.1794277718516799,-0.9733209791210583,1,0,0,0,0,1,0,0,1,0,0,0,0,0,0,0,0,0,1,0,0,1,0,0,1
-0.6647676949961075,0.3506799784762839,-0.2534842561415962,-1.527194617252327,0.18296553009420352,-0.20296494212453414,-1.6796932602289105,1,0,0,0,1,0,0,0,0,0,1,0,0,0,0,0,0,0,1,0,0,0,1,0,1
-0.6742594270928873,-1.100123117753709,-1.1991713633608825,1.6687183418178007,-0.683316521622227,0.09834819795573467,-0.22345286789572746,0,0,1,0,0,1,0,0,0,0,0,0,1,0,0,1,0,0,0,0,0,0,1,0,0
-0.7691767480606853,-0.8693844742274683,0.32653110049336104,-0.47637433365486953,-0.7102079133657226,0.13907123858654596,0.8326258873566527,0,0,0,1,0,0,1,0,0,0,1,0,0,0,1,0,0,0,0,0,1,0,0,0,0
1.3379877774244289,0.6159892845789621,0.4749764100796966,-0.32495031995966117,-1.5093993902964575,-0.19362479519086181,0.23760293134954558,0,1,0,0,0,1,0,0,1,0,0,0,0,0,0,0,0,0,1,0,0,1,0,0,1
0.8634011725854392,-0.6870130209024256,-0.403384776670262,-0.26465792091397183,0.006482152741697943,-0.06043429991669464,1.3215190178771121,0,0,1,0,1,0,0,0,0,0,0,0,0,1,0,1,0,0,0,0,0,0,0,1,1
1.7271487933924003,-0.63725862874999,-0.4179644730308601,-0.2665290643326311,-1.5690086419945397,-0.11778280208944265,0.9857312093701772,0,0,1,0,1,0,0,0,0,0,1,0,0,0,0,0,0,0,1,0,0,0,0,1,1
1.6607066687149419,0.9905325788925458,1.3505099357568806,0.2334820380979997,1.0124615369512624,-0.15813223684290703,-0.35394035824816317,0,0,1,0,0,0,1,0,1,0,0,0,0,0,0,0,1,0,0,0,0,0,0,1,1
-0.4084909283830531,-0.3000647147374688,0.06459313087391186,1.4476462119836064,1.391802541250856,-0.07444452031720313,1.5233396696222126,0,1,0,0,0,1,0,0,0,0,0,0,1,0,0,0,0,0,1,0,0,0,1,0,1
0.9298432972628978,-0.8088184112476158,-1.0894374235342617,0.44000083023151043,0.08591518681479286,-0.10246496111822005,-1.5318074378294833,1,0,0,0,0,0,1,0,0,0,0,0,0,1,0,0,0,1,0,0,0,1,0,0,0
-0.4464578567701723,-1.1233465792958768,-1.352878881236308,1.1568566644023275,-0.9766740246291561,0.03315397235870195,-0.9072073173424908,0,1,0,0,0,0,1,0,1,0,0,0,0,0,0,0,1,0,0,0,0,0,1,0,0
0.9393350293596776,1.5250588977050983,1.2028577506177869,1.3051621057331038,0.8540091825242033,-0.18596587470525056,0.5037974116685145,1,0,0,0,0,1,0,0,0,0,0,1,0,0,1,0,0,0,0,1,0,0,0,0,1
-1.2532550849964548,-0.9235414300136856,-1.2690973526702978,1.7080816552177451,1.1106840691015434,-0.015041185819047221,-0.9541828138693678,0,1,0,0,1,0,0,0,0,0,0,0,0,1,0,0,0,0,1,0,1,0,0,0,0
0.550174013391706,-0.07973193462643267,-0.7344900948235041,1.2881139101408743,0.9413372534040424,-0.1745708954461703,0.9805117097560798,1,0,0,0,0,0,1,0,0,0,1,0,0,0,0,0,0,0,1,0,0,0,1,0,1
1.148153135488833,-0.16495426436241473,-0.17082689527037193,0.5059066595331778,1.3236776821673335,-0.12506811669770707,1.0831618688333293,0,1,0,0,0,1,0,0,0,0,0,0,1,0,0,1,0,0,0,0,1,0,0,0,1
-0.0003464482215219856,0.4755882394676235,0.9877899874631553,-0.7902413167329467,0.14886862440918144,-0.14860528697056127,-0.8341343227451268,1,0,0,0,0,0,0,1,1,0,0,0,0,0,0,1,0,0,0,0,1,0,0,0,1
-1.2627468170932346,-0.004097999008313127,1.2540108290977092,0.5300236191514535,-0.9255114280299925,-0.08378466725087541,-0.7280044972584789,0,0,0,1,0,1,0,0,0,0,0,0,0,1,0,0,0,1,0,1,0,0,0,0,1
0.36983110355288995,-1.0176604016728326,-1.1709154428361093,1.231494496324405,-1.0668980915429103,-0.03409508556373871,0.6621222332961366,0,0,1,0,1,0,0,0,0,0,0,1,0,0,1,0,0,0,0,0,0,1,0,0,0
1.4613802946825662,-0.9259356013066926,-0.7112205132148675,1.244245992214528,-1.161673009367102,-0.0012177683572121645,-0.007713550513033657,0,0,1,0,1,0,0,0,1,0,0,0,0,0,0,1,0,0,0,1,0,0,0,0,0
-0.36103226789915416,-0.4142069081641155,-0.9119499657102352,1.5786955528978577,-0.5127630409105948,-0.17046123079535447,-0.2930461960836932,0,1,0,0,0,0,1,0,0,0,0,1,0,0,1,0,0,0,0,0,1,0,0,0,1
-1.5949574404805273,-0.10150872509772947,-0.6007900032215389,1.3851361614787652,-0.09715313390054307,-0.17681253071025166,1.61033132985717,1,0,0,0,1,0,0,0,0,0,0,0,0,1,1,0,0,0,0,0,1,0,0,0,1
-0.5603586419315298,0.3975847829687802,0.055779104408044136,1.3737706977506123,1.1938750027900755,-0.16672517202188558,0.16452993675218155,0,1,0,0,1,0,0,0,1,0,0,0,0,0,0,0,1,0,0,0,1,0,0,0,1
-1.651907833061206,-1.2266650848191185,-1.3925902774729797,-1.583536824636402,-0.19589280819973745,0.2560098781961233,-1.1629627984332649,0,0,0,1,0,1,0,0,0,0,1,0,0,0,0,0,1,0,0,0,0,0,1,0,0
0.6071244059723848,1.0891157402161824,1.4803064757315525,1.2990635642204362,0.9408890635416508,-0.1560774045174991,-1.564864268718767,0,0,0,1,0,0,0,1,0,0,0,0,1,0,0,1,0,0,0,1,0,0,0,0,1
-0.9779948541898407,-0.8884007266531989,-1.0475121755796373,-0.035338899716056714,1.5169164651446325,-0.012799550554965853,1.02052787346416,0,0,0,1,0,0,0,1,0,0,0,0,1,0,0,0,0,1,0,0,1,0,0,0,0
1.6891818650052812,-0.653858216381505,-0.9461439744878347,-0.7486603518738506,-0.7449598657727017,-0.1648571426351511,0.4759600803933283,0,0,1,0,0,0,1,0,0,0,0,0,1,0,0,0,0,0,1,0,1,0,0,0,1
-0.5223917135444106,1.2540575032760728,0.2949440572901731,0.45025746823008744,1.5902816980038106,-0.2020309274311669,-0.9768006455304566,0,0,1,0,0,0,1,0,0,1,0,0,0,0,0,1,0,0,0,1,0,0,0,0,1
-0.8071436764478044,2.295632634459235,1.3055708149027383,1.0514489184845188,-0.3815123635163794,-0.21305230081290022,-0.9941989775774479,1,0,0,0,1,0,0,0,1,0,0,0,0,0,0,1,0,0,0,0,0,0,0,1,1
0.7495003874240816,0.5882637333634191,0.9779276573800639,0.42212101534209906,0.2996327988890617,-0.15103372517331606,1.018788040259461,1,0,0,0,0,0,1,0,0,1,0,0,0,0,0,1,0,0,0,0,1,0,0,0,1
0.5786492096820455,-0.09138202760163233,0.14177448469200707,0.22308679688322566,-0.5472047080282259,-0.14131997236229688,-0.3643793574763581,0,1,0,0,1,0,0,0,1,0,0,0,0,0,1,0,0,0,0,0,0,1,0,0,1
-0.5128999814476308,-0.9613144892758659,-1.219330517789467,-1.3455551024261754,-1.421278368121618,-0.1624287044323963,1.2327875244374555,0,0,0,1,0,0,1,0,1,0,0,0,0,0,0,0,0,1,0,0,0,0,1,0,0
-0.873585801125263,-0.8732878670125149,-1.1653842619083894,0.7906669672098877,-1.36956415323028,-0.13683670183413418,-0.9315649822082789,1,0,0,0,1,0,0,0,0,1,0,0,0,0,0,1,0,0,0,0,0,0,1,0,0
-0.9020609974156024,2.0079697182378324,1.4119874255195919,-0.22453228982494405,-0.6420830542822002,-0.20782181853004372,0.22716393212135072,0,0,0,1,0,0,0,1,0,0,0,0,0,1,1,0,0,0,0,0,0,0,1,0,1
1.5847728119407036,-0.9678215818583269,-1.08510627437889,1.1270569729199753,-0.7669211690298898,-0.0389519619692483,1.1684136958635873,1,0,0,0,0,0,1,0,0,1,0,0,0,0,0,0,0,1,0,0,0,1,0,0,0
0.8159425121015402,0.4541359100480045,1.144904492094558,-1.152272917439477,0.6613564939823394,-0.13646309595678727,1.0622838703769395,0,0,0,1,0,0,1,0,0,1,0,0,0,0,0,0,1,0,0,0,0,0,0,1,1
1.1006944750049341,-0.7445692685424978,-0.6181214965773492,-0.4283483192426135,0.4582230578891644,-0.05744545289791952,1.211909525981066,0,0,0,1,1,0,0,0,0,0,0,0,0,1,1,0,0,0,0,0,0,1,0,0,0
1.5278224193600247,2.178909850996689,1.3203781034960231,-1.0843573415029533,-1.5243275603284236,-0.22052441835983808,-0.24781053276151543,0,1,0,0,1,0,0,0,1,0,0,0,0,0,0,0,0,1,0,0,0,0,1,0,1
-1.6044491725773071,-0.09497174389037512,-0.07868652470386742,1.081387213183068,1.2387629413157568,-0.12562852551372738,-1.7371077559839823,1,0,0,0,1,0,0,0,0,0,0,1,0,0,1,0,0,0,0,0,1,0,0,0,1
-0.4464578567701723,-0.7510483212809866,-1.220075365096442,-0.06694043300896976,-0.31859340206525166,-0.1603738721069884,1.4607056742530433,0,0,0,1,0,0,1,0,0,0,0,0,0,1,0,0,0,1,0,0,0,1,0,0,0
1.4613802946825662,2.17128794351872,1.0028731454293938,-1.5666272322603698,1.2317298080905348,-0.21604114783167538,0.909178548363415,1,0,0,0,0,0,0,1,0,0,0,0,1,0,0,0,1,0,0,0,1,0,0,0,1
0.1799964616172941,-0.6854674400522681,-1.0999273564408225,0.25642087037860106,-1.4054193422216077,-0.18297702768647536,0.8865607167023262,0,0,1,0,1,0,0,0,0,0,1,0,0,0,0,0,1,0,0,1,0,0,0,0,1
1.3000208490373097,0.011636975412368338,1.0182114825656143,1.092475470478827,-1.5941762265749908,-0.10601421695301554,0.26891992903413015,1,0,0,0,0,0,1,0,0,0,0,1,0,0,1,0,0,0,0,0,0,0,1,0,1
-1.3766476022545922,0.7606416014186941,0.24872214385179636,1.4524280229424025,-1.550736286066267,-0.20296494212453414,0.2584809298059353,1,0,0,0,0,0,0,1,1,0,0,0,0,0,0,0,0,1,0,0,1,0,0,0,1
-0.8166354085445843,0.40247511663561597,0.5762618503596131,-0.649004639428217,-0.8690395053686516,-0.17158204842739516,1.6520873267699492,1,0,0,0,1,0,0,0,0,0,0,0,1,0,1,0,0,0,0,0,0,0,1,0,1
-1.7088582256418847,-0.2604530428491144,-0.1105080568740659,0.358917948756273,-1.2871316946934876,-0.14729766639984715,0.8778615506788304,1,0,0,0,0,1,0,0,1,0,0,0,0,0,0,0,1,0,0,0,0,0,0,1,1
-0.8166354085445843,0.25654560030946,-0.011319223828596757,0.6860215389811625,1.4270371596634874,-0.1600002662296415,-1.2238569605977347,0,0,1,0,0,0,1,0,0,0,0,1,0,0,0,0,1,0,0,0,0,1,0,0,1
1.2620539206501906,-0.19175172755549477,1.46548539366962,0.6762500122392748,-0.80674111449622,-0.03017222385159636,0.28457842787642246,0,1,0,0,0,0,0,1,0,0,0,0,1,0,0,1,0,0,0,0,0,1,0,0,1
-0.49391651725407126,1.6829731363531983,0.9968591930990052,-1.5184626146319167,-0.13562850977969843,-0.2108106655488189,0.0584001112655338,0,1,0,0,0,1,0,0,0,0,0,1,0,0,1,0,0,0,0,1,0,0,0,0,1
-0.49391651725407126,0.2706132824693357,1.5451702620472691,1.2909552760729124,0.5768554668498934,-0.08527909076026301,1.3719741808133872,1,0,0,0,0,1,0,0,0,0,0,1,0,0,0,1,0,0,0,0,0,0,1,0,1
0.8159425121015402,-0.7795648426006672,-0.3472039788682601,0.989839788884958,-0.14924658636775073,0.0028918962936036155,-0.27912753044610006,0,0,0,1,0,0,1,0,0,0,0,0,1,0,0,1,0,0,0,0,0,0,0,1,0
1.29052911694053,1.6044400041204196,1.035653323670606,1.3178443000151279,0.8503547113385488,-0.19381159812953525,-0.007713550513033657,1,0,0,0,0,0,0,1,0,1,0,0,0,0,0,0,1,0,0,0,0,0,1,0,1
-0.6647676949961075,0.11361634728832454,0.9825760563143322,0.7738266764419538,-1.0079438865667851,-0.11647518151872852,-1.0916296370406,1,0,0,0,1,0,0,0,0,0,0,0,0,1,0,1,0,0,0,0,0,1,0,0,1
-0.778668480157465,-0.8020996332496727,-1.047608729860171,0.2772806544162476,1.123853955827204,-0.06734600864761214,-1.018556642443236,0,0,0,1,1,0,0,0,0,1,0,0,0,0,0,0,0,0,1,0,0,0,0,1,0
-0.8546023369317034,1.530857290934417,1.666766584910895,-0.2652816353868582,-0.6337053514698036,-0.18596587470525056,1.3215190178771121,1,0,0,0,0,0,0,1,0,0,0,1,0,0,0,1,0,0,0,0,0,0,1,0,1
0.4837318887142475,0.21670313893610404,-0.46333119141308066,-0.674992742465152,1.4330360085908826,-0.1882075099693319,1.137096698179003,0,1,0,0,0,0,0,1,0,1,0,0,0,0,1,0,0,0,0,0,0,1,0,0,1
-1.3956310664481517,-1.0514040429171683,-0.6888957842085969,0.4245465716255464,-1.1864268802284224,0.11590767419103865,0.9544142116855928,0,0,0,1,0,0,0,1,0,0,1,0,0,0,0,1,0,0,0,1,0,0,0,0,0
0.37932283564966973,-0.7314167329386364,0.1909688906239589,-0.8674433081546685,1.2086997443922591,0.06715210719726915,0.05492044485613551,0,1,0,0,0,0,0,1,0,0,0,0,0,1,1,0,0,0,0,1,0,0,0,0,0
-1.5759739762869678,-0.1501788072398573,-0.6007141391439766,-1.2590666955192555,-1.4659594497877337,-0.2100634537941251,-0.25998936519440946,0,0,0,1,1,0,0,0,0,0,1,0,0,0,0,0,1,0,0,0,0,0,1,0,1
0.7874673158112009,0.3231608744636128,1.1376215406485828,0.8970449356410752,-0.444465801110768,-0.12506811669770707,-1.7388475891886814,1,0,0,0,0,1,0,0,0,0,0,1,0,0,0,0,0,1,0,0,1,0,0,0,1
0.5786492096820455,-0.5004340503307919,0.1430848642135367,0.0341706132067323,1.0515574834091137,-0.03390828262506529,-1.5492057698764747,0,0,1,0,1,0,0,0,0,0,0,0,0,1,1,0,0,0,0,0,1,0,0,0,1
-1.6424161009644263,0.4496618602186015,-0.04129932793432992,-0.12917327708141696,1.2114923119963912,-0.18185621005443472,-0.9367844818223763,0,1,0,0,0,0,1,0,0,0,1,0,0,0,0,0,0,1,0,0,0,1,0,0,1
-0.028821644511861366,-1.2249515730352816,-1.4252187275590673,0.009360637507471613,-0.9521614867706619,0.22387977274429058,1.6259898286994623,0,1,0,0,0,0,1,0,0,0,0,0,0,1,0,1,0,0,0,0,0,0,0,1,0
0.3033889788754314,-0.7873500590600127,-0.20088976018799115,-0.2991008201389231,1.5792148560170642,0.06416326017849404,0.8430648865848476,1,0,0,0,0,0,1,0,0,0,0,0,1,0,0,0,0,1,0,0,0,1,0,0,0
1.651214936618162,-0.25102364389047865,-0.604107332431306,-0.1642398907792547,1.5028157225509278,-0.1474844693385206,1.3789335136321839,0,0,1,0,0,1,0,0,0,0,1,0,0,0,0,0,0,1,0,1,0,0,0,0,1
1.0342523503274754,-0.29744283526099563,-0.6965787462453548,-0.1190552422990369,-0.8351839326864557,-0.18615267764392396,-1.1072881358828923,1,0,0,0,0,0,1,0,0,0,0,1,0,0,1,0,0,0,0,0,0,0,0,1,1
0.09457087274627594,1.8255597486435973,1.016190739408729,-0.2638263016167899,-1.472889154583173,-0.21790917721840983,-0.32610302697297694,0,1,0,0,0,0,0,1,0,1,0,0,0,0,1,0,0,0,0,0,0,0,1,0,1
-1.5380070478998484,-0.34522427004031364,-0.8189888837591938,0.1625171914051423,-1.544358199563002,-0.20109691273779967,0.14887143790988927,0,1,0,0,0,0,1,0,0,0,1,0,0,0,0,0,0,0,1,0,0,1,0,0,1
0.03762048016559719,1.014319302355385,0.2433840714851441,-0.6718048684926213,0.2647429419090391,-0.20782181853004372,0.1558307707286858,0,1,0,0,0,0,0,1,0,0,0,0,1,0,0,0,1,0,0,0,1,0,0,0,1
1.375954705811548,0.2683189453460757,1.043198351020887,1.5491037662398008,-0.6569422720276447,-0.12282648143362569,-0.8028173250605423,1,0,0,0,1,0,0,0,1,0,0,0,0,0,0,1,0,0,0,0,0,0,0,1,1
-0.1237389654796593,-0.8726038180716559,-1.214806260073028,-0.8652256566955168,-0.786331237685772,-0.1551433898241319,0.3541717560643882,0,1,0,0,1,0,0,0,0,0,0,0,0,1,0,0,0,1,0,0,1,0,0,0,0
0.4932236208110273,0.37188703629368497,-0.17695809208426583,-0.7872613475847116,-0.5866454159186861,-0.2044593656339217,0.20976560007435927,0,0,1,0,0,1,0,0,1,0,0,0,0,0,1,0,0,0,0,0,0,0,0,1,1
-1.063420443060859,1.4869770920290706,1.0399361956857107,0.9214391016917449,-0.24905502110803274,-0.1971740510256573,-0.45311085091601433,1,0,0,0,0,0,1,0,0,0,1,0,0,0,0,0,0,1,0,0,0,0,1,0,1
-0.9779948541898407,-0.8156290120313138,0.19064474411073842,0.33154381355736806,1.564631447417707,0.15887235008593129,0.6864798981619247,0,0,1,0,0,0,0,1,0,0,0,1,0,0,0,1,0,0,0,0,0,0,0,1,0
0.3128807109722112,-0.7031420937894849,1.0707163209730093,-1.584784253582175,1.3566023989814853,0.16372922649144087,-1.3143282872420903,0,0,0,1,1,0,0,0,0,0,1,0,0,0,0,1,0,0,0,0,0,0,0,1,1
0.36983110355288995,-1.1970790437365,-1.596871548145125,0.5649516296330942,-0.5743719089178086,0.07892069233369627,-0.7854189930135508,0,1,0,0,0,0,0,1,0,1,0,0,0,0,0,0,0,0,1,0,0,0,0,1,0
0.1799964616172941,-0.21755146531141178,0.20665896121069527,-1.670302437975716,1.1897033894555076,-0.10676142870770931,-0.5366228447415732,0,0,1,0,0,0,0,1,0,0,0,0,0,1,0,1,0,0,0,0,0,0,0,1,1
0.9393350293596776,-0.023859926405610854,-0.5312709212372301,-1.622969439644445,-0.2635694774208682,-0.20072330686045278,1.2414866904609514,0,0,0,1,1,0,0,0,1,0,0,0,0,0,0,0,0,0,1,0,1,0,0,0,1
-0.5888338382218692,0.45808367357516094,0.4030089874104245,0.06189125644612971,-1.091134820255317,-0.18241661887045504,-0.22345286789572746,0,0,0,1,0,0,1,0,0,0,0,1,0,0,0,0,1,0,0,0,0,1,0,0,1
-1.0824039072544185,1.5829796633168085,1.7281682105960439,-0.8780464541937381,0.8718678247333452,-0.17924096891300648,0.023603447171550926,1,0,0,0,0,1,0,0,0,1,0,0,0,0,0,0,0,0,1,0,0,1,0,0,1
-0.598325570318649,-0.4391303237633643,-0.7954848131835465,0.6332137136101104,0.8005022081832991,-0.14001235179158275,-1.6831729266383086,0,0,0,1,0,0,1,0,0,0,0,0,1,0,0,1,0,0,0,0,0,1,0,0,1
1.1861200638759521,0.2707405402227478,0.2864403838688782,0.6856057293325715,-1.0693458977144334,-0.17176885136606862,0.7090977298230134,0,0,1,0,0,0,1,0,0,1,0,0,0,0,1,0,0,0,0,0,0,0,1,0,1
-0.9874865862866206,0.19067076291426419,-0.43940642004367914,-1.386928162460976,-0.4265382066151042,-0.20950304497810476,-0.921125982980084,1,0,0,0,1,0,0,0,0,1,0,0,0,0,0,0,1,0,0,0,1,0,0,0,1
-1.6708912972547656,-0.8299545991297026,-0.5944656978465774,-0.3760256051282509,1.2379010377342345,0.015407693184724536,0.1627901035474824,0,0,1,0,0,0,1,0,0,0,0,1,0,0,0,0,0,0,1,0,0,1,0,0,0
-1.101387371447978,2.529268009558906,1.7545482193847324,0.9198451647054796,-1.3569114086535328,-0.2128654978742268,0.018383947557453494,1,0,0,0,0,0,1,0,0,0,1,0,0,0,0,0,0,0,1,0,1,0,0,0,1
1.1671365996823926,-0.20570879099024955,0.3869671833731723,1.3572769150231707,-1.7081888323387602,-0.11610157564138164,-1.1142474687016888,0,0,0,1,1,0,0,0,0,0,0,0,0,1,0,0,1,0,0,1,0,0,0,0,1
-1.386139334351372,1.0158266750665033,0.5814344011024932,1.1165231284890043,-1.2460361319265043,-0.20016289804443246,-0.3591598578622606,0,0,0,1,0,1,0,0,0,0,1,0,0,0,0,0,0,0,1,1,0,0,0,0,1
1.6796901329085014,-1.2748470887980388,-1.656893826965506,0.5208758068824524,-1.6705408838978664,0.1973537554526612,-1.1908001297084512,0,1,0,0,0,1,0,0,0,0,0,1,0,0,0,1,0,0,0,1,0,0,0,0,0
1.4044299021018876,2.218342499265837,1.1367318619208073,0.20901857043923147,1.4381040016502338,-0.20875583322341096,1.10230003408502,0,1,0,0,0,0,0,1,1,0,0,0,0,0,0,1,0,0,0,0,1,0,0,0,1
0.7305169232305221,-0.11396488655459017,-0.1919309023013228,-0.300071042652302,-0.22099144049366676,-0.16056067504566182,0.43594391668524796,0,0,1,0,1,0,0,0,0,0,0,0,0,1,0,1,0,0,0,0,0,0,1,0,1
0.4457649603271283,1.9215706394454806,0.9954798462342371,-0.8935007127997021,-0.882623105813443,-0.21921679778912395,1.4137301777261666,0,0,0,1,0,0,1,0,1,0,0,0,0,0,0,1,0,0,0,0,0,1,0,0,1
-1.329188941770693,-0.8449528343532696,0.43589951340081823,0.8693935940097763,-1.1631210073840594,0.14355450911470866,0.17148926957097813,0,1,0,0,1,0,0,0,0,0,0,0,0,1,1,0,0,0,0,1,0,0,0,0,0
-0.7596850159639055,-0.9022305323345415,-0.6522672282146817,1.6570063700491553,0.3373841757597383,0.061921624914412665,-0.5105253466710861,0,0,1,0,1,0,0,0,0,0,0,0,0,1,0,1,0,0,0,0,1,0,0,0,0
1.4993472230696854,0.5055837855242968,0.5784619086089181,-0.3624424899409462,-1.3489818957035276,-0.1814826041770878,0.3680904217019813,0,1,0,0,0,0,1,0,0,0,1,0,0,0,0,0,0,1,0,0,0,1,0,0,1
1.651214936618162,0.46343466182153925,0.12277398162982742,0.48650220926559956,1.2096995525468248,-0.17232926018208894,-0.23215203391922318,0,0,0,1,0,0,1,0,0,0,0,0,0,1,0,0,0,0,1,1,0,0,0,0,1
-0.2945901432216956,-0.8400051884778753,-1.1261763272773582,-0.24788693175413637,-0.8235309962642743,-0.1398255488529093,-0.4113548540032349,0,0,0,1,0,0,1,0,0,0,0,0,0,1,0,0,0,1,0,0,0,0,0,1,0
1.2051035280695117,2.6697913823412,1.742961705720681,1.4856927948296792,-0.13007785071469483,-0.2096898479167782,0.8134877221049621,0,0,1,0,1,0,0,0,0,0,0,0,0,1,0,0,1,0,0,0,0,1,0,0,1
0.05660394435915678,1.7879617073086278,1.3328405024192023,-1.0423605669952662,1.3218849227177671,-0.19549282457759629,0.994430375393673,0,0,1,0,0,1,0,0,0,0,1,0,0,0,1,0,0,0,0,0,0,1,0,0,1
-0.14272242967321888,-0.2639946908339049,-0.8475896410001589,0.8899068700069304,-0.9310276109517353,-0.1951192187002494,-0.776719826990055,1,0,0,0,0,1,0,0,0,0,0,0,0,1,0,0,0,0,1,0,0,0,1,0,1
-1.3576641380610324,-1.095919606199114,-1.3332507753506588,0.30895148931725913,-0.825530612573406,-0.01971125928588338,-1.1142474687016888,0,1,0,0,0,0,1,0,0,0,0,0,0,1,0,0,0,1,0,0,1,0,0,0,0
1.4898554909729056,0.32290851586786345,1.1371870463861808,1.0896341045467888,1.5728022933705383,-0.10358577875026072,0.8291462209472543,0,1,0,0,1,0,0,0,0,0,0,0,1,0,0,0,0,0,1,0,0,0,1,0,1
1.4139216341986673,0.5151013097068451,0.875580120014276,-0.729463806430568,1.3029230439242765,-0.14617684876780646,-1.4813522748932082,0,0,0,1,0,0,1,0,0,1,0,0,0,0,0,0,1,0,0,0,0,1,0,0,1
1.556297615650364,-0.7852381349876485,-1.2790079598936561,1.4588730724955623,-0.9415773107895682,-0.15682461627219293,0.8361055537660509,0,1,0,0,0,0,0,1,0,0,0,0,1,0,0,0,0,0,1,0,0,0,1,0,0
-1.0444369788672994,0.25934527088452586,0.8334824537015556,-1.3185967768758615,0.529795531298776,-0.13552908126342003,0.6621222332961366,0,0,1,0,1,0,0,0,0,0,1,0,0,0,0,0,1,0,0,0,0,0,0,1,1
0.6355996022627242,-0.7912549924958271,-1.0687472205627413,0.5128368203430271,0.3714466053014995,-0.09555325238730253,1.5720549993537887,0,1,0,0,0,0,1,0,1,0,0,0,0,0,0,0,0,0,1,1,0,0,0,0,0
0.9962854219403563,0.18961788217961748,-0.22259378310511613,-1.5372433504266085,0.5062138493083259,-0.18802070703065843,0.4307244170711505,0,0,1,0,0,1,0,0,1,0,0,0,0,0,0,0,0,0,1,0,1,0,0,0,1
-1.0824039072544185,0.9077484830615269,0.30279943768502704,-0.595226591543786,-0.6835578546250533,-0.20819542440739064,-1.686652593047707,1,0,0,0,0,1,0,0,0,0,0,0,1,0,0,0,1,0,0,0,1,0,0,0,1
-0.6647676949961075,-0.40187307437821024,-0.22364208672233984,0.67417096399632,-1.6765742089685223,-0.13907833709821552,-0.17125787175475315,0,1,0,0,1,0,0,0,0,0,0,1,0,0,0,1,0,0,0,0,0,0,1,0,1
-0.5128999814476308,-0.6957047562734862,0.05551702850373821,0.3083277748443727,-0.14259269071839858,0.0077487726991132535,-0.8706708200438088,0,0,1,0,0,1,0,0,0,0,1,0,0,0,0,1,0,0,0,0,0,0,0,1,1
0.11355433693983553,-0.8874747955418107,0.2455496460628299,0.29814043845389415,-0.32921205418960636,0.17120134403837872,-1.3317266192890818,0,0,0,1,0,0,0,1,0,0,1,0,0,0,0,0,0,1,0,0,1,0,0,0,0
0.10406260484305574,2.470275875403337,1.5712054341197657,-0.6475493056581486,-0.051506720223122214,-0.21323910375157368,1.52855916923631,0,0,0,1,0,1,0,0,0,0,0,1,0,0,0,1,0,0,0,0,1,0,0,0,1
-1.2532550849964548,1.7888275530400757,0.9845692125339219,1.6086338475964068,1.711361913136063,-0.19567962751626972,0.43594391668524796,0,0,0,1,0,0,1,0,0,0,0,0,1,0,0,0,0,0,1,0,0,0,0,1,1
-0.08577203709254012,-0.7736404241385507,-1.1093276053242167,1.140778691323477,0.44736307276198345,-0.0963004641419963,-0.3974361883656418,0,0,0,1,0,0,0,1,0,0,0,0,1,0,0,0,0,0,1,0,0,0,1,0,0
-1.329188941770693,-0.5928453646790193,1.5644604279510501,-0.525439872188603,0.5406555164259569,0.14430172086940246,-0.9715811459163591,1,0,0,0,0,0,0,1,0,1,0,0,0,0,0,0,0,1,0,0,1,0,0,0,1
-0.9305361937059418,-0.9882509191681926,-1.1611151833619324,-0.6365996515785866,-1.6494414842222005,-0.13085900779658388,0.8343657205613518,0,1,0,0,0,0,0,1,0,0,1,0,0,0,0,0,0,0,1,0,0,1,0,0,0
-1.329188941770693,0.5770863120437499,0.33032430437147314,-1.1375809765225964,0.7200348898123774,-0.18185621005443472,-0.005973717308334513,1,0,0,0,0,1,0,0,0,0,0,0,1,0,1,0,0,0,0,0,0,1,0,0,1
-0.6932428912864469,-1.0687856648783682,-0.8877700151708516,-0.43638730578203877,0.9852253837751578,0.19399130255653915,1.358055515175794,1,0,0,0,0,0,0,1,0,0,0,1,0,0,0,0,0,1,0,0,0,1,0,0,0
0.36983110355288995,-0.5493281430945435,0.4650520093876906,0.2949525644813635,0.37061917786323806,0.005693940373705312,-0.22693253430512575,1,0,0,0,0,0,1,0,0,0,0,0,1,0,0,0,1,0,0,0,1,0,0,0,1
-1.424106262738491,0.8721970422063711,0.060655095574999124,-0.021409276488259514,0.6399468090173255,-0.2037121538792279,-0.9420039814364737,1,0,0,0,0,0,0,1,0,0,0,1,0,0,1,0,0,0,0,0,0,0,1,0,1
1.4139216341986673,-1.3020124593944458,-1.6627422576721225,0.7214346607194927,1.4217967858878318,3.8174079040053766,0.7003985637995178,0,1,0,0,0,0,1,0,0,0,1,0,0,0,1,0,0,0,0,1,0,0,0,0,0
-1.1773212282222163,-0.06414393828898987,-0.35312137691811496,0.24567912112333457,-1.3672542516318003,-0.1882075099693319,1.1092593669038164,0,1,0,0,1,0,0,0,0,0,0,1,0,0,0,0,1,0,0,0,0,1,0,0,1
-0.028821644511861366,-0.7125847423447228,1.0284462363021931,0.37069922213301687,0.15107509757787854,0.1586855471472578,-0.9924591443727487,0,0,0,1,0,0,1,0,0,0,0,0,1,0,0,0,0,0,1,0,0,1,0,0,0
1.3474795095212087,-0.45639608878683324,-0.08061761031454266,-1.368216728274383,-0.9879132473322069,-0.121705663801585,-0.5035660138522895,0,1,0,0,1,0,0,0,0,1,0,0,0,0,0,0,0,0,1,1,0,0,0,0,1
-1.7088582256418847,-0.7318074419733253,0.9423956821436394,0.19432662952235086,0.10746277635285029,0.15756472951521713,0.6029679043363657,0,0,1,0,0,0,1,0,1,0,0,0,0,0,1,0,0,0,0,0,0,1,0,0,0
-0.6837511591896671,2.0569374541082803,1.1076966104174404,0.6663398822811902,0.30114974919254095,-0.20987665085545165,1.1788526950917824,1,0,0,0,0,1,0,0,0,0,1,0,0,0,0,0,1,0,0,0,1,0,0,0,1
-0.4464578567701723,-0.49621359161775247,-0.6069694771756996,-1.414579504092275,-1.5394625872199552,-0.17830695421963924,0.9996498750077704,0,0,0,1,1,0,0,0,0,1,0,0,0,0,0,1,0,0,0,0,0,0,1,0,1
0.9583184935532372,-0.5969927965456697,1.5458944191512725,0.6915656676290419,-1.691640283573532,0.10712793607338665,-0.8567521544062157,1,0,0,0,0,0,1,0,0,0,1,0,0,0,0,0,1,0,0,0,0,0,1,0,1
0.028128748068817395,2.051966390341217,1.5897576494508958,1.3859677807759472,1.5883510339812006,-0.18970193347871944,0.9422353792526987,1,0,0,0,0,0,0,1,0,0,0,0,0,1,0,0,0,1,0,1,0,0,0,0,1
1.1671365996823926,-1.248352209415735,-1.530945664743537,-0.08024634176388053,-0.22133620192627568,0.429176202346408,1.043145705125249,0,0,0,1,0,0,1,0,0,1,0,0,0,0,1,0,0,0,0,0,0,0,1,0,0
-0.43696612467339246,-0.5876687780995448,1.587633455279153,0.9337747879332768,1.2415210327766282,0.17624502338256173,1.3771936804274847,0,1,0,0,0,1,0,0,1,0,0,0,0,0,0,0,0,0,1,0,0,0,1,0,1
0.967810225650017,1.3674324526204045,0.7143551617258646,-0.4521880724284953,-1.278409230448482,-0.21342590669024714,-0.30696486172128634,0,1,0,0,0,0,0,1,0,0,0,0,1,0,0,0,1,0,0,0,0,0,0,1,1
0.8444177083918797,-0.45053853456803494,0.25476368311948033,-1.4084809625796075,0.47142742075808597,-0.06304954105812288,-0.2512901991709137,0,0,0,1,0,0,0,1,0,0,0,1,0,0,0,0,0,1,0,0,0,0,1,0,1
-1.2342716208028952,-0.8361014875626751,-0.48780770152838937,0.2419368342860159,-0.39406167966334404,-0.007942674149456267,0.9892108757795756,1,0,0,0,0,1,0,0,0,0,0,0,0,1,1,0,0,0,0,0,0,1,0,0,0
-1.4430897269320506,1.3673406298346495,0.6217251230223675,-0.025290166541775152,1.1048231247471918,-0.20016289804443246,0.9926905421889738,0,1,0,0,1,0,0,0,0,1,0,0,0,0,0,0,0,0,1,0,1,0,0,0,1
0.8918763688757786,-0.36165715925876357,0.9901210836646133,-1.2079221087425673,1.0038080249927785,-0.009437097658843829,0.31415559235630786,0,0,0,1,1,0,0,0,0,0,0,0,1,0,0,0,0,0,1,0,1,0,0,0,1
0.6355996022627242,0.05979463710915889,-0.5038977827059085,0.8059826225996547,0.14431777349874372,-0.18521866295055672,-1.63967709652083,0,0,1,0,0,0,1,0,0,0,0,1,0,0,0,1,0,0,0,0,0,1,0,0,1
-1.2627468170932346,1.1252350649443126,0.3353313334905811,-1.49025686013583,-1.4700621108357799,-0.22313965950126635,0.7421545607122972,1,0,0,0,0,1,0,0,0,0,0,0,0,1,0,1,0,0,0,0,0,1,0,0,1
0.872892904682219,-1.0836227480316338,-1.1622393510567184,0.39273713350833783,0.23333517539836657,0.10395228611593806,-1.1838407968896547,0,0,0,1,0,0,0,1,0,0,0,0,1,0,0,0,0,1,0,0,1,0,0,0,0
-0.826127140641364,0.7391473662981936,0.15185061353913754,0.04976347502889334,-0.49669715815101917,-0.20315174506320757,0.8604632186318389,0,0,1,0,0,1,0,0,1,0,0,0,0,0,0,0,0,1,0,0,0,0,1,0,1
1.062727546617815,2.064941751106793,1.4651198667504564,0.7383442530955251,-0.08722400464140621,-0.20296494212453414,-0.18691637059704544,0,0,1,0,0,0,0,1,0,1,0,0,0,0,0,0,0,1,0,0,0,0,0,1,1
-0.9400279258027215,-0.08324307772602273,0.03855106206709142,-0.8611368618177057,1.6742655829873432,-0.12656254020709462,-0.8689309868391096,1,0,0,0,0,0,1,0,0,0,0,1,0,0,0,1,0,0,0,0,0,1,0,0,1
-0.3895074641894935,3.020588626372212,1.6583732592387814,-0.2465008995921665,-1.597279079468471,-0.22724932415208213,-0.49660668103349287,0,1,0,0,0,0,0,1,0,0,0,0,0,1,0,0,0,0,1,0,1,0,0,0,1
-1.00647005048018,-0.23001902758395348,-0.8204303012328763,0.11830276543830344,-1.2255917789727955,-0.2065141979593296,1.008349041031266,1,0,0,0,0,0,1,0,0,0,0,0,1,0,0,0,0,0,1,0,1,0,0,0,1
-0.2661149469313562,0.7021628120989225,-0.015388297079662449,1.5323327770799655,-1.6322723648782762,-0.21155787730351266,1.5772744989678862,0,0,0,1,0,0,0,1,0,0,1,0,0,0,0,1,0,0,0,0,0,0,1,0,1
1.053235814521035,0.20648369426379132,0.7489698712972184,0.9776427058596232,0.579199844591634,-0.121705663801585,-0.7941181590370465,0,1,0,0,0,0,0,1,0,0,0,0,1,0,0,0,0,0,1,0,0,1,0,0,1
0.6450913343595039,1.7949245243881746,1.0970894330273742,0.41817082368048497,-0.9145824906162898,-0.2100634537941251,1.405031011702671,1,0,0,0,1,0,0,0,0,0,0,1,0,0,0,0,0,1,0,0,0,0,1,0,1
1.2145952601662915,-1.282520454011649,-1.5711881095231444,1.616950040568226,0.3297304719558203,1.611825607087996,-0.5244440123086792,0,0,0,1,0,1,0,0,0,0,0,1,0,0,0,0,1,0,0,0,0,1,0,0,0
0.018637015972037603,0.8111305758571694,1.715650637798274,0.1712491940255525,1.4646851081043812,-0.12917778134852287,1.3389173499241034,0,0,0,1,0,0,1,0,0,1,0,0,0,0,0,0,0,1,0,0,0,0,0,1,1
0.3033889788754314,0.785822921956456,-0.06644482127905113,-0.017666989650940865,-1.1588804417629697,-0.21921679778912395,-1.6918720926618045,1,0,0,0,0,0,0,1,0,1,0,0,0,0,1,0,0,0,0,1,0,0,0,0,1
-0.10475550128609971,-0.7905632403011295,-0.37455642719661014,1.4956722263958624,1.499230203651795,0.06453686605584089,-0.30870469492598546,0,0,0,1,0,0,1,0,0,0,0,0,0,1,0,0,0,0,1,1,0,0,0,0,0
1.5847728119407036,-1.1838910731649814,-1.5312836047254053,1.3726618720210364,-0.6143987112437042,0.1271158505114454,-0.035550881788219954,1,0,0,0,0,1,0,0,0,0,1,0,0,0,0,0,0,0,1,0,0,1,0,0,0
0.82543424419832,0.1085667103321085,-0.41270916147609393,-1.3348826547790074,-0.4647722494914333,-0.20315174506320757,0.7612927259639878,1,0,0,0,1,0,0,0,0,0,0,0,0,1,0,1,0,0,0,0,0,0,1,0,1
0.03762048016559719,2.1640246995394716,1.3075639711223281,-0.6810219823697209,-0.20296041756822028,-0.21323910375157368,0.14539177150049098,0,0,0,1,1,0,0,0,0,1,0,0,0,0,0,0,1,0,0,0,1,0,0,0,1
-0.7312098196735661,-1.019751989155063,-1.2435104683288507,1.1710634940625186,0.701004058732365,0.04398854280176183,0.8100080556955639,1,0,0,0,0,0,1,0,1,0,0,0,0,0,0,0,0,0,1,0,0,0,0,1,0
0.5691574775852656,-0.01017802319796743,0.40258138988234643,-0.08877043955999522,-0.9937052394000366,-0.1418803811783172,0.46900074757453175,0,0,1,0,0,1,0,0,0,0,1,0,0,0,1,0,0,0,0,0,0,0,1,0,1
0.9013681009725584,0.616625881476176,1.6428900906817603,1.3276158267570155,-0.7098976280763747,-0.1293645842871963,-1.0011583103962445,0,0,1,0,0,0,1,0,1,0,0,0,0,0,0,0,0,1,0,0,0,0,1,0,1
-1.5000401195127293,1.7569582675197246,0.9571340033936858,0.14186531219179124,0.6629768727156014,-0.20501977444994204,-0.8080368246746397,1,0,0,0,1,0,0,0,1,0,0,0,0,0,0,0,1,0,0,1,0,0,0,0,1
0.7020417269401827,2.4805020989390276,1.3462960310850143,1.3971253396798047,-1.6025539293873874,-0.220898024237185,0.4063667522053625,0,1,0,0,0,0,0,1,0,0,0,1,0,0,0,0,1,0,0,0,1,0,0,0,1
-0.0003464482215219856,-0.5542089247266195,1.7374167313243136,-1.1402837392384375,-1.1860476426525526,0.09666697150767369,-0.2460706995568163,0,0,0,1,0,0,1,0,0,1,0,0,0,0,0,0,1,0,0,0,1,0,0,0,1
-1.6044491725773071,-1.1381155656852098,-1.3521685176009524,0.7088217680455668,1.0434211135995433,0.2248137874376578,0.7038782302089162,0,0,0,1,0,0,1,0,0,0,1,0,0,0,0,0,0,1,0,0,0,0,0,1,0
1.2620539206501906,-0.8194892665948649,0.17624436284256015,0.6884470952646097,1.4176941248397856,0.16111398535001265,-0.30522502851658717,0,1,0,0,0,0,1,0,0,0,1,0,0,0,0,0,0,1,0,0,0,1,0,0,0
1.4518885625857865,-0.1665010777331863,-0.4007295339555836,-1.5843684439335841,-0.2068217456134402,-0.1786805600969861,1.5494371676927,0,0,0,1,1,0,0,0,0,1,0,0,0,0,0,0,0,0,1,0,1,0,0,0,1
-1.2247798887061154,0.04942574931237919,1.0951031735421082,-1.3326650033198557,-0.7246878935352973,-0.11049748748117824,-1.2412552926447262,0,0,1,0,0,0,0,1,0,0,0,0,0,1,0,1,0,0,0,0,0,1,0,0,1
1.6701984008117217,-0.03631947729416049,-0.001463790479829172,-1.2905296255959715,0.399027519910213,-0.15458298100811155,-0.37481835670455294,1,0,0,0,0,0,1,0,0,0,0,0,1,0,0,0,0,0,1,1,0,0,0,0,1
-0.7407015517703459,-0.07198646695689384,-0.3614802189186092,-0.621769107445509,-1.5448753417119154,-0.19624003633229006,1.5720549993537887,1,0,0,0,0,1,0,0,0,0,0,1,0,0,0,0,0,1,0,0,1,0,0,0,1
-0.04780510870542095,-1.318944827591784,-1.6899567713139956,0.8060519242077533,-1.2797538000356568,20.827870302548064,-1.4987506069401995,0,0,1,0,0,0,0,1,0,0,0,0,0,1,0,1,0,0,0,0,0,1,0,0,0
-0.028821644511861366,-0.9271203617470545,-1.3399612978477553,0.5092331367219054,-0.3376587092885249,-0.1144203491933206,-0.9663616463022617,0,0,1,0,1,0,0,0,0,0,0,0,0,1,1,0,0,0,0,0,0,0,1,0,0
1.2810373848437502,0.2798257577998792,-0.45697929910082385,0.36681833207950126,-1.39893782728856,-0.21622795077034881,0.8065283892861655,0,0,1,0,0,0,0,1,0,1,0,0,0,0,0,1,0,0,0,0,0,1,0,0,1
1.2715456527469704,-1.1514304858799869,-1.4012318855807513,0.588375573170385,-1.2158005542867023,0.012232043227275937,-0.05120938063051224,0,0,1,0,0,0,0,1,0,1,0,0,0,0,0,0,1,0,0,0,1,0,0,0,0
1.005777154037136,-1.0759558535512477,-1.3881418838341026,-1.248047739831595,1.5684582993196658,0.04959263096196522,0.037522112809144074,1,0,0,0,1,0,0,0,0,0,0,0,0,1,0,0,0,0,1,1,0,0,0,0,0
0.18948819371407388,-0.2607402201522138,-0.44378584633931767,0.9039057948428261,1.5410842415705177,-0.1245077078816867,-0.11558320920438056,1,0,0,0,0,0,1,0,0,0,1,0,0,0,0,0,0,1,0,0,0,0,0,1,1
0.39830629984322935,-0.7001516906493777,-1.21333725566205,1.3283088428380005,-0.43201991339358603,-0.15495658688545846,1.0570643707628422,0,0,0,1,0,0,0,1,0,1,0,0,0,0,0,1,0,0,0,1,0,0,0,0,1
-0.6932428912864469,-0.6746483741011663,-0.4877042505135318,1.1345415465946125,0.9515077156660056,-0.03334787380904491,1.3145596850583154,0,0,0,1,1,0,0,0,0,0,0,1,0,0,0,0,0,0,1,0,0,0,0,1,1
-0.4179826604798329,-1.3097083181092646,-1.6722252673674027,0.17963468860547022,0.1911363760470349,4.366048134889288,1.6294694951088604,0,0,1,0,1,0,0,0,1,0,0,0,0,0,1,0,0,0,0,0,0,0,0,1,0
0.7400086553273019,-0.3077605734522877,-0.612776527476373,0.41948755423435635,-1.3401560030287394,-0.18204301299310813,-1.4813522748932082,0,0,1,0,0,0,0,1,0,0,0,1,0,0,0,1,0,0,0,0,0,0,0,1,1
0.3033889788754314,2.214752782977094,1.351234092860884,-1.2686303174368476,0.06274721854347351,-0.21361270962892057,-0.23041220071452403,0,0,0,1,0,1,0,0,0,0,0,1,0,0,0,1,0,0,0,0,1,0,0,0,1
0.2844055146818718,0.7560128702522139,1.6275310633425684,1.4202720767847015,-0.5700279148669363,-0.13963874591423586,-0.6218746717718312,0,0,0,1,0,0,1,0,0,0,0,1,0,0,0,1,0,0,0,0,0,0,0,1,1
1.6037562761342632,-1.0252363977579242,-1.1416250121627602,1.6890237129906593,0.8273246476402729,0.10096343909716293,-1.5004904401448986,0,0,1,0,1,0,0,0,0,0,0,0,0,1,0,0,0,0,1,0,0,0,0,1,0
1.0247606182306956,0.8201575568352817,0.304227061690062,-0.1920991372348491,-0.8899320481847521,-0.20464616857259513,-1.5805227675610594,0,1,0,0,0,0,1,0,0,0,0,1,0,0,0,0,1,0,0,0,0,1,0,0,1
-0.5888338382218692,0.4950697684251997,1.0168597226381415,1.3059244234221872,-1.4448945262553288,-0.15402257219209123,1.1544950302259942,1,0,0,0,0,0,1,0,0,0,0,0,1,0,0,0,0,1,0,0,1,0,0,0,1
0.6735665306498434,-0.999695489330981,-0.49600102190511147,1.585764316923904,-0.0664693663983493,0.1882004114576623,0.9509345452761945,0,0,0,1,1,0,0,0,0,0,0,0,1,0,1,0,0,0,0,0,0,1,0,0,0
1.5752810798439238,-0.06021712761227415,0.6583398855476348,1.6461953191857903,1.4525150295332865,-0.07500492913322344,-0.2565096987850112,1,0,0,0,0,1,0,0,0,0,0,1,0,0,0,1,0,0,0,1,0,0,0,0,1
0.018637015972037603,0.0013956534991542654,0.04819269665181996,0.6845662052110941,0.6563919293527709,-0.1398255488529093,-0.5209643458992809,1,0,0,0,1,0,0,0,0,0,0,0,0,1,0,0,0,1,0,0,0,1,0,0,1
-0.47493305306051165,1.6055317092544124,1.4264774643339801,-0.9151228145264321,0.943371345856435,-0.18839431290800535,-1.6883924262524062,1,0,0,0,0,0,1,0,0,0,1,0,0,0,1,0,0,0,0,0,1,0,0,0,1
0.8444177083918797,-0.024643501386063464,0.9443888383632292,-0.0365170270537311,-0.30797474994089696,-0.09611366120332289,0.5664314070376838,0,1,0,0,0,0,1,0,0,0,0,0,1,0,0,0,0,0,1,0,0,1,0,0,1
1.2051035280695117,-0.24044553571944519,-0.5410298003054639,0.6868531582783444,-0.489422691922971,-0.1684063984699466,-0.8410936555639233,0,0,0,1,0,1,0,0,1,0,0,0,0,0,0,1,0,0,0,0,0,0,1,0,1
0.5691574775852656,-0.6310245394835655,0.2364804404269801,-0.9455462204816707,1.087205815540876,0.015968102000744864,1.2275680248233583,0,0,0,1,0,0,1,0,0,1,0,0,0,0,0,1,0,0,0,1,0,0,0,0,1
1.613248008231043,-0.8869599100552451,-1.0857752576083026,0.08919609003693615,0.2170969119224865,-0.06884043215699973,-0.08948571113389339,0,0,1,0,0,1,0,0,0,1,0,0,0,0,1,0,0,0,0,1,0,0,0,0,0
-1.47156492322239,1.023170957276133,0.9306643370587873,0.9976708706000879,-0.5900585541015144,-0.18372423944116917,-1.0342151412855283,0,1,0,0,0,1,0,0,0,0,1,0,0,0,0,0,1,0,0,0,0,0,1,0,1
1.3379877774244289,1.0674819221361282,1.4518229629740926,0.9653763212261899,0.5038694715665852,-0.16018706916831496,-0.9907193111680496,1,0,0,0,0,0,1,0,1,0,0,0,0,0,0,0,0,1,0,0,0,0,1,0,1
-0.16170589386677847,-0.46470389398658285,-0.3240930221490717,-0.9569809858179221,-1.4851281854407896,-0.14935249872525508,0.02534328037625007,0,0,1,0,0,1,0,0,0,0,0,0,0,1,0,0,0,0,1,0,0,1,0,0,1
-0.5888338382218692,-0.8899832831217811,-0.08672811692546503,-0.20394971221969146,-0.7832973370788134,0.08209634229114487,-1.27431212353401,1,0,0,0,0,1,0,0,0,1,0,0,0,0,0,0,0,1,0,0,0,0,1,0,0
0.9488267614564574,-0.9839136791269614,-1.3497408671189608,0.6128390408291533,-1.5531496160945293,-0.14412201644239858,1.5964126642195768,0,0,1,0,1,0,0,0,0,0,0,0,1,0,0,0,0,1,0,0,1,0,0,0,0
-1.243763352899675,0.8524927351477855,-0.014988286488879721,-0.5554474684952506,-0.7406503478650902,-0.2184695860344302,-0.8202156571075335,0,0,1,0,0,0,0,1,1,0,0,0,0,0,0,1,0,0,0,0,0,0,0,1,1
0.39830629984322935,-0.6344075004392828,1.378407226096814,-0.8701460708705098,1.4986441092163598,0.16746528526490978,0.10015610817831325,1,0,0,0,0,0,0,1,0,0,0,1,0,0,0,1,0,0,0,0,0,0,0,1,1
-0.1522141617699987,1.3494210126253683,1.6277517588409312,0.8480486987154403,-0.17196636477667848,-0.17345007781412963,-0.9785404787351556,0,0,1,0,1,0,0,0,0,1,0,0,0,0,0,0,0,0,1,0,0,0,1,0,1
0.692549994843403,0.3182979643804421,0.9277332249711552,0.19016853303644124,0.8121551446054806,-0.1260021313910743,0.5646915738329846,0,0,0,1,0,0,1,0,0,0,0,0,0,1,0,0,1,0,0,0,0,0,1,0,1
0.6735665306498434,2.779978108986852,1.7070848937680645,1.289915751951435,-0.8931038533647542,-0.21622795077034881,1.6834043244545338,1,0,0,0,0,0,0,1,0,0,0,0,1,0,1,0,0,0,0,0,1,0,0,0,1
-0.8356188727381438,-0.2807905573732251,0.8932219664146591,0.080186880984132,-0.027269991510715217,-0.0456768677614924,0.8639428850412373,0,1,0,0,0,0,0,1,0,0,0,0,1,0,0,1,0,0,0,0,0,0,0,1,1
-1.186812960318996,-0.6888433140144541,1.1347249122325698,-0.615601264324743,-0.7196199004759462,0.11964373296450753,-0.12428237522787626,0,0,1,0,0,1,0,0,0,1,0,0,0,0,0,0,0,1,0,0,0,1,0,0,1
0.3033889788754314,1.6031905363478143,0.9254297157069926,-1.6416808738310382,1.0628311822554255,-0.2040857597565748,1.3528360155616965,0,1,0,0,1,0,0,0,0,0,0,0,0,1,0,0,0,1,0,0,0,1,0,0,1
-0.1522141617699987,2.6877812532254883,1.5119900732152742,1.2278908127032833,-1.0576240090057303,-0.21921679778912395,1.2467061900750487,0,0,1,0,1,0,0,0,1,0,0,0,0,0,1,0,0,0,0,0,0,1,0,0,1
1.6607066687149419,1.6814614498199305,0.707561878416882,-1.5716862496515598,0.5504122649687893,-0.21510713313830815,-0.6062161729295389,0,1,0,0,0,0,0,1,0,0,1,0,0,0,0,0,0,0,1,0,0,0,1,0,1
0.9488267614564574,0.5248973835481936,0.7374454282420815,-0.8343864410916871,-1.2944061609215358,-0.17718613658759855,1.1336170317696046,0,1,0,0,1,0,0,0,0,1,0,0,0,0,0,0,0,0,1,0,0,1,0,0,1
0.9013681009725584,-1.1698699186582904,-1.0185941685597755,-0.6347285081599272,0.6198127413529647,0.39835371746528936,0.26718009582943103,0,0,0,1,1,0,0,0,0,0,0,0,1,0,0,0,0,1,0,0,1,0,0,0,0
-1.1583377640286567,1.8725723986898326,1.2857151167844025,0.7429874608381242,1.5978319733779458,-0.19325118931351493,1.4032911784979718,1,0,0,0,0,0,0,1,0,0,0,0,1,0,0,0,0,1,0,1,0,0,0,0,1
-0.323065339512035,0.5218801730847284,1.2532108079161437,-1.072506766518111,-1.207629708333871,-0.15383576925341777,-1.7197094239369908,0,0,0,1,0,0,1,0,0,0,0,1,0,0,0,0,0,1,0,1,0,0,0,0,1
-1.3481724059642526,-1.1755595419434093,-1.5299939154068471,1.5226998535542748,-0.7458562454974849,0.09704057738502053,-0.30870469492598546,0,0,1,0,0,1,0,0,0,1,0,0,0,0,1,0,0,0,0,0,0,1,0,0,0
0.7589921195208615,1.187792573106495,0.5535233172939121,0.7509571457694509,0.9066542532835852,-0.19455880988422905,0.9874710425748764,1,0,0,0,1,0,0,0,0,0,0,0,0,1,0,1,0,0,0,1,0,0,0,0,1
-1.3196972096739132,-0.8277915254518508,-1.1407974040438993,1.6820242505727114,-1.2274190145656227,-0.1273097519617884,-0.6531916694564158,0,0,0,1,0,0,0,1,0,0,0,1,0,0,0,0,0,1,0,1,0,0,0,0,0
1.432905098392227,1.569189298295119,1.2477554910659863,1.2950440709507236,-0.5602022140375821,-0.19455880988422905,0.7177968958465092,0,0,1,0,0,1,0,0,0,0,0,0,1,0,1,0,0,0,0,0,0,0,1,0,1
-0.778668480157465,0.19316384398655756,0.5663650366049024,0.4257940005713192,-0.45953187571577775,-0.1446824252584189,-1.7197094239369908,0,0,1,0,0,1,0,0,0,1,0,0,0,0,1,0,0,0,0,0,0,0,0,1,1
-1.5569905120934082,0.6406920789882761,0.06370345214613647,1.4903360025722783,1.268308996090341,-0.1811089982997409,-0.3382818594058709,0,0,0,1,1,0,0,0,0,0,1,0,0,0,0,0,0,0,1,0,1,0,0,0,1
-0.1332306975764391,1.4405005884499953,0.994707411989967,-0.9706334026133254,1.6698526366499489,-0.19082275111076014,-0.19909520302993944,0,1,0,0,0,0,1,0,0,0,0,0,0,1,0,0,0,1,0,0,0,0,0,1,1
0.692549994843403,-1.0730015016391046,-1.4613438219473422,1.0442415512422756,0.2429884955114163,0.008309181515133582,0.24282243096364303,0,0,0,1,0,1,0,0,1,0,0,0,0,0,1,0,0,0,0,0,0,0,0,1,0
0.3413559072625506,-1.2582086767671774,-1.6147685737154902,-0.16347757309017125,-0.569476296574762,0.326621389014686,-0.44615151809721776,0,0,0,1,0,0,0,1,0,0,0,0,0,1,0,0,0,1,0,0,0,0,1,0,0
-1.101387371447978,1.4068373691757334,0.9619479239517262,-1.4913656858654059,0.7100712844099797,-0.19810806571902453,-0.1973553698252403,0,1,0,0,1,0,0,0,0,0,0,0,0,1,0,0,1,0,0,0,0,1,0,0,1
1.3379877774244289,-1.123862389172903,-1.4826064538677413,-0.7325823787950001,1.5877304634025045,0.11702849182307931,-0.13472137445607113,1,0,0,0,1,0,0,0,0,0,0,0,1,0,0,1,0,0,0,0,0,1,0,0,0
0.06609567645593657,0.9124829028706714,1.63971069615847,-0.7311270450249318,-0.8385625947260231,-0.1600002662296415,1.563355833330293,0,1,0,0,0,0,1,0,0,0,0,1,0,0,1,0,0,0,0,1,0,0,0,0,1
-0.19967282225389765,1.028258802371388,0.3298208427658328,-0.35842299667123356,-0.11342587351968406,-0.20670100089800308,-0.44093201848312036,0,0,1,0,1,0,0,0,1,0,0,0,0,0,0,0,0,1,0,0,0,1,0,0,1
1.6796901329085014,-0.6042930161433431,-0.45920694428742426,0.050802999150370745,-0.47418423660165676,-0.10153094642485283,0.5037974116685145,0,0,1,0,0,1,0,0,0,0,0,0,1,0,0,0,0,0,1,0,1,0,0,0,1
-0.9020609974156024,-1.2366580538285792,-1.558256732665944,-0.7965477630699097,-0.6915563198615802,0.13570878569042394,0.1906274348226687,1,0,0,0,0,0,1,0,0,0,0,0,1,0,0,1,0,0,0,0,1,0,0,0,0
-0.6362924987057682,1.5387725383185562,1.6760909697167268,-1.23356370373901,-0.37344494599333067,-0.18727349527596465,-1.0289956416714308,1,0,0,0,0,0,1,0,0,0,0,1,0,0,0,0,0,1,0,0,0,0,1,0,1
1.518330687263245,1.3444333098300139,1.4471538738368528,-1.0285002453755676,0.3872711550582489,-0.1811089982997409,-0.1625587057312574,0,0,0,1,1,0,0,0,0,0,1,0,0,0,0,1,0,0,0,0,0,0,1,0,1
-0.7217180875767862,-0.9140981651981406,-1.278711400317731,-0.2528766475372279,-0.189652626269516,-0.11703559033474885,0.9718125437325843,0,0,1,0,0,0,1,0,0,1,0,0,0,0,0,0,1,0,0,0,0,0,1,0,0
-0.8356188727381438,-0.07663430219289352,0.6277183851497845,-1.2166541113629774,1.2707568022618645,-0.09574005532597599,1.055324537558143,0,0,1,0,1,0,0,0,0,1,0,0,0,0,0,0,0,1,0,0,0,0,1,0,1
0.06609567645593657,2.560911743806866,1.4105735949832046,1.558390181724999,0.6305692980503629,-0.21099746848749235,1.5790143321725854,0,0,0,1,0,0,0,1,0,0,0,1,0,0,0,0,1,0,0,0,0,0,0,1,1
1.0437440824242552,-0.656966633370418,-0.9849725887310548,-0.3726991279395232,-0.846595536105811,-0.16709877789923244,-0.7749799937853559,1,0,0,0,0,0,0,1,0,0,0,1,0,0,0,1,0,0,0,0,0,1,0,0,1
-1.148846031931877,-0.4121781792332071,-0.42159905201952386,-0.05495125480793038,-0.8762794954534389,-0.14729766639984715,-0.5035660138522895,0,0,1,0,0,0,1,0,0,0,0,0,1,0,0,1,0,0,0,0,0,0,1,0,1
-0.5888338382218692,0.41853948219043186,1.5513221490641345,-0.6782499180457812,-0.9093765929838951,-0.12637573726842116,-0.9350446486176771,1,0,0,0,0,0,0,1,0,0,0,0,0,1,1,0,0,0,0,0,1,0,0,0,1
-0.598325570318649,-0.5948328041693532,-1.0154009805678377,-0.2538468700506068,0.05526589545585997,-0.15943985741362116,-0.8811098192720036,0,1,0,0,1,0,0,0,1,0,0,0,0,0,0,0,0,0,1,1,0,0,0,0,1
1.74613225758596,-1.2334673660886708,-1.5152969745627436,-0.808398338054752,-0.9545058645124026,0.10936957133746802,0.006205115124559491,0,1,0,0,0,1,0,0,1,0,0,0,0,0,0,0,0,0,1,1,0,0,0,0,0
1.1766283317791724,1.6647595629774399,1.648683347513786,-1.6299689020623929,0.14697243652983238,-0.19082275111076014,-0.4322328524596247,1,0,0,0,1,0,0,0,0,0,0,0,1,0,0,0,1,0,0,1,0,0,0,0,1
1.432905098392227,-0.8965483041731076,-0.9623926805548021,-0.1501716643352605,-1.6068979234382599,-0.11591477270270818,1.7303798209814107,0,0,1,0,0,0,1,0,0,1,0,0,0,0,1,0,0,0,0,0,0,1,0,0,0
1.7081653291988408,0.12696824310152646,-0.4922147147613232,-0.5498340382392727,-0.10708226315967995,-0.20034970098310587,0.4150659182288582,0,0,1,0,0,0,0,1,0,0,0,0,0,1,1,0,0,0,0,1,0,0,0,0,1
1.6607066687149419,1.0497354740731366,1.255100513120876,0.16965525703928716,-1.4086945758313925,-0.1822298159317816,-0.5714195088355561,1,0,0,0,0,0,1,0,1,0,0,0,0,0,0,1,0,0,0,1,0,0,0,0,1
1.3854464379083278,1.2068633645694022,1.001562765907864,-1.3189432849163538,0.9940168003066853,-0.1867130864599443,1.2275680248233583,0,0,0,1,0,1,0,0,0,0,0,1,0,0,0,1,0,0,0,0,0,1,0,0,1
0.5596657454884858,1.0391696911082446,1.2419622342339605,0.04976347502889334,1.310714652301238,-0.16336271912576353,-0.3974361883656418,1,0,0,0,0,0,0,1,1,0,0,0,0,0,0,0,0,0,1,0,1,0,0,0,1
-1.613940904674087,-0.4304743314901143,1.6274345090620346,-0.5061740251372218,-0.5087638082923314,0.05052664565533245,-0.08600604472449512,0,0,1,0,0,0,1,0,0,1,0,0,0,0,0,0,0,0,1,0,0,1,0,0,1
-0.10475550128609971,-0.4538503174582845,-0.3067408385902899,0.5072233900870491,-1.6259287545182721,-0.13833112534352174,-1.4778726084838099,0,1,0,0,0,0,1,0,0,0,0,0,0,1,0,0,0,1,0,1,0,0,0,0,1
1.1766283317791724,2.603886656321111,1.3367578475151434,-0.3633434108462266,0.24781515556794118,-0.21921679778912395,1.6294694951088604,1,0,0,0,0,0,1,0,0,0,0,1,0,0,0,1,0,0,0,1,0,0,0,0,1
-0.4464578567701723,0.224963800222362,-0.41097808116081,0.8535928273633198,0.8927603675494458,-0.1835374365024957,1.0396660387158507,1,0,0,0,0,1,0,0,0,0,1,0,0,0,0,0,1,0,0,0,0,0,0,1,1
-0.2661149469313562,1.720648210226553,0.738886845715764,1.7021217169212746,-0.8431823979229827,-0.21398631550626745,-1.2882307891716032,0,1,0,0,0,1,0,0,0,0,1,0,0,0,1,0,0,0,0,0,1,0,0,0,1
1.6322314724246025,-0.09824038855912906,1.7271130102444963,1.3714144430752635,-1.1903916367034248,-0.033161070870371484,0.6064475707457639,1,0,0,0,0,0,0,1,0,0,0,0,1,0,1,0,0,0,0,1,0,0,0,0,1
-0.9020609974156024,0.9116370855992036,0.22942508121369162,-1.4311425884278148,-0.1762069303977682,-0.210437059671472,1.3858928464509803,1,0,0,0,0,1,0,0,0,0,0,1,0,0,1,0,0,0,0,0,0,0,0,1,1
-0.7122263554800065,1.2720452172492864,0.3802842478133712,0.9747320383194865,-1.2922686400393604,-0.21678835958636916,-1.1994992957319468,1,0,0,0,0,0,0,1,0,0,0,1,0,0,0,1,0,0,0,0,0,0,1,0,1
0.12304606903661533,2.0836014969448775,1.129800643925348,1.601634385178459,-0.18144730417342375,-0.2100634537941251,0.7195367290512084,1,0,0,0,0,0,0,1,1,0,0,0,0,0,0,0,1,0,0,0,1,0,0,0,1
0.3128807109722112,-0.9471780940917508,-0.7640494981354831,-1.001195411784761,-0.9031019349104128,-0.034655494379759046,-0.07382721229160111,1,0,0,0,0,1,0,0,0,0,0,1,0,0,0,0,0,0,1,0,0,1,0,0,0
1.5657893477471438,-0.40387776915714246,-0.5524301021427717,-1.6171481045641716,-1.0464537385892012,-0.17793334834229232,-0.654931502661115,0,0,0,1,0,0,0,1,0,0,0,0,0,1,0,1,0,0,0,0,1,0,0,0,1
-0.8925692653188225,1.8660046044671241,0.9494165576853086,-0.3614029658194688,1.0252866622443142,-0.20782181853004372,-1.4517751104133225,0,0,1,0,0,0,0,1,1,0,0,0,0,0,1,0,0,0,0,0,0,0,1,0,1
-0.39899919628627334,2.95595616975609,1.6084891798744456,0.054337381163393914,0.801812301627213,-0.21716196546371605,0.7491138935310938,0,0,1,0,0,1,0,0,0,0,0,1,0,0,0,0,0,1,0,0,0,0,0,1,1
0.9298432972628978,0.0006989712219999789,0.04727543098674922,1.1367591980537644,1.482922987889393,-0.12656254020709462,-0.5314033451274758,1,0,0,0,0,1,0,0,1,0,0,0,0,0,0,0,0,0,1,0,1,0,0,0,1
-1.6898747614483252,1.1463940544577613,1.213858041864312,1.4698227265751242,0.8163957102265702,-0.16859320140862002,-1.0463939737184222,0,1,0,0,0,1,0,0,0,0,0,0,0,1,0,0,1,0,0,0,0,1,0,0,1
0.3033889788754314,-0.6391906048126866,-0.5192912937167197,-0.25114410733476555,-0.20961431321757243,-0.0963004641419963,1.5337786688504076,0,1,0,0,0,0,1,0,1,0,0,0,0,0,0,0,0,1,0,1,0,0,0,0,1
-0.873585801125263,0.3924596541249468,0.5630752943324308,0.24921350313635773,0.15228176259200973,-0.1571982221495398,0.8413250533801484,0,0,1,0,1,0,0,0,1,0,0,0,0,0,0,0,1,0,0,0,1,0,0,0,1
-0.5793421061250894,-1.0963140127956457,-1.2362206201485517,0.8247633583943464,-1.1141993600968538,0.014473678491357304,-1.3317266192890818,1,0,0,0,1,0,0,0,0,1,0,0,0,0,0,0,0,0,1,0,0,0,1,0,0
1.5752810798439238,-0.058232461293322026,-0.645742917544329,-0.08405793020929767,-1.3371565785650417,-0.20987665085545165,0.6916993977760221,0,1,0,0,1,0,0,0,0,1,0,0,0,0,0,0,0,0,1,0,0,0,0,1,1
0.1799964616172941,-1.1471505580473143,-1.4640059613963445,1.5707951695746294,-0.5044887665279808,0.09012886865410305,1.358055515175794,0,1,0,0,0,1,0,0,0,0,0,0,0,1,0,1,0,0,0,0,0,1,0,0,0
0.8064507800047604,1.9459874890723095,1.48662388437219,-1.6306619181433777,0.7277575459028172,-0.20091010979912624,0.8221868881284577,0,0,1,0,0,1,0,0,0,0,0,0,1,0,0,0,0,0,1,1,0,0,0,0,1
0.36983110355288995,1.4220263369643418,0.6688022315169003,-1.5870712066494255,-0.5826117071571618,-0.2156675419543285,-0.9385243150270755,0,1,0,0,0,0,0,1,0,0,1,0,0,0,0,1,0,0,0,0,1,0,0,0,1
-1.4146145306417113,-0.19582828948683098,-0.2114762473750858,1.4809109838708832,-0.03502712374441589,-0.1362762930181138,0.5629517406282855,0,0,0,1,0,0,1,0,1,0,0,0,0,0,0,1,0,0,0,0,0,0,1,0,1
-1.424106262738491,2.76638772043481,1.5748262196397818,-1.4913656858654059,0.5876464996905525,-0.21828278309575672,-1.0933694702452992,0,0,1,0,0,1,0,0,0,0,0,1,0,0,0,0,1,0,0,1,0,0,0,0,1
-0.33255707160881476,0.4488018689600709,0.6372565687196555,-0.05675309661849121,0.030408596164756916,-0.16074747798433528,-0.32436319376827777,0,1,0,0,0,1,0,0,0,1,0,0,0,0,0,1,0,0,0,0,0,0,1,0,1
-0.3800157320927137,0.500159462301376,1.7035606625285822,-1.1216416066599428,0.48173578759309266,-0.11628837858005506,0.20628593366496098,0,0,1,0,0,0,1,0,0,0,0,0,0,1,1,0,0,0,0,0,0,1,0,0,1
0.10406260484305574,-0.618140077113284,0.5531715838433963,1.5597069122788705,-0.8319431752199319,0.03184635178798781,1.52855916923631,0,0,0,1,0,0,0,1,0,0,1,0,0,0,0,0,1,0,0,0,0,1,0,0,1
1.1766283317791724,0.4677179790859009,0.2137557008299268,1.7372576322272109,0.7875391783172037,-0.16635156614453867,0.799569056467369,1,0,0,0,0,0,1,0,0,1,0,0,0,0,0,0,0,1,0,1,0,0,0,0,1
0.6830582627466232,1.9543846520165857,1.3620136886090461,-0.87887807349092,0.2442641128120693,-0.2048329715112686,0.6029679043363657,0,0,0,1,1,0,0,0,0,0,0,1,0,0,0,0,0,1,0,0,1,0,0,0,1
-1.186812960318996,0.1785430682010773,-0.3500592268783299,0.14747874244776923,-0.7067258228963725,-0.19848167159637142,1.3023808526254215,0,0,0,1,1,0,0,0,0,0,0,0,1,0,0,1,0,0,0,0,0,0,0,1,1
0.6071244059723848,-0.9477921974877563,-0.6497775071237755,-0.27165738333191963,-1.3192979363558996,-0.011118324106904814,-1.7371077559839823,0,0,1,0,0,0,1,0,0,0,0,0,0,1,0,0,0,0,1,0,1,0,0,0,0
1.0817110108113746,0.4470051620347783,0.19167925425931442,-1.5105622313086886,1.6537867538903734,-0.17307647193678274,0.4446430827087437,0,0,1,0,0,1,0,0,1,0,0,0,0,0,0,0,0,0,1,1,0,0,0,0,1
0.5122070850045869,-1.0911047644198957,-1.0507398472431946,-1.694142191161598,-0.24143579344737565,0.047350995697883855,-0.14342054047956684,1,0,0,0,0,0,0,1,0,0,0,1,0,0,1,0,0,0,0,0,1,0,0,0,0
-0.1332306975764391,-0.9530747808400487,-1.0070283450986957,1.6367703004843952,-1.160362915923188,-0.03783114433720764,1.4641853406624417,0,0,0,1,0,1,0,0,0,0,0,1,0,0,0,0,0,0,1,0,0,1,0,0,0
1.4423968304890067,-1.001475865358136,-1.0973065973977634,1.069467336590127,0.9497839085029609,0.07331660417349288,-1.0168168092385368,0,0,1,0,0,0,0,1,0,0,0,1,0,0,0,0,0,1,0,1,0,0,0,0,0
0.04711221226237698,1.1447507963489318,1.5535566909850589,-1.6388395078990001,0.9149285276661993,-0.16691197496055898,-0.11036370959028312,1,0,0,0,0,0,1,0,0,0,1,0,0,0,0,0,1,0,0,0,0,0,0,1,1
-0.826127140641364,1.6682475963155146,1.6525868991410797,1.1319080854868697,0.7306190657934712,-0.1798013777290268,0.4028870857959642,0,1,0,0,0,0,1,0,0,0,1,0,0,0,0,0,0,0,1,0,1,0,0,0,1
-1.2152881566093356,0.023709206697918,-0.25948441500333713,0.6034140221277582,0.23767916944923895,-0.1672855808379059,0.7108375630277126,0,0,0,1,0,0,1,0,0,0,1,0,0,0,0,0,0,1,0,0,0,1,0,0,1
0.36983110355288995,1.3837473279900485,1.670435647571178,1.0213027189616741,-0.009894015307225704,-0.1721424572434155,1.140576364588401,0,0,1,0,0,1,0,0,0,0,1,0,0,0,1,0,0,0,0,0,0,1,0,0,1
0.5311905491981465,0.4692022420355038,-0.0898316473711931,0.3523342959869161,-0.6640098813961275,-0.20072330686045278,-1.5805227675610594,0,1,0,0,1,0,0,0,1,0,0,0,0,0,1,0,0,0,0,0,1,0,0,0,1
1.0817110108113746,1.5988160125580047,1.7468238769420315,0.1924554861036915,0.7712664386980628,-0.17681253071025166,1.429388676568459,1,0,0,0,0,0,0,1,0,0,1,0,0,0,0,0,1,0,0,1,0,0,0,0,1
0.692549994843403,1.8385668468149878,0.9266711278852838,0.7914985865070696,0.9809158658675463,-0.2048329715112686,0.4411634162993454,0,1,0,0,0,0,0,1,0,1,0,0,0,0,0,1,0,0,0,0,0,1,0,0,1
1.0437440824242552,-0.8321728281050381,-0.851555263236367,-1.5893581597166757,-0.6519087551115544,-0.11236551686791271,1.1805925282964815,1,0,0,0,0,1,0,0,0,0,0,1,0,0,0,1,0,0,0,0,0,1,0,0,0
0.04711221226237698,-0.6240990061525971,-0.6531293200051618,-1.0757639420987402,-0.4958352545694969,-0.1332874459993387,-0.17647737136885056,0,1,0,0,0,0,0,1,0,0,0,1,0,0,0,0,1,0,0,0,1,0,0,0,1
-0.7217180875767862,-0.9773887149955951,-0.15695066581080552,0.8217140876380128,0.47201351519352114,0.24704333713979795,0.9526743784808936,1,0,0,0,0,1,0,0,1,0,0,0,0,0,0,0,1,0,0,0,0,0,0,1,0
-0.23763975064101683,-0.2849179607798955,-0.2435736489182379,0.19023783464453972,0.25784771325686073,-0.13085900779658388,-0.41657435361733236,1,0,0,0,0,0,0,1,0,0,1,0,0,0,0,1,0,0,0,1,0,0,0,0,1
1.4613802946825662,-0.2444010025004401,-0.08655569856736903,-0.6043744038127871,0.28580786544144404,-0.13067220485791042,0.23934276455424475,0,0,1,0,0,0,1,0,0,0,1,0,0,0,0,0,0,1,0,1,0,0,0,0,1
-1.3007137454803537,-0.4451893951025779,-0.9084878050796674,-0.1373508668370392,0.8805213366918292,-0.15551699570147878,1.1666738626588884,0,0,1,0,0,1,0,0,0,0,0,1,0,0,0,1,0,0,0,1,0,0,0,0,1
-0.6742594270928873,1.8565182014300836,1.540080472116275,0.8642652750104878,-0.15648657645253802,-0.19493241576157597,-0.6323136710000261,0,1,0,0,1,0,0,0,1,0,0,0,0,0,0,0,0,1,0,0,0,0,0,1,1
1.4139216341986673,-0.068595802747338,-0.6144248469797708,-1.7041909243358795,1.402283288802167,-0.18129580123841438,-1.4343767783663313,0,0,1,0,0,0,0,1,1,0,0,0,0,0,0,0,0,1,0,1,0,0,0,0,1
-1.2247798887061154,0.39310025671415677,0.8647039699855801,-0.28246843419528467,-1.2498974599717243,-0.15869264565892735,-0.7210451644396824,0,0,1,0,1,0,0,0,0,0,0,0,1,0,0,0,0,1,0,0,0,0,1,0,1
0.3033889788754314,-0.4901770137797473,-0.14362617509714634,-0.0773356742237438,0.30618326610863117,-0.08191663786414095,1.5076811707799203,0,0,1,0,0,1,0,0,0,0,0,0,0,1,1,0,0,0,0,0,0,1,0,0,1
1.4993472230696854,0.20921126238292875,1.7314510561341918,-1.008194874202709,0.2647774180523,-0.0824770466801613,0.6221060695880563,0,1,0,0,0,1,0,0,1,0,0,0,0,0,1,0,0,0,0,1,0,0,0,0,1
-0.9020609974156024,0.281919194063031,-0.3637630379798003,-1.644591541371175,0.8744880116211731,-0.198294868657698,0.34721242324559165,1,0,0,0,0,0,0,1,1,0,0,0,0,0,0,1,0,0,0,0,0,0,0,1,1
0.6166161380691646,1.5907525545700125,1.4107253231383292,0.5226083470849147,-0.17855130813950884,-0.19063594817208668,-0.7593214949430636,0,0,0,1,0,1,0,0,0,0,0,0,1,0,0,0,0,0,1,0,0,1,0,0,1
0.9203515651661179,1.5564188440816473,1.3741312508160333,0.3591258535805685,-1.7110158760861534,-0.19978929216708555,0.7177968958465092,0,0,1,0,0,1,0,0,0,0,0,1,0,0,0,0,1,0,0,1,0,0,0,0,1
1.432905098392227,-1.2378270996311105,-1.4282808775988525,0.17610030659244705,0.7524769406208767,0.663613890381583,-1.2429951258494254,0,0,1,0,0,1,0,0,0,0,1,0,0,0,1,0,0,0,0,0,0,0,1,0,0
1.2715456527469704,-0.9704141889702138,-0.12572914952678113,-0.7243354874312794,0.7064512893675859,0.21808888164541376,-1.4291572787522338,1,0,0,0,1,0,0,0,0,0,1,0,0,0,0,0,0,1,0,1,0,0,0,0,0
1.0722192787145948,0.2543751315079232,1.2451209385542792,-0.9656436868302338,0.20061731544378017,-0.1147939550706675,1.52855916923631,0,1,0,0,0,0,0,1,1,0,0,0,0,0,1,0,0,0,0,0,1,0,0,0,1
-1.0159617825769598,-0.15684920880369452,-0.06441718138784212,1.6092575620692933,-1.0186659671209224,-0.144308819381072,-1.164702631637964,0,0,0,1,0,1,0,0,0,0,0,1,0,0,0,0,0,0,1,0,0,1,0,0,1
0.1610129974237345,1.3211710238885002,0.41955425305331706,-0.5693077901149494,-1.6058291629971722,-0.2238868712559601,-0.5505415103791664,0,0,1,0,0,0,0,1,0,1,0,0,0,0,0,0,0,1,0,0,0,0,0,1,1
-0.47493305306051165,-0.8723126350765604,-0.2595464856122517,1.0855453096689776,1.6245509844051371,0.14859818845889172,-0.8811098192720036,0,0,1,0,1,0,0,0,0,0,1,0,0,0,0,0,0,1,0,0,0,0,0,1,0
-1.243763352899675,-1.0963562266266806,-1.306408685362273,0.455108580796982,0.9253747990742495,0.12674224463409853,0.8743818842694321,0,1,0,0,0,0,0,1,0,0,0,0,1,0,1,0,0,0,0,1,0,0,0,0,0
0.4172897640367889,-0.5427646626939846,0.7941848615243144,1.3346845907830618,-0.6199493703087077,0.028297095953192308,-0.7140858316208858,0,1,0,0,0,0,0,1,0,0,0,0,1,0,0,1,0,0,0,1,0,0,0,0,1
1.6701984008117217,0.09295252293161478,-0.1856824610039236,-0.34955239083462636,-1.3526018907459212,-0.19343799225218838,-1.7144899243228933,0,0,1,0,0,0,1,0,1,0,0,0,0,0,0,0,0,0,1,0,0,0,0,1,1
-0.6552759628993278,-0.3684384876778753,-0.360411225098414,-0.8586420039261599,-0.17968902086711827,-0.1435616076263782,-0.30870469492598546,0,0,1,0,0,0,1,0,0,1,0,0,0,0,0,0,1,0,0,0,0,1,0,0,1
-1.3956310664481517,0.5001625436029113,0.1601404881963934,0.5505368951486076,-1.0740691293411757,-0.19362479519086181,1.3771936804274847,0,1,0,0,1,0,0,0,0,0,0,0,1,0,0,0,0,0,1,1,0,0,0,0,1
0.40779803194000913,-0.5679207165591563,-0.8499690143418838,-0.2921706593290737,0.6147102721503527,-0.13384785481535902,-0.7941181590370465,1,0,0,0,0,0,1,0,0,1,0,0,0,0,0,0,1,0,0,0,0,0,0,1,1
-0.7122263554800065,-0.7820761033520195,0.028985291559925123,0.09668066371157347,-1.5573212294290972,0.005133531557684983,-0.5488016771744673,0,0,0,1,0,0,0,1,0,0,0,1,0,0,0,1,0,0,0,0,0,0,0,1,0
-1.186812960318996,-0.4944366050222864,-0.9217709153873836,0.32856384440913283,0.7292400200630356,-0.14692406052250023,-1.321287620060887,0,1,0,0,0,1,0,0,0,1,0,0,0,0,0,0,0,1,0,0,0,1,0,0,1
0.4172897640367889,0.6677588479355503,0.162099160744364,0.6951000496420651,1.507573430320931,-0.1798013777290268,-0.7367036632819747,0,1,0,0,0,0,0,1,0,1,0,0,0,0,0,0,1,0,0,0,0,0,1,0,1
0.967810225650017,-0.8021218186207276,-1.0476363167974665,1.1206812249749138,0.5464130323505259,-0.07257649093046865,0.3350335908126976,1,0,0,0,1,0,0,0,1,0,0,0,0,0,0,0,0,1,0,0,1,0,0,0,0
-0.46544132096373186,-1.0959670582427594,-1.512648628582389,-0.08357281895260821,-0.6353257302030655,-0.08677351426965056,-1.333466452493781,0,1,0,0,0,1,0,0,0,0,0,0,0,1,0,0,0,1,0,0,0,0,0,1,0
0.04711221226237698,0.39601516796664665,0.22879747839022216,0.738621459527919,1.5564606014648756,-0.15775863096556011,-0.9802803119398548,0,0,0,1,0,0,1,0,0,0,0,0,0,1,0,0,1,0,0,0,0,1,0,0,1
-1.0254535146737396,0.009302581369148136,-0.5015804799730982,-1.579725236190985,-0.8560764755025563,-0.20838222734606407,1.1179585329273123,1,0,0,0,1,0,0,0,0,0,0,0,1,0,0,1,0,0,0,0,0,0,0,1,1
-0.22814801854423702,-0.6073210111621822,0.5877656032117785,1.4653874236568207,0.8783838158096539,0.06995415127737085,-0.30870469492598546,1,0,0,0,0,0,1,0,0,1,0,0,0,0,0,0,0,0,1,0,1,0,0,0,1
-1.3576641380610324,-0.7969082564228283,-0.7157447709313066,-1.2082686167830596,-0.5571338372873627,-0.09405882887791497,1.137096698179003,0,0,1,0,1,0,0,0,0,1,0,0,0,0,0,0,0,1,0,0,0,1,0,0,0
0.24643858629475265,0.42113886816569657,0.6008349147554556,-0.28489399047873193,0.1801384863468104,-0.1600002662296415,-1.4761327752791107,1,0,0,0,1,0,0,0,0,0,1,0,0,0,0,0,0,1,0,0,1,0,0,0,1
-0.8925692653188225,0.7321210744070175,1.0102802380931981,1.5507670048341646,-1.000290182762867,-0.16597796026719178,0.2967572603093165,0,0,0,1,1,0,0,0,0,0,0,1,0,0,0,0,0,1,0,0,0,0,0,1,1
-0.49391651725407126,0.7703070280749416,0.6476775342829779,-0.5415178452674535,-0.6781451001330933,-0.18839431290800535,0.9874710425748764,0,0,0,1,0,0,1,0,0,1,0,0,0,0,0,0,0,0,1,0,0,0,1,0,1
-0.645784230802548,0.6878612591525098,1.1172554841902826,-1.5188091226724092,-1.5182597591145068,-0.175691713078211,-1.3787021158159587,1,0,0,0,0,0,0,1,0,0,0,1,0,0,0,0,0,1,0,0,0,1,0,0,1
1.4044299021018876,-0.7081076112137844,-0.5501127994099614,-0.9581591131555965,0.003655108994304809,-0.08191663786414095,-0.7071264988020892,0,0,0,1,1,0,0,0,0,0,0,0,0,1,0,0,0,0,1,0,1,0,0,0,0
-0.9495196578995013,0.11342284155190131,0.7765085314523121,1.171825811751602,0.6743884761349566,-0.10657462576903587,-1.6274982640879363,0,0,1,0,0,1,0,0,0,0,1,0,0,0,0,0,0,1,0,0,0,0,1,0,1
-0.8830775332220427,0.39893593369205377,0.33333128053666744,-0.15925017499616315,1.1619500941304897,-0.16093428092300874,-1.236035793030629,0,0,1,0,0,1,0,0,0,0,1,0,0,0,0,0,1,0,0,0,0,0,0,1,1
0.09457087274627594,2.146792212572585,1.2927290955917479,-1.6074458794303825,0.16458974573614815,-0.21361270962892057,-0.9507031474599694,0,0,0,1,0,1,0,0,0,0,0,1,0,0,0,0,0,1,0,0,0,0,0,1,1
-1.0539287109640791,1.7011589780151382,0.6400221591835153,-0.41344847350143743,1.2372804671555384,-0.210437059671472,0.2706597622388293,1,0,0,0,0,0,0,1,0,0,1,0,0,0,0,0,1,0,0,0,0,0,0,1,1
1.518330687263245,0.6387117264914736,0.6157939315038649,0.6538655928234615,-1.0016002762067808,-0.18036178654504714,1.1162186997226131,1,0,0,0,0,0,1,0,0,0,1,0,0,0,0,0,1,0,0,0,0,1,0,0,1
0.8444177083918797,0.14853119124626638,-0.04816847532087472,1.305370010557399,1.1726032223981053,-0.15140733105066298,-0.4774685157818024,1,0,0,0,1,0,0,0,0,0,0,0,0,1,0,0,1,0,0,0,0,0,1,0,1
-0.826127140641364,-0.18438803314619218,-0.1964137796118189,0.8738981985361784,0.34672721058344,-0.1357158842020935,-1.444815777594526,1,0,0,0,0,0,0,1,0,0,0,1,0,0,1,0,0,0,0,1,0,0,0,0,1
-1.5949574404805273,-1.0775741531176406,-1.14870106157902,-1.676608884312679,1.2586556759772913,0.09834819795573467,0.22890376532604986,1,0,0,0,0,0,1,0,0,0,0,0,1,0,0,1,0,0,0,0,0,1,0,0,0
0.1515212653269547,0.06820504965003737,-0.05627903488571074,1.2086249656519021,-0.02458085233636565,-0.15869264565892735,1.126657698950808,0,1,0,0,1,0,0,0,0,0,0,0,0,1,0,0,1,0,0,1,0,0,0,0,1
-0.8166354085445843,1.6446417452528033,0.9625410431035765,1.7074579407448587,0.8814866687031341,-0.1958664304549432,-1.0289956416714308,0,0,1,0,0,0,0,1,1,0,0,0,0,0,0,1,0,0,0,0,1,0,0,0,1
0.10406260484305574,-0.41149936850495816,-0.7233449721561784,0.2699346839578073,-1.2641361071384727,-0.1794277718516799,-0.2739080308320026,0,0,1,0,1,0,0,0,0,0,0,1,0,0,0,0,1,0,0,1,0,0,0,0,1
-1.2532550849964548,0.7858146024423104,0.2721986274901483,-0.02882454855479832,-0.20340860743061187,-0.198294868657698,-0.8689309868391096,0,0,1,0,0,0,0,1,1,0,0,0,0,0,0,0,1,0,0,0,0,0,1,0,1
-1.0918956393511983,1.8079476453275491,1.4906653706859603,0.3715308414301988,-0.7071395366155033,-0.19904208041239177,-0.5835983412684501,1,0,0,0,0,1,0,0,0,1,0,0,0,0,1,0,0,0,0,0,0,0,0,1,1
-1.2627468170932346,-1.2916518911118116,-1.654259274453799,-1.397184800459553,0.30659697982776185,1.0902718023117344,-0.9594023134834652,1,0,0,0,1,0,0,0,0,0,0,1,0,0,0,0,1,0,0,1,0,0,0,0,0
-0.21865628644745724,-1.1124541783682325,-1.4897100902212967,1.3244972543925833,-1.4607535521553392,-0.07108206742108107,0.9526743784808936,1,0,0,0,0,0,1,0,1,0,0,0,0,0,1,0,0,0,0,0,0,1,0,0,0
-0.04780510870542095,1.3223659526239289,1.1246694735884109,-0.5124804714741846,-0.7892961860062087,-0.19624003633229006,0.5159762441014085,0,1,0,0,0,0,1,0,0,0,0,0,0,1,0,0,0,1,0,0,0,0,0,1,1
0.38881456774644957,-0.3990160915945859,-0.6609433199940727,-0.46868185515593674,0.8787975295287845,-0.1430011988103579,-1.5753032679469618,0,0,0,1,0,1,0,0,0,1,0,0,0,0,0,0,1,0,0,0,0,0,0,1,1
-0.2566232148345764,-0.2721364138808964,0.4407961947707448,-0.1298662931624019,0.401578754511519,-0.07874098790669237,-0.849792821587419,0,1,0,0,0,0,0,1,0,0,1,0,0,0,0,1,0,0,0,0,0,0,0,1,1
-0.9685031220930609,-0.9033968049656911,-0.5255673219514142,0.7199100253413258,-0.4231250684322759,0.03913166639625219,-0.3017453621071889,0,0,0,1,0,1,0,0,0,1,0,0,0,0,1,0,0,0,0,0,1,0,0,0,0
0.3413559072625506,-0.8236166700015352,-0.456758603602461,-1.0699426070184666,0.9045512085446707,0.011858437349929085,-1.4952709405308013,1,0,0,0,0,0,0,1,0,0,0,0,0,1,0,0,0,1,0,0,0,0,0,1,0
-0.4844247851572915,-0.2216687004230153,-0.46246909962260063,-1.4466661486418775,1.695364982663009,-0.1474844693385206,1.140576364588401,0,1,0,0,0,0,0,1,1,0,0,0,0,0,0,0,0,0,1,0,0,1,0,0,1
-1.3386806738674728,-0.30499787849564663,-0.35521108741823854,-0.7680648021414288,1.4301744887002286,-0.12544172257505393,0.7317155614841023,0,0,1,0,0,0,0,1,1,0,0,0,0,0,0,0,1,0,0,0,0,1,0,0,1
-1.4525814590288304,-0.35863994879529837,-0.9232468165326854,1.7413464271050219,-0.7284457931507344,-0.1811089982997409,1.6312093283135596,0,0,0,1,0,0,1,0,1,0,0,0,0,0,0,1,0,0,0,0,0,0,1,0,1
0.7305169232305221,-1.0078350554668976,-1.2805804153194917,-0.7100593561629898,-1.5989339343449938,-0.1515941339893364,1.1718933622729857,0,0,1,0,0,1,0,0,0,0,0,1,0,0,0,0,0,0,1,0,0,0,0,1,0
-0.826127140641364,0.0053277023884801605,-0.40193646246225556,0.8012008116408587,0.2855665324386178,-0.1725160631207624,-0.4183141868220315,0,1,0,0,1,0,0,0,0,0,0,0,1,0,0,0,0,1,0,0,1,0,0,0,1
-0.4464578567701723,-0.23707644062063715,0.03982695791700185,1.0468057107419197,0.11315133999089745,-0.11199191099056581,-0.6427526702282209,1,0,0,0,0,0,1,0,0,0,1,0,0,0,0,0,0,1,0,1,0,0,0,0,1
-1.4146145306417113,-0.10219708786073817,0.7865846602994425,0.9218549113403359,1.0978589438084916,-0.06846682627965282,0.8065283892861655,0,1,0,0,0,1,0,0,0,0,0,1,0,0,1,0,0,0,0,1,0,0,0,0,1
-0.2850984111249158,-1.0113575993821686,-1.4358672853550767,1.076605402224272,0.1907226623279042,-0.04717129127087996,1.1597145298400917,1,0,0,0,1,0,0,0,0,0,0,0,1,0,0,0,0,1,0,0,0,1,0,0,0
-0.5793421061250894,-1.002372524104938,-1.2966429095597154,-1.602594766863488,1.6674048304784257,-0.010184309413537582,-1.3647834501783656,1,0,0,0,1,0,0,0,1,0,0,0,0,0,0,0,1,0,0,1,0,0,0,0,0
-1.6613995651579858,-0.1753715285933002,0.13847784568521146,0.19127735876601712,1.1734651259796276,-0.10545380813699518,1.1979908603434728,0,1,0,0,0,1,0,0,0,1,0,0,0,0,1,0,0,0,0,0,0,1,0,0,1
0.322372443068991,-1.1796974217753,-1.3423130842521849,-1.300994168418844,-1.5646646479436672,-0.043995641313431366,1.3980716788838743,0,0,0,1,0,0,0,1,0,0,0,0,0,1,0,0,0,1,0,0,0,1,0,0,0
-1.0729121751576387,-1.1729623128792193,-1.2208753862780073,-1.2656503482886123,0.9768476809627611,0.3032710216805052,1.1440560309977994,0,1,0,0,1,0,0,0,1,0,0,0,0,0,0,1,0,0,0,0,0,0,0,1,0
-0.36103226789915416,-0.5002097315790147,0.6024763375245296,0.3682736658495696,-0.3414855611904839,-0.012052338800272048,-0.6096958393389372,0,1,0,0,0,0,1,0,0,0,1,0,0,0,1,0,0,0,0,0,0,1,0,0,1
1.0247606182306956,-1.1983969164031913,-1.3888177637978392,0.6094432620323271,-0.2757395559919631,0.269272886841938,1.2432265236656506,0,0,1,0,0,0,0,1,0,0,0,0,1,0,0,0,1,0,0,0,0,1,0,0,0
-0.1237389654796593,2.6140882294445182,1.6950087119670203,1.2944896580859357,1.5010229631013614,-0.20296494212453414,-1.2777917899434084,0,0,0,1,0,1,0,0,0,0,0,1,0,0,0,0,0,1,0,0,0,1,0,0,1
0.9298432972628978,-0.3252389482816993,-0.2071795818913334,-0.73396841095697,1.1994256618550792,-0.11311272862260649,-0.15733920611715999,0,1,0,0,0,1,0,0,0,0,0,0,0,1,0,0,0,1,0,0,0,1,0,0,1
0.10406260484305574,-0.5172185160544311,-0.5685408735232622,-0.7677182941009364,0.23095632151336504,-0.1276833578391353,0.5559924078094889,1,0,0,0,0,1,0,0,0,1,0,0,0,0,0,1,0,0,0,0,0,0,1,0,1
1.195611795972732,-0.3345577285152142,0.00520535161132426,1.5547171964957789,1.0406974982819328,-0.07687295851995792,-1.0498736401278206,0,1,0,0,0,0,1,0,0,0,0,0,1,0,1,0,0,0,0,0,0,1,0,0,1
-1.1678294961254365,-1.1022205597088568,-1.1496321207127385,-0.5733965849927605,1.2145951648898716,0.18110189978807142,-0.6705900015034073,0,0,1,0,0,0,1,0,0,1,0,0,0,0,0,0,0,1,0,0,1,0,0,0,0
0.08507914064949616,1.4370979071644512,0.4362167631797149,1.5263035371753966,0.9624711292229692,-0.2044593656339217,-1.1821009636849555,0,0,0,1,0,0,1,0,0,0,1,0,0,0,1,0,0,0,0,1,0,0,0,0,1
1.328496045327649,0.13759503583681926,-0.5667546193333877,-0.06811856034664415,1.5433596670257366,-0.18372423944116917,1.0344465391017532,0,0,1,0,1,0,0,0,1,0,0,0,0,0,0,0,0,0,1,0,0,0,0,1,1
-0.8925692653188225,2.663063976698958,1.6101650863151389,0.056139222973954746,-0.7514069045624885,-0.21790917721840983,1.0622838703769395,1,0,0,0,0,1,0,0,0,0,0,0,0,1,0,1,0,0,0,0,0,1,0,0,1
0.550174013391706,-0.5848345969472823,-1.0060765957620057,0.07977107133554104,0.9383723050836057,-0.1362762930181138,-0.5714195088355561,0,0,1,0,0,1,0,0,0,0,1,0,0,0,0,1,0,0,0,1,0,0,0,0,1
-0.5318834456411904,-0.8192886738649102,-0.9443853072352555,-1.0009875069604657,-0.39957786258508676,-0.1144203491933206,1.149275530611897,0,0,1,0,0,1,0,0,0,0,0,0,1,0,0,0,0,1,0,0,1,0,0,0,0
1.0722192787145948,-0.9854423128186741,-1.4143839579363144,-0.2507282976861746,-0.772609732667937,-0.14206718411699065,-0.8184758239028345,1,0,0,0,1,0,0,0,0,0,1,0,0,0,1,0,0,0,0,1,0,0,0,0,0
-0.8925692653188225,0.9563831302359976,1.4928930158725608,-1.322754873361771,-0.3712039966813727,-0.16672517202188558,-1.6135795984503432,1,0,0,0,0,0,0,1,0,0,0,1,0,0,0,1,0,0,0,0,0,0,1,0,1
0.36033937145611017,-0.5959189629605823,-0.6110799308327084,0.9829096280751087,0.36110376232323194,-0.09144358773648673,-0.2773876972414009,1,0,0,0,0,1,0,0,0,0,0,0,1,0,0,1,0,0,0,1,0,0,0,0,1
-0.5888338382218692,-0.17283007108690104,-0.4078124801061674,-1.136818658833513,-1.6567504265935096,-0.19624003633229006,-1.698831425480601,1,0,0,0,1,0,0,0,0,0,0,1,0,0,0,0,0,1,0,0,1,0,0,0,1
0.7400086553273019,-0.8559703361232512,-1.1449837217784702,-1.3996103567430003,-0.8594896136853846,-0.15981346329096804,-1.5979210996080508,0,0,0,1,1,0,0,0,1,0,0,0,0,0,0,0,0,0,1,0,0,0,0,1,0
0.8349259762950998,-0.31018216832895973,1.1341386898150434,0.530924540056734,-0.26270757383934595,-0.01877724459251615,1.65034749356525,1,0,0,0,0,0,1,0,0,0,0,0,0,1,0,0,1,0,0,1,0,0,0,0,1
-1.699366493545105,-1.088147023076064,-1.4184944115933233,1.6506999237121924,-1.5519084749371372,-0.06379675281281666,-0.7941181590370465,0,0,1,0,1,0,0,0,1,0,0,0,0,0,0,0,0,0,1,0,0,0,0,1,0
-1.3671558701578121,-0.232286865514009,0.3373934570534093,0.46016759818817204,-1.3008187235680617,-0.11610157564138164,-1.4152386131146406,0,1,0,0,1,0,0,0,0,0,1,0,0,0,1,0,0,0,0,0,0,1,0,0,1
-0.7881602122542448,1.3316708670005344,1.134586977546093,0.23701642011102286,0.538380090970738,-0.18559226882790364,-0.9524429806646686,1,0,0,0,1,0,0,0,0,1,0,0,0,0,0,0,0,1,0,0,0,1,0,0,1
-0.6268007666089883,-0.13988479507038784,-0.3709425384109179,0.021696323749003463,-0.3865458804324696,-0.17027442785668104,-1.067271972174812,1,0,0,0,0,1,0,0,0,0,0,0,0,1,1,0,0,0,0,1,0,0,0,0,1
-1.1393542998350972,-0.8522471994780256,-1.037215351234144,0.11629301880344713,1.6382380132797112,-0.025688953323433624,-0.7384434964866738,1,0,0,0,0,0,1,0,1,0,0,0,0,0,0,0,0,0,1,0,0,0,1,0,0
-0.22814801854423702,0.5449806906956337,0.7638875076396846,-0.1285495626085305,0.5755453734059794,-0.15738502508821325,1.2902020201925275,0,0,0,1,0,1,0,0,0,0,0,0,0,1,0,0,0,1,0,0,0,1,0,0,1
0.322372443068991,0.03138626947337092,-0.09965259704834149,-0.10103682419342858,1.2505882584542427,-0.1499129075412754,-0.3661191906810572,0,0,0,1,0,0,0,1,0,1,0,0,0,0,0,0,0,0,1,0,0,0,1,0,1
-0.2566232148345764,-0.7017915593265184,-0.7031375405873268,-0.03076499358155614,-1.2820981777773974,-0.1269361460844415,-1.0133371428291384,0,0,0,1,0,1,0,0,0,1,0,0,0,0,1,0,0,0,0,0,0,0,0,1,1
-0.6647676949961075,-1.151744778636598,-1.5347802490275921,-0.06375255903643906,1.3949053941443361,0.1732561763637866,0.8152275553096613,0,1,0,0,0,0,1,0,0,0,0,0,0,1,0,0,1,0,0,0,0,1,0,0,0
1.2620539206501906,-1.2800292217202769,-1.6573076310249364,0.06798979795879714,-1.5847642394647672,0.20202382891949738,-1.3021494548091963,0,0,1,0,0,1,0,0,0,0,1,0,0,0,0,0,0,0,1,0,0,0,0,1,0
-1.651907833061206,-0.6377920020457679,-0.7933744124804514,1.0460433930528363,-1.0209413925761412,-0.13422146069270594,-0.5644601760167596,0,1,0,0,1,0,0,0,0,0,0,0,1,0,1,0,0,0,0,0,0,0,0,1,1
1.432905098392227,-0.5157444213998951,0.5590131178156889,1.1786173693452544,1.1685005613500592,0.028483898891865787,1.344136849538201,0,0,0,1,1,0,0,0,0,1,0,0,0,0,0,0,0,1,0,0,0,0,1,0,1
0.1705047295205143,-0.28654149855889854,0.08787650595119623,0.36591741117422083,0.5699257620544541,-0.097421281774037,-0.9385243150270755,0,0,0,1,0,1,0,0,0,0,0,1,0,0,0,1,0,0,0,0,0,1,0,0,1
-0.275606679028136,0.2395885816998383,-0.23721485987165727,-0.7568379416294728,1.6169662328877408,-0.1762521218942313,0.6012280711316665,0,0,0,1,0,1,0,0,0,0,0,1,0,0,0,0,0,1,0,0,0,0,0,1,1
0.09457087274627594,-1.1624627778973387,-1.2503865124497193,1.1313536726220819,1.1478838276800458,0.3921892204890657,-1.3717427829971622,0,1,0,0,0,0,0,1,1,0,0,0,0,0,0,0,1,0,0,0,0,0,1,0,0
1.328496045327649,-1.1896595777694068,-1.4970413188075389,0.0491397605560069,0.32014610412929234,0.20295784361286462,-0.48442784860059895,0,0,1,0,1,0,0,0,0,0,0,0,1,0,0,0,0,0,1,0,0,0,1,0,0
-0.18068935806033806,-1.180680356965093,-1.5081519578032454,1.354782057131625,1.5892474137059838,0.3936836439984532,1.7147213221391184,1,0,0,0,0,1,0,0,0,0,0,1,0,0,0,0,0,0,1,0,1,0,0,0,0
-1.2627468170932346,-0.5410727200208957,0.48814917263823127,1.5179873442035774,0.8954839828670562,0.02923111064655954,1.662526325998144,1,0,0,0,0,0,1,0,1,0,0,0,0,0,0,0,0,0,1,0,0,0,1,0,1
0.82543424419832,1.0909133715319357,0.6545053012635798,-0.9772863569907808,-1.3744942417165875,-0.20875583322341096,1.6886238240686313,0,0,0,1,1,0,0,0,0,0,0,1,0,0,0,0,0,1,0,0,0,0,1,0,1
-0.4084909283830531,0.6211547784729091,0.11863594103552333,-0.1694375113866417,-1.0091160754376554,-0.20427256269524827,-0.1851765373923463,0,0,0,1,0,1,0,0,0,1,0,0,0,0,1,0,0,0,0,0,0,0,1,0,1
1.0817110108113746,0.9161820053639209,0.8109301324625983,-0.017112576786152914,1.6592684606688552,-0.16990082197933415,0.5055372448732137,1,0,0,0,1,0,0,0,1,0,0,0,0,0,0,0,0,0,1,0,0,1,0,0,1
1.5373141514568045,2.2004228820565555,1.1224073447301914,-1.7005179391066594,-1.6120348687841328,-0.22762293002942904,1.126657698950808,0,1,0,0,1,0,0,0,0,0,1,0,0,0,0,0,1,0,0,1,0,0,0,0,1
-0.4559495888669521,-0.3553250846035134,-0.5552094860752792,0.12786638735589556,0.09012127629262166,-0.14935249872525508,1.1092593669038164,0,0,1,0,1,0,0,0,0,1,0,0,0,0,0,0,0,0,1,0,1,0,0,0,1
-0.7407015517703459,0.6613121488631831,1.2649214627980243,-0.8869170600303452,1.3575332548495294,-0.14094636648495,1.7129814889344193,0,1,0,0,1,0,0,0,0,1,0,0,0,0,0,0,0,1,0,0,0,0,1,0,1
-0.19967282225389765,-1.3170590710521184,-1.6890739893205442,0.8759772467791332,1.525052834954203,23.192235097337875,0.9248370472057074,0,0,1,0,0,0,1,0,0,0,1,0,0,0,0,0,1,0,0,0,0,1,0,0,0
-1.5854657083837476,-0.29679699445917546,1.1715879571934955,0.3833121148069427,1.6595097936716814,0.010924422656561853,-1.3804419490206579,0,1,0,0,0,0,0,1,0,0,0,0,1,0,0,0,1,0,0,0,0,0,0,1,1
0.7779755837144211,0.679333140892979,1.2918118299266772,-0.3018728844628628,-0.28129021505696666,-0.1523413457440302,1.6155508294712673,0,0,0,1,1,0,0,0,0,0,0,1,0,0,1,0,0,0,0,0,0,1,0,0,1
-1.2627468170932346,-0.01590677901258596,0.3934225267002867,-0.5812276667078903,-0.020340286715275945,-0.13235343130597146,1.3563156819710949,0,0,0,1,0,0,1,0,0,0,0,1,0,0,0,0,0,1,0,1,0,0,0,0,1
-1.5474987799966284,0.8143881278403959,0.6970098749014066,-1.5088989927143246,1.3779431316599773,-0.17643892483290477,-1.7197094239369908,0,1,0,0,1,0,0,0,0,1,0,0,0,0,0,1,0,0,0,0,0,0,0,1,1
1.0722192787145948,-1.2736774267352002,-1.5876299241511793,-1.5734880914621205,1.0172881970077872,0.8986119872327785,-1.239515459440027,0,1,0,0,0,0,0,1,0,0,0,0,1,0,0,1,0,0,0,0,0,0,0,1,0
0.8823846367789988,0.0808479379799434,0.5481093808496976,-1.3797207952187327,-1.4238985550094456,-0.1558906015788257,-0.9263454825941814,1,0,0,0,1,0,0,0,0,0,0,0,0,1,1,0,0,0,0,0,0,0,0,1,1
0.03762048016559719,1.6405849036512936,0.8569520406055837,0.6237886949087152,-0.5441708074212673,-0.20987665085545165,-0.9785404787351556,0,1,0,0,0,0,1,0,0,0,0,1,0,0,0,0,1,0,0,1,0,0,0,0,1
-1.2627468170932346,-1.1673805351478395,-1.4906411493550151,-0.4940462437199854,1.657027511356897,0.2504057900359199,0.3698302549066805,0,0,1,0,0,1,0,0,0,1,0,0,0,0,0,0,0,1,0,0,0,0,0,1,0
-1.2627468170932346,0.8287716434076502,0.7131068528132495,0.3600960760939474,1.2982342884407954,-0.16990082197933415,-0.5505415103791664,0,0,0,1,0,0,0,1,0,0,0,0,1,0,1,0,0,0,0,1,0,0,0,0,1
-0.23763975064101683,-1.1006022601424639,-1.3137192237455435,1.3756418411692717,-1.5304987899721234,-0.01971125928588338,-0.11906287561377885,0,0,0,1,0,0,1,0,0,0,0,1,0,0,0,1,0,0,0,0,1,0,0,0,0
-0.37052399999593394,-1.0407834127849462,-1.379162335744463,0.02183492696520045,0.669148102359301,-0.007008659456089035,-1.6414169297255292,0,1,0,0,0,0,1,0,0,1,0,0,0,0,0,0,1,0,0,1,0,0,0,0,0
-0.04780510870542095,-0.4773461660561818,-0.8716523470560372,-0.2581435697527134,-0.7220677066474694,-0.1794277718516799,0.16800960316157984,1,0,0,0,0,0,1,0,1,0,0,0,0,0,0,0,0,1,0,0,1,0,0,0,1
-0.04780510870542095,2.0057705933320165,0.8751249355489025,-0.8019532885015922,1.151262489719613,-0.21379951256759402,1.6207703290853648,0,0,0,1,0,1,0,0,0,0,1,0,0,0,1,0,0,0,0,0,0,0,1,0,1
1.2715456527469704,-1.2993514473884729,-1.639886480122916,1.157618982091411,-1.2093190393536546,1.4614492414558722,0.26891992903413015,0,0,1,0,0,1,0,0,1,0,0,0,0,0,1,0,0,0,0,1,0,0,0,0,0
-0.778668480157465,1.221409572857726,0.5836206658831505,1.4653181220487221,-1.1471240769110056,-0.20595378914330928,-1.4970107737355003,0,0,0,1,0,0,0,1,0,0,0,0,1,0,1,0,0,0,0,0,1,0,0,0,1
-0.7407015517703459,-0.09295164260376587,-0.7108618830300277,0.4007068184396646,1.3724614248814955,-0.17176885136606862,-0.5522813435838655,0,0,0,1,0,1,0,0,0,0,0,0,1,0,0,0,0,1,0,0,0,0,0,1,1
0.82543424419832,-0.2273894448536418,-0.7511250180126066,-0.9860876612192895,-1.004117034664826,-0.2065141979593296,-1.239515459440027,1,0,0,0,0,1,0,0,0,0,1,0,0,0,0,0,0,0,1,0,0,1,0,0,1
-1.3481724059642526,-0.8311871197438632,-1.1445975046563353,-1.2192182708626218,1.0391460718351928,-0.09872890234475112,1.721680654957915,0,1,0,0,1,0,0,0,0,0,0,0,0,1,0,0,0,1,0,0,0,0,1,0,0
-1.291222013383574,-1.1877072651165763,-1.3210159686601666,-1.5250462674012737,-0.7712996392240231,0.07032775715471776,0.39940741938656593,0,1,0,0,1,0,0,0,0,1,0,0,0,0,0,0,1,0,0,0,0,0,1,0,0
1.6891818650052812,-0.8998493025079832,-1.1384042372335268,-1.1362642459687249,-1.133919714042084,-0.15009971047994886,-0.7923783258323474,1,0,0,0,1,0,0,0,0,0,0,0,1,0,0,0,0,0,1,0,0,0,0,1,0
0.7305169232305221,1.502993697410088,1.0555228152575895,-0.9620400032091122,0.36486166193866915,-0.19904208041239177,0.3263344247892019,0,0,1,0,0,0,0,1,0,1,0,0,0,0,1,0,0,0,0,0,0,1,0,0,1
-1.0824039072544185,-1.148323301411688,-1.4513987310523646,-0.3194061913117817,0.9859149066403756,0.15233424723236066,-0.6131755057483355,0,1,0,0,0,0,1,0,0,0,0,1,0,0,0,0,0,1,0,1,0,0,0,0,0
-0.8640940690284832,-0.9166094259494928,-1.189998706710175,-0.418160982852135,1.0212529534827899,-0.05090735004434889,-1.2708324571246117,1,0,0,0,0,0,1,0,0,0,0,0,1,0,0,0,1,0,0,0,0,1,0,0,0
-1.2342716208028952,0.15231040757943634,0.04279945041057696,0.03285388265286092,-0.687143373524186,-0.17494450132351722,-0.002494050898936226,0,0,0,1,0,1,0,0,0,0,1,0,0,0,1,0,0,0,0,1,0,0,0,0,1
1.651214936618162,-0.5338674045105127,-0.9585443028020993,1.2705806032919553,-0.45860101984773366,-0.15869264565892735,0.5055372448732137,0,1,0,0,0,0,0,1,1,0,0,0,0,0,1,0,0,0,0,0,0,1,0,0,1
-0.2661149469313562,-0.22413220100056885,-0.40066056661234517,-0.16548731972502756,0.6155032234453531,-0.14916569578658162,1.3615351815851924,0,1,0,0,0,0,0,1,0,0,0,1,0,0,1,0,0,0,0,0,0,1,0,0,1
1.651214936618162,1.0209203746346756,0.8033782083779933,1.0700217494549151,-1.2504490782638986,-0.1926907804974946,0.1906274348226687,0,0,1,0,1,0,0,0,0,0,1,0,0,0,0,0,0,0,1,1,0,0,0,0,1
-1.47156492322239,-0.9371050112423697,-0.97724134955403,-0.5871876050043607,0.6775947574582195,-0.010184309413537582,1.3737140140180863,1,0,0,0,1,0,0,0,1,0,0,0,0,0,0,0,0,1,0,0,1,0,0,0,0
1.3190043132308693,-0.3788274039346351,0.4152713810382123,1.6317805847013036,-0.034889219171372325,-0.04866571478026752,1.0883813684474268,0,1,0,0,0,0,0,1,0,0,1,0,0,0,1,0,0,0,0,0,0,0,0,1,1
0.8634011725854392,-1.1074030007612485,-1.4116735413470454,-0.3144164755286902,-0.5234506453214713,-0.03633672082782008,1.7025424897062245,0,1,0,0,0,0,1,0,0,0,0,0,1,0,0,0,0,0,1,0,1,0,0,0,0
0.322372443068991,-0.6148162771470463,-1.1071413405435593,-0.611373866230735,-0.660045124921125,-0.1874602982146381,-0.06860771267750368,0,0,0,1,0,1,0,0,1,0,0,0,0,0,0,0,0,0,1,0,0,0,1,0,1
1.3854464379083278,0.1895633431424409,0.560992480566631,1.5351741430120036,0.41754120884131196,-0.12880417547117595,1.1475356974071977,0,0,0,1,0,1,0,0,0,0,0,0,0,1,1,0,0,0,0,0,1,0,0,0,1
1.6891818650052812,2.4587154483028173,1.5612534464904644,-1.4373104315485807,-0.030476272833978163,-0.2149203301996347,1.3006410194207223,1,0,0,0,1,0,0,0,0,0,0,0,0,1,0,0,0,1,0,0,1,0,0,0,1
-1.699366493545105,-0.5280566860750525,0.8412136928785805,0.2354224831247575,0.027478123987581104,0.02941791358523302,1.0883813684474268,0,0,1,0,1,0,0,0,1,0,0,0,0,0,1,0,0,0,0,0,0,1,0,0,1
-0.5318834456411904,-1.077098092030421,-0.6033004145154166,-0.055020556416028876,1.0711744089245614,0.3271817978307064,-0.3382818594058709,0,0,0,1,0,1,0,0,0,0,0,1,0,0,0,1,0,0,0,0,1,0,0,0,0
0.3508476393593304,-0.739727927570075,-1.0422430705562236,-1.1981505820006797,0.6792840884780031,-0.12506811669770707,-1.2760519567387092,0,0,1,0,0,0,1,0,0,0,0,0,0,1,0,0,1,0,0,0,0,1,0,0,0
0.03762048016559719,0.2054576208525026,0.4424169273368472,1.5599148171031658,1.480130420285261,-0.12525491963638047,0.6743010657290307,0,0,1,0,0,0,0,1,0,0,0,0,1,0,0,0,1,0,0,0,0,0,0,1,1
-0.37052399999593394,-0.7909613444595033,-0.210993475972417,0.771331818550408,1.0201497168984413,0.06416326017849404,-0.2565096987850112,0,0,1,0,1,0,0,0,1,0,0,0,0,0,0,0,0,0,1,1,0,0,0,0,0
-0.9495196578995013,-0.07658561762863417,-0.05447898722718846,1.0572009519566938,-1.475785150617088,-0.1631759161870901,0.9770320433466817,0,1,0,0,0,1,0,0,1,0,0,0,0,0,0,0,0,1,0,0,0,0,0,1,1
-1.6044491725773071,0.42352749311593985,-0.06567238703478104,1.4818812063842621,-1.1050631821327175,-0.1958664304549432,-0.026851715764724237,0,1,0,0,0,0,0,1,0,0,0,0,0,1,1,0,0,0,0,0,0,0,0,1,1
-0.7312098196735661,2.041417862664923,1.4431813548663208,-0.9932257268534342,1.2419347464957589,-0.20053650392177932,0.1784486023897747,0,1,0,0,0,0,1,0,1,0,0,0,0,0,1,0,0,0,0,0,0,0,0,1,1
0.09457087274627594,-1.1760257428657155,-1.5723743478268448,-0.11281809757017248,-0.8381488810068924,-0.031106238544963593,0.2984970935140156,0,0,1,0,1,0,0,0,0,0,0,1,0,0,0,1,0,0,0,0,1,0,0,0,0
-1.329188941770693,2.170354617283647,1.7049675963306457,-0.7935677939216744,0.4823563581717887,-0.20091010979912624,1.1579746966353925,0,1,0,0,1,0,0,0,0,0,1,0,0,0,1,0,0,0,0,0,0,0,0,1,1
-1.5759739762869678,-0.9921228826775782,-1.4199220355983582,-1.3795821920025357,0.15659128049962123,-0.12151886086291158,-0.9263454825941814,0,0,0,1,0,0,1,0,0,0,0,0,1,0,0,0,0,1,0,0,1,0,0,0,0
-0.503408249350851,-0.27670382714682207,0.6438498467332466,1.4788319356279285,1.0853785799480486,-0.03764434139853422,0.08101794292662266,0,0,0,1,0,1,0,0,0,0,0,1,0,0,0,0,0,1,0,0,0,0,0,1,1
0.24643858629475265,0.5226147553707682,0.02673695617035323,1.2231090017444872,1.6999847858599684,-0.17270286605943583,-0.667110335094009,0,0,0,1,0,0,1,0,0,0,1,0,0,0,0,0,0,1,0,0,0,1,0,0,1
-1.4335979948352708,-0.27777088186853166,1.6415038470826684,-0.4958480855305462,0.734204584692604,0.02101178134492793,1.079682202423931,1,0,0,0,0,0,0,1,0,1,0,0,0,0,0,0,0,0,1,1,0,0,0,0,1
0.26542205048831224,-1.3067835466918614,-1.6811703317854234,0.4150522513160527,1.1704657015159299,4.656713507465171,-1.479612441688509,0,0,1,0,0,0,0,1,0,0,0,1,0,0,0,0,1,0,0,1,0,0,0,0,0
-1.2722385491900143,-0.5292818115655281,-1.0814579019215786,1.3559601844692994,0.37244641345606533,-0.15402257219209123,0.6986587305948186,0,0,0,1,0,1,0,0,1,0,0,0,0,0,0,0,1,0,0,1,0,0,0,0,1
1.005777154037136,-0.09946582217975825,0.12971209635961062,0.401330532912551,1.6193795629160033,-0.1103106845425048,1.5372583352598057,1,0,0,0,0,0,0,1,0,0,0,1,0,0,0,1,0,0,0,0,0,0,1,0,1
1.6322314724246025,0.6333518024706426,-0.18412379904673573,0.5949592259397419,-0.9907402910795999,-0.21435992138361437,1.6538271599746484,1,0,0,0,1,0,0,0,0,0,0,0,1,0,0,0,1,0,0,0,0,1,0,0,1
0.4742401566174677,1.5388674424058466,0.5147636703939305,-0.29002230947802043,-0.4664960566544779,-0.21902999485045052,1.6242499954947631,1,0,0,0,0,0,0,1,0,0,0,0,0,1,0,0,0,0,1,0,0,0,0,1,1
0.8349259762950998,0.5638213089338464,0.3161859990076008,-1.0736155922476869,-0.398853863576608,-0.19138315992678046,0.6134069035645606,0,1,0,0,0,0,1,0,0,0,1,0,0,0,0,0,0,0,1,0,0,0,0,1,1
-0.14272242967321888,0.5735847209789197,1.568784680372098,-0.9716036251267043,-0.6827304271867918,-0.13870473122086863,-0.8654513204297113,1,0,0,0,1,0,0,0,1,0,0,0,0,0,0,0,0,0,1,0,0,0,0,1,1
0.5596657454884858,0.3876555969011023,0.8565796169520963,-0.33465254509345027,-0.3261781535826479,-0.1499129075412754,1.6346889947229577,1,0,0,0,0,1,0,0,0,1,0,0,0,0,0,1,0,0,0,0,0,0,1,0,1
0.82543424419832,-0.35784528112931835,-0.7553596128874445,-0.5182325049463596,1.6508562817131975,-0.14486922819709236,-1.4726531088697123,0,0,1,0,0,0,0,1,1,0,0,0,0,0,1,0,0,0,0,1,0,0,0,0,1
1.6227397403278228,-0.2941849751476156,-0.5983071788649564,0.8041807807890939,1.4125916556371736,-0.1345950665700528,-1.368263116587764,0,0,0,1,0,0,0,1,0,0,0,1,0,0,0,0,1,0,0,0,0,0,0,1,1
1.470872026779346,-1.2246603900401862,-1.5660569391862074,0.5111042801405647,-0.50407505280885,0.22107772866418887,-1.3386859521078784,0,1,0,0,0,1,0,0,0,0,0,0,1,0,0,0,0,0,1,0,1,0,0,0,0
1.4613802946825662,-0.06422343586860323,1.1194348522366162,1.6328894104308795,-1.6889856205424434,-0.08546589369893642,-0.39047685554684525,0,0,1,0,0,0,1,0,0,0,1,0,0,0,0,1,0,0,0,0,0,1,0,0,1
1.613248008231043,-0.5520828266671924,-1.0306427634235242,-0.6404805416321022,0.7694736792484964,-0.1571982221495398,0.5159762441014085,0,1,0,0,0,0,0,1,0,0,0,0,1,0,0,0,0,1,0,0,1,0,0,0,1
0.7020417269401827,-0.48758440666786046,-0.36067330100271994,-0.9308542795647902,0.19223961263138345,-0.1151675609480144,0.8030487228767673,0,0,1,0,0,0,1,0,0,0,0,1,0,0,0,1,0,0,0,0,0,0,0,1,1
1.062727546617815,0.4267801150167097,1.3160262641376799,0.24858978866347128,-0.6277409786856692,-0.13141941661260423,-1.1107678022922907,0,0,1,0,0,0,1,0,0,1,0,0,0,0,0,0,0,1,0,0,0,0,1,0,1
-1.651907833061206,-0.7543678074250747,-1.1162036494450853,-1.6903999043242792,1.2962691482749245,-0.12058484616954435,-0.3417615258152692,0,0,0,1,0,1,0,0,0,1,0,0,0,0,0,1,0,0,0,0,1,0,0,0,0
0.009145283875257808,1.0532244318016717,0.4330442653907484,0.7308596794208878,-1.5193285195555943,-0.2102502567327985,0.6116670703598615,0,0,0,1,0,1,0,0,0,1,0,0,0,0,1,0,0,0,0,0,0,0,0,1,1
0.4457649603271283,-1.3127190578395054,-1.680666870179783,0.04893185573171142,-1.1345747607640408,3.060482396500572,0.6899595645713229,0,0,1,0,1,0,0,0,0,0,1,0,0,0,1,0,0,0,0,1,0,0,0,0,0
-0.2566232148345764,0.7993137844689046,0.46449337390745954,-1.0029279519872234,0.4836664516157026,-0.18970193347871944,1.2954215198066248,1,0,0,0,0,1,0,0,0,0,1,0,0,0,0,0,0,1,0,0,0,1,0,0,1
-0.4559495888669521,1.545515658598629,0.5988900356761326,0.5184502505990051,1.517364655007024,-0.20277813918586068,1.055324537558143,0,1,0,0,1,0,0,0,0,0,0,1,0,0,0,0,0,1,0,1,0,0,0,0,1
0.018637015972037603,0.18382380277244845,0.1783616602799791,1.5199277892303351,0.7422720022156527,-0.1458032428904596,-1.2221171273930356,0,0,1,0,0,1,0,0,1,0,0,0,0,0,0,0,0,1,0,0,0,1,0,0,1
-1.00647005048018,1.0350955942181368,0.944009517975418,-1.6822916161767554,0.5873362144012045,-0.18503186001188332,0.20454610046026186,0,0,0,1,1,0,0,0,0,0,1,0,0,0,0,0,0,0,1,0,0,1,0,0,1
1.4139216341986673,-0.5483378127810654,0.22784572905353223,-1.2077835055263704,-0.6535636099880773,-0.0587530734686336,-1.4587344432321192,1,0,0,0,0,1,0,0,1,0,0,0,0,0,1,0,0,0,0,0,0,0,1,0,1
1.5752810798439238,1.7364737749123753,1.728940644840314,-1.3683553314905799,-0.7344446420781297,-0.1951192187002494,0.3019767599234139,1,0,0,0,1,0,0,0,0,0,1,0,0,0,1,0,0,0,0,1,0,0,0,0,1
-0.2945901432216956,1.0729222681270332,0.36827013662124164,1.5844475863700327,0.8080180074141735,-0.19399840106820873,-0.07904671190569854,0,0,1,0,0,0,1,0,0,0,0,0,0,1,0,0,0,1,0,0,0,0,0,1,1
-1.5285153158030687,-0.38582935354368153,0.9224917068850367,-1.2731349219632497,-0.3724451378387648,-0.03334787380904491,0.9874710425748764,1,0,0,0,0,0,1,0,0,0,0,1,0,0,0,0,0,0,1,0,1,0,0,0,1
0.1610129974237345,-0.7132657099840466,1.0253978797310557,0.28719078437433215,1.7184984747910674,0.2007162083487832,-0.6149153389530346,0,0,1,0,0,0,1,0,0,0,0,1,0,0,0,0,0,1,0,0,0,0,1,0,0
1.1291696712952735,0.44945140732373356,0.6381117637758117,0.7368196177173582,-1.5420138218212613,-0.17176885136606862,-0.36785902388575636,0,0,0,1,1,0,0,0,0,0,1,0,0,0,0,0,0,1,0,0,0,0,1,0,1
0.3413559072625506,0.8384130359119216,0.16638892949379258,-1.0294704678889464,0.9490254333512214,-0.19978929216708555,-0.10514420997618569,1,0,0,0,1,0,0,0,0,0,0,0,0,1,0,0,1,0,0,1,0,0,0,0,1
-0.5888338382218692,-0.7410205335641759,-0.2513462685012057,-0.9657822900464309,-1.4481008075785917,-0.06865362921832628,-1.7023110918899993,0,0,0,1,1,0,0,0,1,0,0,0,0,0,0,0,0,1,0,0,0,1,0,0,0
-1.243763352899675,-0.7750307073913238,-0.33592781824878143,-1.5732801866378252,-1.5116748157516764,-0.07874098790669237,0.9961702085983721,0,0,1,0,0,0,1,0,0,1,0,0,0,0,1,0,0,0,0,0,0,0,0,1,0
-0.7691767480606853,-1.11955719466764,-1.3463545705659552,-1.1390363102926646,1.2231452484185728,0.11777570357777312,1.3023808526254215,0,0,1,0,1,0,0,0,0,0,0,1,0,0,1,0,0,0,0,1,0,0,0,0,0
-1.3956310664481517,-0.7256540828071284,0.969941239033057,1.2446618018631188,-0.8203936672275332,0.14542253850144313,0.2341232649401473,0,1,0,0,0,0,0,1,0,0,0,1,0,0,0,0,0,0,1,1,0,0,0,0,0
-0.645784230802548,0.16245990670689545,1.3251023665078536,0.0044402233324785725,-0.9564020523917517,-0.10676142870770931,-0.4130946872079341,0,1,0,0,0,1,0,0,0,0,0,0,0,1,0,0,0,1,0,0,1,0,0,0,1
-1.329188941770693,-0.9020770835180786,-1.0679196124438803,-0.4221804761218476,0.2953232809814502,-0.06417035869016356,-0.13994087407016856,0,0,0,1,0,1,0,0,0,0,0,0,1,0,0,0,1,0,0,0,0,0,0,1,0
0.39830629984322935,-0.966103448122187,-0.10643208688867636,0.9373784715543985,1.426795826660661,0.2894476042186702,1.1684136958635873,0,0,1,0,0,1,0,0,0,1,0,0,0,0,0,0,0,0,1,0,0,1,0,0,0
-1.0254535146737396,-0.14984849171526224,1.582722980440579,0.43764457555616165,1.0853785799480486,-0.006074644762721803,-1.044654140513723,0,0,1,0,1,0,0,0,0,0,0,0,1,0,0,0,0,0,1,1,0,0,0,0,1
-1.0444369788672994,1.182473014135778,0.3086823520632627,0.34727527859572604,-0.35924077496984325,-0.21230508905820644,0.1906274348226687,1,0,0,0,1,0,0,0,0,0,0,1,0,0,0,0,1,0,0,0,0,0,1,0,1
-0.9590113899962811,-1.1440184150365786,-1.5559187397301621,-0.4308431771341593,1.4350701010432751,0.12917068283685332,-0.18865620380174458,0,1,0,0,0,0,0,1,0,0,0,0,1,0,0,0,0,1,0,0,0,0,0,1,0
1.3949381700051076,-0.3480871072968552,-0.4830558515792635,-1.039519201063228,1.3089218928516717,-0.1332874459993387,-1.1664424648426632,0,0,0,1,0,0,0,1,0,0,1,0,0,0,0,1,0,0,0,0,0,0,1,0,1
-0.9495196578995013,1.0671667049890565,0.8526691685904789,-0.8535136849268713,-0.2524336831476002,-0.1926907804974946,0.24978176378243955,0,0,0,1,1,0,0,0,0,0,0,0,0,1,0,0,0,1,0,0,0,0,1,0,1
0.8539094404886595,-1.034857453672062,-0.9821035472523373,-1.2628782839646726,1.1983224252707305,0.09666697150767369,0.9178777143869108,1,0,0,0,0,0,1,0,1,0,0,0,0,0,0,0,1,0,0,1,0,0,0,0,0
-1.2722385491900143,0.8412881983746048,0.854434732577382,-0.9061829070817264,0.9539555218375289,-0.17270286605943583,0.4376837498899471,0,0,1,0,0,0,1,0,0,0,0,0,1,0,0,0,0,0,1,1,0,0,0,0,1
0.12304606903661533,-0.9558670562914295,-1.3373267453360485,0.11754044774922001,0.7276541174730345,-0.059687088162000836,0.8448047197895466,0,0,0,1,0,0,0,1,0,0,0,1,0,0,1,0,0,0,0,1,0,0,0,0,0
-0.7407015517703459,-1.0422377871096558,-1.0696093123532213,-0.6564199114947558,0.8214292271426604,0.076305451192268,-0.39917602157034093,0,0,1,0,0,0,0,1,0,0,0,1,0,0,0,1,0,0,0,0,0,0,1,0,0
1.053235814521035,0.7943014312612668,0.3658562796078976,-0.5412406388350595,1.6442368622071062,-0.18241661887045504,1.3354376835147053,0,1,0,0,0,1,0,0,1,0,0,0,0,0,1,0,0,0,0,0,0,0,1,0,1
0.36033937145611017,2.2434082709960212,1.631558756187691,-0.2988236137065291,-0.23467846936824083,-0.20670100089800308,-0.08774587792919425,0,0,1,0,0,0,0,1,1,0,0,0,0,0,0,1,0,0,0,0,0,1,0,0,1
1.2715456527469704,-1.1621349274139718,-1.3969697037686182,0.3007738995616369,1.1218543395180725,0.2670312515778567,0.2584809298059353,0,1,0,0,0,1,0,0,0,0,1,0,0,0,1,0,0,0,0,0,0,1,0,0,0
-1.6803830293515454,2.003936910788299,1.2842185254361291,-1.268561015828749,0.2315424159488002,-0.20912943910075787,-1.5700837683328646,0,0,1,0,1,0,0,0,0,0,0,0,1,0,0,0,0,0,1,0,1,0,0,0,1
0.6261078701659444,0.5259850829901903,1.4868307864019052,1.1792410838181409,0.12194275652242488,-0.12151886086291158,1.4032911784979718,0,0,0,1,0,0,1,0,0,0,0,0,1,0,0,0,0,1,0,0,0,0,0,1,1
-0.19018109015711784,-0.12729829455857966,0.21533505299008618,0.08628542249679944,1.5969355936531626,-0.10246496111822005,1.552916834102098,0,0,0,1,0,1,0,0,1,0,0,0,0,0,1,0,0,0,0,0,0,1,0,0,1
1.1766283317791724,-1.2559947616139915,-1.6234377687605575,0.9575452395110601,0.0763652951315258,0.6064521911475085,-1.4709132756650132,0,0,1,0,0,0,1,0,1,0,0,0,0,0,0,0,0,0,1,0,0,1,0,0,0
-1.7088582256418847,0.7590017327415534,0.8935805965994987,0.5063224691817687,1.5070218120287566,-0.15626420745617256,0.06535944408433036,1,0,0,0,0,0,1,0,0,0,0,1,0,0,0,1,0,0,0,0,0,1,0,0,1
0.8444177083918797,-0.5361925546491267,0.06304826238537166,-1.5139580101055148,-1.2214891179247493,-0.09517964650995565,0.6429840680444461,0,1,0,0,0,0,1,0,0,0,0,0,0,1,0,0,0,1,0,0,0,1,0,0,1
-1.2247798887061154,-1.1834408950106594,-1.511786536791909,0.2002865678188213,-0.3971300564135634,0.09293091273420476,-1.422197945933437,1,0,0,0,0,0,1,0,0,0,1,0,0,0,0,0,1,0,0,0,0,1,0,0,0
-1.291222013383574,-0.8639355005922642,-1.3397474990837164,0.17318963905231033,-0.753130711725533,-0.16056067504566182,-1.5457261034670764,0,0,1,0,0,0,1,0,0,0,1,0,0,0,1,0,0,0,0,0,0,0,1,0,0
1.3854464379083278,0.9886804085396159,1.0280669159143818,0.3512254702573402,-0.1098058784772904,-0.177372939526272,-0.3000055289024897,1,0,0,0,0,1,0,0,0,0,0,0,1,0,0,1,0,0,0,0,1,0,0,0,1
0.14202953323017492,-1.1207173046957186,-1.1335903166754864,-0.8334855201864068,0.3425555972488721,0.1480377796428714,-1.1229466347251846,1,0,0,0,0,0,0,1,1,0,0,0,0,0,0,0,0,1,0,1,0,0,0,0,0
-1.6898747614483252,-0.0033276736244627434,-0.6392186068739762,-1.5766759654346514,1.0303891314469262,-0.1923171746201477,-0.6410128370235219,0,0,1,0,0,0,0,1,0,0,0,0,0,1,0,0,0,1,0,0,0,1,0,0,1
-0.598325570318649,-0.35851145852127214,0.6999340902547149,0.1573195707977553,0.6529787911699426,-0.029985420912922882,-1.4013199474770477,0,1,0,0,0,0,0,1,0,1,0,0,0,0,0,0,0,0,1,0,0,1,0,0,1
1.2335787243598513,-0.7121915682688056,0.5765101327952714,0.044565854421506325,1.2025629908918203,0.12076455059654824,0.30545642633281217,0,0,0,1,0,0,1,0,0,0,0,0,1,0,0,1,0,0,0,1,0,0,0,0,0
-0.4464578567701723,-0.05369709356336451,0.07988319086986548,0.5080550093842311,0.6850416044025721,-0.13179302248995112,-1.4865717745073055,1,0,0,0,0,0,1,0,0,1,0,0,0,0,0,0,0,0,1,0,1,0,0,0,1
1.4613802946825662,1.2139364922439166,0.774225712391121,0.6770816315364567,0.6683551510643004,-0.19007553935606636,1.7147213221391184,0,0,1,0,0,0,0,1,0,0,1,0,0,0,0,0,0,1,0,0,1,0,0,0,1
-0.873585801125263,0.3460487822685754,0.38008424251797984,1.0164516063947795,-0.3542417341970139,-0.16373632500311042,1.151015363816596,1,0,0,0,1,0,0,0,0,0,1,0,0,0,1,0,0,0,0,0,0,1,0,0,1
0.9867936898435765,-1.0023796110984693,-0.2688225932778167,-1.0283616421593704,-0.23085161746628183,0.17512420575052107,-0.3139241945400829,1,0,0,0,0,1,0,0,0,1,0,0,0,0,0,1,0,0,0,0,0,1,0,0,0
-0.4559495888669521,1.320955332781022,0.41938183469522106,-1.2413947854541396,0.3841338260215077,-0.21342590669024714,1.04140587192055,0,1,0,0,0,1,0,0,0,0,0,0,0,1,0,0,0,0,1,0,0,1,0,0,1
0.05660394435915678,-0.749309234694406,0.8640487802248152,-0.267776493278404,-0.7432015824663962,0.1284234710821595,1.1579746966353925,0,0,0,1,0,0,0,1,1,0,0,0,0,0,1,0,0,0,0,1,0,0,0,0,0
-1.5569905120934082,1.1377429922669682,0.9278918498606036,1.452913134199092,0.0831915714971824,-0.18297702768647536,1.5911931646054793,1,0,0,0,0,0,1,0,1,0,0,0,0,0,0,0,1,0,0,0,0,1,0,0,1
1.2240869922630713,-1.3077196460983165,-1.6517626566285688,-0.7526798451435632,1.6718867291023416,5.114941116031134,-0.13994087407016856,0,1,0,0,0,0,0,1,0,0,0,1,0,0,1,0,0,0,0,0,0,0,1,0,0
1.1196779391984937,2.194019321205684,1.3333853444307855,-0.6088097067310907,1.149780015559395,-0.20670100089800308,-1.5335472710341824,0,1,0,0,0,0,1,0,0,1,0,0,0,0,1,0,0,0,0,0,0,0,1,0,1
-0.921044461609162,1.2040997452223008,1.6316966908741677,1.4038475956653584,-1.000255706619606,-0.16990082197933415,-1.2760519567387092,0,1,0,0,0,0,1,0,0,0,0,0,0,1,0,0,0,1,0,1,0,0,0,0,1
-0.6268007666089883,0.18103121919091403,-0.34783158169172956,1.2224852872716008,0.05092190140498759,-0.18409784531851608,-0.2286723675098249,0,0,1,0,0,0,0,1,0,0,0,1,0,0,0,0,1,0,0,0,0,1,0,0,1
1.5942645440374834,-1.2313804005587434,-1.4929584520878254,-1.2988458185677907,-1.366357871907017,-0.0021517830505793966,-0.5018261806475903,0,0,1,0,0,0,0,1,0,0,0,0,1,0,0,0,0,1,0,1,0,0,0,0,0
-0.6742594270928873,-0.26255972870886846,-0.8151267125378433,0.4765227776994165,-0.032200079997022756,-0.18185621005443472,0.31067592594690957,1,0,0,0,1,0,0,0,0,0,0,0,0,1,0,0,1,0,0,0,0,0,1,0,1
-0.9969783183834003,1.0452429364345213,0.269019232966858,-1.68346974351443,-1.5930385138473813,-0.2246340830106539,-0.8898089852954993,0,0,0,1,0,0,1,0,0,0,0,0,1,0,0,0,1,0,0,0,1,0,0,0,1
-0.5128999814476308,-0.8804941069133585,-1.1129208039069374,0.4540690566755046,-0.9838795385706824,-0.11591477270270818,-0.957662480278766,0,1,0,0,0,0,1,0,0,0,0,0,0,1,0,0,0,0,1,0,1,0,0,0,0
-0.9874865862866206,-0.3389504319840826,0.13844336201359225,0.5436067343387583,0.44232955584589323,-0.08322425843485509,-0.8532724879968173,0,0,0,1,0,1,0,0,1,0,0,0,0,0,0,0,0,0,1,0,1,0,0,0,1
-1.5569905120934082,-1.1595392390005497,-1.5420494070049198,-1.643066905993008,-0.11808015285990446,-0.046610882454859635,0.6951790641854204,0,1,0,0,0,0,1,0,1,0,0,0,0,0,0,0,1,0,0,0,0,1,0,0,0
-0.20916455435067743,-1.0574039532669022,-1.4890686939291795,-1.4166585523352297,-0.5175552248238587,-0.14449562231974544,1.030966872692355,0,0,0,1,1,0,0,0,0,0,0,0,0,1,0,0,0,1,0,1,0,0,0,0,0
0.8634011725854392,-0.42352815343885863,-0.5112703916980936,0.2900321503063704,-1.6471660587669816,-0.16504394557382454,-0.04077038140231738,0,1,0,0,1,0,0,0,0,0,0,0,1,0,0,0,0,1,0,1,0,0,0,0,1
-1.613940904674087,-1.2064557524388804,-1.5900506778988472,1.5538855771985969,-1.3071623339280658,0.07929429821104317,-1.526587938215386,1,0,0,0,0,0,0,1,0,0,0,0,1,0,0,0,0,0,1,1,0,0,0,0,0
-1.186812960318996,0.5108870135968764,-0.2786435429549651,-0.09133459905963949,0.04140648586498143,-0.20707460677534995,-0.6288340045906278,0,0,0,1,1,0,0,0,0,0,0,0,1,0,0,0,0,0,1,0,1,0,0,0,1
-1.5854657083837476,0.11972102189026204,1.5311492011669021,0.7045943699515587,0.0521285664191188,-0.07351050562383589,-1.4204581127287381,1,0,0,0,1,0,0,0,1,0,0,0,0,0,0,1,0,0,0,0,0,1,0,0,1
1.0912027429081543,0.04720443903550822,0.8587038111238391,-0.46577118761580005,-1.6222742833326176,-0.13029859898056353,-1.2917104555810015,0,0,0,1,0,0,0,1,0,1,0,0,0,0,0,0,0,1,0,1,0,0,0,0,1
0.26542205048831224,1.4768993872273863,1.03012903947721,-0.49550157749005375,1.5138825645376741,-0.19063594817208668,0.4376837498899471,0,0,0,1,0,0,0,1,0,0,0,1,0,0,0,0,0,1,0,0,0,0,0,1,1
-0.19967282225389765,0.3637647254463665,0.5252949837064343,-1.2298214169016912,-0.368239048360936,-0.16915361022464037,-0.8567521544062157,0,0,1,0,1,0,0,0,0,0,0,1,0,0,0,0,0,1,0,0,0,0,0,1,1
-1.2342716208028952,-1.1740623375273576,-1.5361113187520934,0.8478407938911449,0.05833427220607935,0.14299410029868834,1.2588850225079429,0,0,1,0,1,0,0,0,0,0,0,0,1,0,1,0,0,0,0,0,0,0,1,0,0
-0.9590113899962811,1.0813336050583722,0.9957557156071907,-0.33576137082302615,-1.2860974103956608,-0.19362479519086181,0.3385132572220959,0,1,0,0,0,0,1,0,0,0,0,0,1,0,0,0,0,0,1,0,0,0,0,1,1
1.470872026779346,1.3931613204410074,1.3447304723935027,-1.3835323836641498,0.2209237638244455,-0.18858111584667875,-0.7106061652114876,0,0,0,1,0,0,0,1,1,0,0,0,0,0,0,0,0,1,0,0,0,0,1,0,1
-1.0349452467705196,-1.2693346403512054,-1.501869032834227,1.2364842121074966,-0.4341229581325004,0.9197207193028779,-1.1090279690875915,1,0,0,0,0,1,0,0,0,0,0,0,1,0,0,0,0,0,1,0,0,0,1,0,0
-0.7407015517703459,0.28052274820718703,-0.4564413538235644,-1.6161085804426942,1.0861715312430493,-0.20072330686045278,0.19236726802736784,0,1,0,0,0,0,0,1,0,0,0,0,1,0,0,0,0,1,0,0,0,1,0,0,1
1.5373141514568045,0.016673054641828604,1.3005017151747158,0.696763288236429,0.7361697248584748,-0.062302329303429105,0.4028870857959642,0,0,0,1,0,1,0,0,0,0,0,0,1,0,0,0,0,0,1,0,0,0,1,0,1
-1.2817302812867941,-0.7277348857339851,-0.7446145008109015,-0.47706734973585446,1.1922546240568137,-0.0619287234260822,0.9491947120714954,0,1,0,0,0,1,0,0,0,0,0,0,1,0,0,0,0,0,1,0,0,1,0,0,0
-0.9590113899962811,0.7478209219901953,-0.03876822643748058,-0.10387819012546681,1.2768246034757813,-0.1975476569030042,-0.3452411922246675,1,0,0,0,0,1,0,0,0,0,0,0,0,1,0,0,0,0,1,0,0,0,0,1,1
-0.4464578567701723,-0.2767438840667823,1.2276928909179352,1.7220112784455421,-0.6620102650869958,-0.017096018144455112,0.521195743715506,0,0,1,0,0,0,1,0,0,0,0,0,0,1,0,0,1,0,0,0,0,0,0,1,1
-1.47156492322239,-0.7558690175331223,-0.11281156613822851,1.3060630266383841,-0.12825061512186756,0.03035192827860025,-0.8132563242887371,0,0,1,0,0,1,0,0,0,0,0,0,0,1,0,0,0,1,0,0,0,0,1,0,0
1.6891818650052812,-0.7732771386875268,-1.1818191798021005,-0.042962076606891005,-1.5144673833558087,-0.18521866295055672,0.7212765622559074,1,0,0,0,0,1,0,0,1,0,0,0,0,0,0,0,0,0,1,0,0,0,1,0,0
-0.9685031220930609,1.3685281634463933,1.0436052583459936,-1.6628871659091773,-0.37737522632507237,-0.20147051861514656,1.344136849538201,0,1,0,0,1,0,0,0,0,0,0,0,1,0,0,0,1,0,0,0,0,0,1,0,1
-0.0003464482215219856,-0.4422861927959226,-0.5359675973117652,0.7316912987180697,-1.5480816230351784,-0.15850584272025395,0.7665122255780852,0,1,0,0,1,0,0,0,0,0,0,0,1,0,1,0,0,0,0,0,0,0,1,0,1
-0.8356188727381438,-0.2840065117857237,1.6215653881524466,0.8799967400488459,1.5618733559568356,0.045669769249822814,-1.5683439351281654,0,0,0,1,1,0,0,0,1,0,0,0,0,0,1,0,0,0,0,0,1,0,0,0,1
-0.9305361937059418,-1.2614955011149902,-1.639327844642685,-0.6707653443711439,0.6969703499708407,0.6144847175104667,-1.735367922779283,0,0,1,0,0,0,0,1,0,0,0,1,0,0,1,0,0,0,0,0,0,1,0,0,0
-0.7596850159639055,-0.7486587719402827,-0.9393437944445283,-0.9016090009472258,1.3600500133075744,-0.08303745549618163,-1.00985747641974,0,0,0,1,0,0,1,0,0,0,0,1,0,0,1,0,0,0,0,0,0,0,0,1,0
-1.1678294961254365,-1.2077899560037093,-1.6020372021536813,-0.5440127031589992,1.5641487814120545,0.34604889463672445,-1.5979210996080508,0,1,0,0,0,0,1,0,0,0,0,0,0,1,0,0,0,1,0,0,0,0,1,0,0
0.009145283875257808,-1.045201382926405,-1.4639232005844585,0.2075632366691631,-0.598815494489781,-0.09947611409944492,0.42028541784295564,1,0,0,0,0,1,0,0,1,0,0,0,0,0,0,0,0,0,1,0,1,0,0,0,0
1.4898554909729056,0.2634997897447077,-0.3790324077727824,-0.761203942939678,0.5318985760376903,-0.19698724808698384,-0.39569635516094265,0,1,0,0,1,0,0,0,0,1,0,0,0,0,0,0,1,0,0,0,1,0,0,0,1
-0.9305361937059418,0.4370953881667734,-0.33559677500123714,-1.7050918452411599,1.2435551252290207,-0.20221773036984034,-1.2099382949601416,0,1,0,0,0,0,0,1,0,0,0,0,1,0,0,1,0,0,0,0,0,0,0,1,1
-0.6173090345122085,0.5407337327893897,0.2915784509401391,-1.5237295368474022,1.6385138224257982,-0.17494450132351722,-1.103808469473494,0,0,0,1,1,0,0,0,0,0,0,0,0,1,0,0,0,1,0,0,0,0,0,1,1
-1.2342716208028952,-0.1757166343652652,0.13792610693930424,0.3844209405365186,0.9208584243070727,-0.10769544340107655,0.787390224034475,0,1,0,0,0,1,0,0,0,0,0,1,0,0,0,0,1,0,0,0,1,0,0,0,1
-1.509531851609509,-0.7942139663602732,-1.1567426538006178,1.311399250461968,-0.20016784996408804,-0.11385994037730027,-1.0202964756479351,0,0,0,1,0,0,1,0,0,0,0,1,0,0,0,1,0,0,0,1,0,0,0,0,0
0.5216988171013667,-0.2830491513986745,-0.6825714788336354,0.06993024298555496,1.3962844398747718,-0.14916569578658162,-0.3522005250434641,0,0,0,1,0,1,0,0,0,0,0,0,0,1,0,0,0,1,0,1,0,0,0,0,1
-0.5698503740283096,1.349240448355394,1.2955774468674939,-1.655541195450737,1.715464574184109,-0.1798013777290268,1.0866415352427277,0,1,0,0,0,0,0,1,1,0,0,0,0,0,0,0,1,0,0,1,0,0,0,0,1
-0.028821644511861366,-0.7031183677676622,-1.215626971457565,0.7177616754902725,0.3617932851884498,-0.14131997236229688,-0.6131755057483355,0,1,0,0,0,0,0,1,0,1,0,0,0,0,0,0,0,0,1,0,0,0,1,0,1
0.1610129974237345,0.26750702239149743,0.0003638441159884696,0.9918495355198144,-1.2180759797419212,-0.18652628352127087,0.5490330749906923,0,1,0,0,1,0,0,0,0,1,0,0,0,0,0,1,0,0,0,0,1,0,0,0,1
0.23694685419797284,1.1558157501625588,0.9471544288270891,1.6554124330628899,-0.6464270483330726,-0.18727349527596465,-1.5213684386012885,0,0,1,0,0,0,0,1,0,0,0,1,0,0,0,1,0,0,0,0,0,1,0,0,1
-0.8546023369317034,1.4098564284201198,0.9648859327736822,-0.22792806862177023,-1.0075646489909151,-0.2048329715112686,-0.874150486453207,0,0,0,1,0,1,0,0,1,0,0,0,0,0,1,0,0,0,0,1,0,0,0,0,1
0.21796339000441325,0.14426821057203834,-0.2667259860433693,0.5234399663820967,1.0845856286530482,-0.1689668072859669,1.3076003522395188,0,0,1,0,1,0,0,0,0,0,0,0,0,1,0,0,0,1,0,0,1,0,0,0,1
-0.5508669098347501,0.4986976928529815,1.2161477576598267,1.188527499303339,-0.556375362135623,-0.1373971106501545,0.921357380796309,0,0,0,1,0,0,1,0,0,0,0,1,0,0,1,0,0,0,0,0,0,0,1,0,1
1.6417232045213823,-0.14655273159299675,0.9351610078379311,-0.5187176162030491,0.7570277915313144,-0.06435716162883702,0.6360247352256495,0,1,0,0,0,0,1,0,0,0,0,1,0,0,0,0,0,0,1,0,1,0,0,0,1
0.9488267614564574,1.4184304580725282,0.4973011390859672,-1.6161085804426942,0.4908374894139681,-0.21435992138361437,-0.9333048154129779,0,0,1,0,0,0,0,1,1,0,0,0,0,0,0,0,0,0,1,0,0,1,0,0,1
-0.9305361937059418,-0.9956743908272819,-0.48100062475075916,-0.6450544477666028,0.78043709280546,0.1725089646090928,-1.5178887721918901,0,0,1,0,1,0,0,0,1,0,0,0,0,0,0,0,0,0,1,1,0,0,0,0,0
-0.598325570318649,-1.23718557265144,-1.5989612586452486,-1.2863022275019635,-0.912307065161071,0.0041995168643177505,-0.594037340496645,0,0,1,0,0,0,1,0,0,0,1,0,0,0,0,1,0,0,0,0,0,0,0,1,0
-1.386139334351372,-0.0129733799508837,0.7464594600033405,1.065517144928513,-1.5519084749371372,-0.11927722559883021,1.2936816866019256,0,1,0,0,1,0,0,0,0,0,1,0,0,0,1,0,0,0,0,0,0,0,1,0,1
0.8444177083918797,-1.1425695870546329,-1.3303403534659983,0.5334193979482796,0.10387725745371754,0.15158703547766683,-1.2812714563528067,1,0,0,0,0,1,0,0,0,0,0,1,0,0,0,0,0,1,0,1,0,0,0,0,0
-0.9685031220930609,0.02752601490981988,0.8219993910523617,-1.5292043638871833,-1.150192453661225,-0.1310458107352573,0.618626403178658,0,1,0,0,0,0,0,1,0,0,0,0,0,1,0,0,0,0,1,0,0,1,0,0,1
0.04711221226237698,2.183740715543892,1.3245368342932986,1.7150811176356928,0.4099219811806548,-0.20464616857259513,-0.6705900015034073,1,0,0,0,0,1,0,0,0,0,0,1,0,0,1,0,0,0,0,0,1,0,0,0,1
0.9393350293596776,-0.4400929223630237,0.09904231882149345,-1.6853408869330893,-0.6192943235867507,-0.10377258168893416,-0.4043955211844384,0,0,1,0,0,0,1,0,0,0,0,1,0,0,0,0,0,0,1,1,0,0,0,0,1
0.8064507800047604,-0.10270950830607545,0.2546464386359751,1.4844453658839065,0.7080716681008479,-0.10620101989168897,0.17148926957097813,0,0,1,0,0,0,0,1,0,1,0,0,0,0,0,1,0,0,0,0,0,1,0,0,1
0.550174013391706,0.5532998967110643,1.5338596177561712,-1.3291306213068323,-0.5156245608012489,-0.13870473122086863,-0.667110335094009,1,0,0,0,0,0,1,0,1,0,0,0,0,0,0,0,1,0,0,0,0,1,0,0,1
-0.34204880370559454,-0.9957113664457068,-0.8847492455370096,0.24976791600114567,-1.3184015566311165,-0.01616200345108788,1.674705158431038,0,1,0,0,1,0,0,0,0,1,0,0,0,0,1,0,0,0,0,0,0,0,0,1,0
-1.101387371447978,2.36074669850534,1.7409892397040627,0.5791584592932855,-1.4181410390848768,-0.210437059671472,-0.10688404318088483,0,0,0,1,0,0,1,0,1,0,0,0,0,0,0,0,1,0,0,0,1,0,0,0,1
-1.1963046924157759,0.5976503022307127,0.35224212605263716,-0.9193502126204401,0.01916937346170616,-0.18727349527596465,-0.6810290007316021,0,0,1,0,1,0,0,0,0,0,0,1,0,0,0,0,0,1,0,0,0,1,0,0,1
-1.2152881566093356,1.2044186599312148,0.8766422171001473,1.5928330809499502,-0.38609769057007803,-0.1902623422947398,-0.6723298347081065,0,0,1,0,0,0,0,1,0,0,0,0,1,0,0,1,0,0,0,0,0,0,0,1,1
1.3379877774244289,0.13998088761568067,0.028274927924569586,-1.339456560913508,1.4404483793919742,-0.1583190397815805,1.262364688917341,0,0,1,0,0,0,1,0,0,0,0,0,1,0,0,0,0,1,0,0,1,0,0,0,1
0.9393350293596776,-0.29912214459778946,-0.48900083656641374,-0.03152731127063957,0.12749341558742847,-0.15252814868270365,1.2658443553267393,0,0,0,1,0,1,0,0,1,0,0,0,0,0,0,0,0,0,1,0,1,0,0,0,1
0.08507914064949616,1.405407645263307,0.8500346160787721,0.6215710434495635,1.2959933391288374,-0.19138315992678046,0.1558307707286858,0,0,1,0,0,0,1,0,1,0,0,0,0,0,0,1,0,0,0,0,1,0,0,0,1
-0.7122263554800065,0.3670583286575572,0.4062090721366864,1.1589357126452824,0.44001965424741346,-0.15551699570147878,-0.5418423443556707,0,1,0,0,0,1,0,0,0,0,1,0,0,0,0,0,0,1,0,0,0,1,0,0,1
-1.0918956393511983,-0.7955392341506493,-0.6242113129853,1.1977446131804388,1.4729938586302562,0.022693007792988967,1.323258851081811,1,0,0,0,0,1,0,0,0,0,0,0,0,1,1,0,0,0,0,0,0,0,1,0,0
-0.5223917135444106,-0.25884953353009144,-0.87273513434488,-1.4558139609108787,-0.77736744043794,-0.21361270962892057,-1.2569137914870185,0,0,0,1,0,0,0,1,0,0,0,1,0,0,1,0,0,0,0,1,0,0,0,0,1
0.1799964616172941,-0.7362959739199447,0.4865905106810434,1.6418986194836838,-1.2166969340114855,0.07873388939502285,-1.4830921080979071,0,0,0,1,0,0,0,1,0,0,0,1,0,0,0,1,0,0,0,0,0,1,0,0,0
-1.1773212282222163,0.595937406707183,0.09511807699122839,-0.611373866230735,-1.330054493053298,-0.20875583322341096,-0.2704283644226043,0,0,1,0,0,0,1,0,0,0,1,0,0,0,0,1,0,0,0,0,0,0,1,0,1
1.375954705811548,-0.5325165619173927,-0.8103472756514221,-0.7038222114341253,-0.7517171898518366,-0.17027442785668104,1.2293078580280574,1,0,0,0,0,0,0,1,1,0,0,0,0,0,0,1,0,0,0,1,0,0,0,0,1
0.6640747985530635,1.0334153604908825,0.8166958023573286,1.0224808462993484,-1.4068328640953043,-0.19399840106820873,-0.7749799937853559,0,0,0,1,0,0,0,1,0,0,1,0,0,0,0,1,0,0,0,0,1,0,0,0,1
1.0912027429081543,0.08843040479825949,-0.43073722499861206,0.8462468569048794,-0.6226729856263181,-0.19194356874280077,0.5612119074235863,0,1,0,0,0,0,0,1,0,1,0,0,0,0,0,0,1,0,0,1,0,0,0,0,1
1.5088389551664652,-0.9560762766656834,-0.9508682374996652,1.644878588631919,0.9112740564805447,0.07238258948012564,1.20321035995757,0,0,0,1,0,0,0,1,1,0,0,0,0,0,0,0,1,0,0,0,0,0,1,0,0
1.7366405254891801,1.1700750892779364,0.7315418236608743,0.24429308896136467,0.591300970876207,-0.1915699628654539,-1.5492057698764747,0,0,0,1,1,0,0,0,0,1,0,0,0,0,1,0,0,0,0,0,0,0,1,0,1
0.1610129974237345,-0.6104811940168899,-1.144128526722314,0.10603638080487009,0.5877844042635961,-0.154769783946785,-1.3717427829971622,0,1,0,0,0,0,0,1,0,0,1,0,0,0,1,0,0,0,0,0,1,0,0,0,1
0.9583184935532372,2.5514311952427424,1.6410693528202664,0.7377205386226386,-0.3330044299483045,-0.21174468024218612,0.8448047197895466,0,1,0,0,0,0,1,0,0,0,1,0,0,0,0,0,1,0,0,0,0,0,0,1,1
1.4423968304890067,0.8238440259922362,0.974210317579514,1.4158367738663977,-1.389353459462032,-0.17643892483290477,1.309340185444218,0,0,0,1,0,0,1,0,0,0,1,0,0,0,0,0,0,0,1,0,0,1,0,0,1
-0.8925692653188225,-1.253615072438201,-1.5054139542766807,-0.08967136046527564,-1.7141876812661554,0.14336770617603523,0.04448144562794065,0,0,0,1,0,0,1,0,0,0,0,0,1,0,1,0,0,0,0,0,0,0,0,1,0
0.38881456774644957,-0.8104422571567724,0.5903863622548378,-0.06569300406319688,-0.5330694892912602,0.1444885238080759,0.7612927259639878,0,1,0,0,1,0,0,0,0,0,0,0,1,0,0,1,0,0,0,0,0,0,1,0,0
1.6227397403278228,-1.2155425106667797,-1.457509237663287,-0.3387413399712614,-0.7252739879707324,0.15999316771797192,-1.3630436169736664,0,0,0,1,0,0,1,0,0,0,0,1,0,0,0,0,0,0,1,1,0,0,0,0,0
-1.509531851609509,2.115345681622891,1.0543986475628035,-1.301548581283632,-1.5641475057947538,-0.2263153094587149,0.4342040834805488,0,1,0,0,1,0,0,0,0,0,0,1,0,0,0,0,0,0,1,0,1,0,0,0,1
-0.6837511591896671,-0.01536477807250883,1.5533222020180482,-0.7937063971378714,0.7535112249187034,-0.04978653241230818,0.6499434008632426,0,0,1,0,0,1,0,0,0,0,0,0,1,0,0,0,1,0,0,0,0,0,0,1,1
0.7400086553273019,-1.0112078481275482,-1.4357431441372475,1.4726640925071626,1.3371578541823421,0.025308248934417188,0.5977484047222683,0,0,0,1,0,0,1,0,0,0,1,0,0,0,0,0,0,0,1,0,0,0,0,1,0
1.4044299021018876,-0.19481330876106973,1.4569196496394106,-1.5227593143340235,-0.2810144059108795,-0.038578356091901446,1.7025424897062245,1,0,0,0,0,1,0,0,0,1,0,0,0,0,0,0,0,1,0,1,0,0,0,0,1
-1.2342716208028952,-0.18764466073895805,0.6127179879954322,-1.70737879830841,1.018046672159527,-0.0845318790055692,0.8865607167023262,0,0,0,1,0,1,0,0,1,0,0,0,0,0,0,0,0,0,1,0,1,0,0,0,1
1.5657893477471438,0.6181884094847782,0.3741323607965058,-0.5686840756420629,-0.3630676268718022,-0.18932832760137258,1.2449663568703497,1,0,0,0,1,0,0,0,0,1,0,0,0,0,0,0,0,0,1,0,1,0,0,0,1
0.18948819371407388,0.5110524794893274,0.5852620886522245,-1.5912986047434334,0.07515863011739458,-0.1741972895688234,1.250185856484447,0,0,1,0,0,1,0,0,0,0,1,0,0,0,0,0,1,0,0,0,0,1,0,0,1
0.6830582627466232,0.9839564651556918,0.550419786848184,0.6828336650086317,-1.4642356426246892,-0.20315174506320757,-1.3143282872420903,0,1,0,0,1,0,0,0,0,0,0,0,1,0,0,0,0,1,0,1,0,0,0,0,1
-0.7027346233832267,1.889266890408638,0.8736766213408961,-0.36029414008989286,1.474028142928083,-0.20800862146871718,-1.5004904401448986,0,1,0,0,1,0,0,0,0,0,0,1,0,0,0,0,0,0,1,1,0,0,0,0,1
0.43627322823034853,0.5675743342039654,0.3201861049154281,-0.6485195281715275,-0.03844026192724419,-0.18633948058259742,-1.262133291101116,1,0,0,0,1,0,0,0,0,0,0,1,0,0,0,0,1,0,0,0,0,0,0,1,1
-1.0444369788672994,1.9996147691245914,1.5388114730006885,1.3638605677925277,0.3946145735728188,-0.19530602163892283,-0.24955036596621458,0,0,1,0,1,0,0,0,0,0,0,0,1,0,0,0,0,0,1,0,0,1,0,0,1
-0.7976519443510246,-1.0999185193317582,-0.9873174784011605,1.1870028639251722,0.8134652380493944,0.27356935443142727,-0.4739888493724041,1,0,0,0,0,1,0,0,1,0,0,0,0,0,0,0,1,0,0,0,0,0,1,0,0
1.6891818650052812,0.2325632141991228,-0.24376675747930543,-0.33215768720190453,0.9772613946818918,-0.18054858948372057,1.0727228696051345,0,1,0,0,0,1,0,0,0,0,1,0,0,0,0,0,1,0,0,0,0,1,0,0,1
-1.613940904674087,-0.6236398922238222,1.426608502286133,-1.2622545694917862,1.1942887165092062,0.15401547368042168,1.5790143321725854,0,0,1,0,0,0,1,0,1,0,0,0,0,0,0,0,0,1,0,0,0,1,0,0,1
-1.1583377640286567,-0.03347913353882736,-0.32043775295743643,0.15544842737909598,0.10501497018132697,-0.1700876249180076,-0.6444925034329201,0,0,1,0,1,0,0,0,0,0,0,0,1,0,0,0,1,0,0,0,0,0,1,0,1
-1.148846031931877,0.2844732849057253,0.30351669805470644,1.4732185053719504,0.5802341288894608,-0.15066011929596917,1.4485268418201493,0,0,0,1,1,0,0,0,0,1,0,0,0,0,0,0,1,0,0,1,0,0,0,0,1
1.4803637588761258,-0.1879204372263765,-0.589996614004729,-0.6136608192979852,-0.5260363560660382,-0.187833904091985,-0.6027365065201407,0,0,1,0,0,1,0,0,0,0,0,1,0,0,1,0,0,0,0,0,0,0,1,0,1
-1.613940904674087,-1.2799586599151163,-1.511407216404098,-0.029656167851980244,1.4949206857441835,1.7577187021919576,1.1196983661320115,0,1,0,0,0,0,1,0,0,0,0,0,1,0,0,0,0,1,0,0,0,0,1,0,0
-0.49391651725407126,-0.8224547111925353,0.536612524731856,0.744512096216291,-0.8068790190692635,0.1504662178456262,1.5859736649913818,0,0,0,1,0,0,0,1,1,0,0,0,0,0,0,1,0,0,0,0,0,0,1,0,0
-1.566482244190188,-0.8747493283307559,-1.3084156350505105,1.6015650835703605,0.837184824612888,-0.06529117632220426,-1.6936119258665037,1,0,0,0,0,1,0,0,0,0,0,1,0,0,0,0,1,0,0,0,0,0,1,0,0
-0.2661149469313562,-0.6667158714284286,0.13662262415209847,-0.6555189905894753,-1.2957507305087106,-0.03689712964384041,1.514640503598717,0,1,0,0,1,0,0,0,0,0,0,1,0,0,0,0,0,0,1,0,0,0,1,0,1
-0.36103226789915416,-0.5172450152476357,-1.026256440393562,0.5013327533986772,0.3919254343984693,-0.1588794485976008,1.674705158431038,1,0,0,0,0,1,0,0,0,0,0,0,0,1,1,0,0,0,0,1,0,0,0,0,1
-0.21865628644745724,0.9744247669860807,1.011273367835831,-0.34650312007829265,0.6121245614057857,-0.1745708954461703,1.3180393514677138,0,0,1,0,0,0,1,0,0,1,0,0,0,0,1,0,0,0,0,0,1,0,0,0,1
-0.778668480157465,-1.2687356353327233,-1.6278585754621389,1.2943510548697386,1.2862710667292658,1.268108199928855,-0.18865620380174458,0,0,1,0,0,1,0,0,0,0,0,0,0,1,1,0,0,0,0,0,0,0,0,1,0
1.3190043132308693,-0.23941021840355026,0.03609582464780432,0.7409777142032679,-0.5918513135510808,-0.12506811669770707,-1.0620524725607146,0,1,0,0,0,1,0,0,0,0,1,0,0,0,0,1,0,0,0,1,0,0,0,0,1
0.5122070850045869,-0.559323885275386,0.011274477816303599,-0.6903776994630175,0.9133081489329373,-0.03913876490792178,0.5385940757624974,1,0,0,0,0,1,0,0,0,0,1,0,0,0,0,1,0,0,0,0,0,0,1,0,1
-0.3895074641894935,1.1321824755161825,0.4192852804146873,1.6414135082269943,-1.4347585401366265,-0.2096898479167782,-1.3282469528796834,0,0,1,0,0,1,0,0,1,0,0,0,0,0,0,1,0,0,0,0,1,0,0,0,1
-0.14272242967321888,-1.209376826294441,-1.443708872281283,0.4260712070037132,0.2515730551833784,0.3494113475328464,-0.3000055289024897,0,0,0,1,0,1,0,0,0,0,0,1,0,0,0,0,1,0,0,1,0,0,0,0,0
1.5468058835535843,-0.9044278084594364,-1.2020679917768953,-1.334258940306121,1.5397741481266038,-0.058005861713939844,1.5790143321725854,0,1,0,0,0,0,0,1,0,0,1,0,0,0,0,0,0,0,1,0,1,0,0,0,0
0.2938972467786516,-0.5968501322845807,-0.7394695370053167,1.0467364091338214,-0.00817020814418111,-0.11367313743862682,1.2293078580280574,0,0,1,0,0,0,1,0,0,0,0,1,0,0,0,0,0,1,0,0,0,0,1,0,1
-0.5698503740283096,-0.6556238021612901,1.2834322977232113,1.4177772188931557,1.0274241831264894,0.18689279088694824,0.028822946785648357,1,0,0,0,1,0,0,0,0,1,0,0,0,0,0,0,0,1,0,0,1,0,0,0,1
-1.5000401195127293,-1.269839357542704,-1.629231025592583,1.093861502640797,1.2333846629670577,1.249614709000184,-0.07556704549630025,0,0,0,1,1,0,0,0,0,0,1,0,0,0,0,1,0,0,0,0,1,0,0,0,0
-0.01932991241508157,-0.8788111000147222,-0.9318539409688379,1.5870117458696769,0.473013323348087,-0.006074644762721803,1.4537463414342469,0,1,0,0,0,1,0,0,0,0,1,0,0,0,1,0,0,0,0,1,0,0,0,0,0
0.7779755837144211,-0.9672235012303054,-1.1651290827384073,0.12980683238265336,-0.21840572974909986,-0.05576422644985848,-1.4987506069401995,0,0,1,0,0,1,0,0,1,0,0,0,0,0,1,0,0,0,0,0,0,0,0,1,0
-0.3800157320927137,0.9749448906852565,0.4485826078223603,-0.3294549244860633,0.19406684822421072,-0.19810806571902453,0.47248041398393004,0,0,1,0,1,0,0,0,0,0,0,0,1,0,0,1,0,0,0,0,0,0,1,0,1
-1.1678294961254365,-1.3142415289281473,-1.6693907095603044,0.7357107919877823,-0.48290670084666243,6.79990362286562,0.6586425668867384,0,1,0,0,0,0,1,0,1,0,0,0,0,0,0,0,0,0,1,0,0,1,0,0,0
1.2335787243598513,-0.9464093093586681,-0.018271132027027636,-1.225455415591486,-0.9024468881884559,0.12618183581807815,-1.0550931397419179,1,0,0,0,0,0,1,0,0,0,0,1,0,0,0,1,0,0,0,1,0,0,0,0,0
1.29052911694053,0.40168907661393505,-0.01621590519852327,-0.29937802657131707,-1.5216039450108132,-0.2048329715112686,0.4985779120544171,0,0,0,1,1,0,0,0,0,1,0,0,0,0,0,0,0,0,1,1,0,0,0,0,1
0.8918763688757786,1.5821834550000609,1.7272302547280016,1.1709941924544203,-1.0671049484024755,-0.18447145119586295,0.9039590487493177,0,0,0,1,0,0,0,1,0,0,1,0,0,0,1,0,0,0,0,0,0,1,0,0,1
-0.6837511591896671,-0.8638137891816159,-1.1243486926815405,-1.3127061401874895,0.3899602942325984,-0.10657462576903587,-0.09818487715738912,0,0,0,1,0,0,0,1,0,0,1,0,0,0,0,0,0,0,1,0,1,0,0,0,0
1.29052911694053,0.18438614030265923,1.3697173408487755,-0.25391617165870534,1.318402832248417,-0.08322425843485509,-0.3017453621071889,0,0,1,0,0,1,0,0,0,0,0,0,0,1,0,0,0,0,1,0,0,0,0,1,1
-1.00647005048018,-1.1588169819206515,-1.5529600407052349,-1.2058430604996124,0.2000656971516059,0.001957881600236435,-1.4865717745073055,0,0,1,0,0,1,0,0,0,0,0,0,0,1,0,0,0,0,1,0,1,0,0,0,0
-1.386139334351372,0.5750135205008854,1.338157884582883,-1.6486803362489861,0.7742658631617604,-0.13907833709821552,0.7856503908297758,0,1,0,0,0,1,0,0,0,0,0,0,0,1,0,1,0,0,0,1,0,0,0,0,1
-0.07628030499576033,-0.7578120862813466,-0.43299245712250783,-0.2686081125755859,-1.046832976165071,-0.06659879689291837,-1.0359549744902274,1,0,0,0,0,0,1,0,0,0,0,0,0,1,0,1,0,0,0,0,0,1,0,0,0
1.1671365996823926,-0.7895294636360022,0.6840026339666441,0.5117972962215497,-1.1879438305319017,0.13047830340756747,-1.4256776123428354,0,1,0,0,1,0,0,0,0,0,0,1,0,0,0,1,0,0,0,1,0,0,0,0,0
0.3413559072625506,0.9701947562382814,0.07585549802474283,-1.3764636196381035,-1.0463847863026794,-0.22426047713330702,-0.8845894856814019,1,0,0,0,0,1,0,0,0,0,0,1,0,0,1,0,0,0,0,0,1,0,0,0,1
-1.2532550849964548,0.6347664280055454,0.39180179413418426,-1.4596255493562957,-1.057348199859643,-0.19922888335106523,-1.3508647845407724,0,0,1,0,0,0,0,1,1,0,0,0,0,0,0,0,0,0,1,0,0,1,0,0,1
0.5881409417788253,0.6054928308986167,1.1816296023690067,0.0631386853919026,0.40237170580651954,-0.144308819381072,-0.9037276509330925,0,1,0,0,0,0,1,0,0,0,0,1,0,0,1,0,0,0,0,0,0,0,0,1,1
-0.8640940690284832,0.37587454861064806,-0.33609333987255363,-0.8177540551480487,1.1345415602380806,-0.19567962751626972,-1.45699461002742,0,1,0,0,0,0,1,0,0,0,0,1,0,0,0,0,0,0,1,0,0,1,0,0,1
1.0437440824242552,-0.6072812623723755,-0.8940184564682508,0.7142965950853478,1.01584019899083,-0.10900306397179066,-0.6897281667550978,0,1,0,0,0,0,0,1,1,0,0,0,0,0,0,1,0,0,0,0,0,0,1,0,1
-0.6362924987057682,-1.186408188389251,-1.4614541696965235,-0.7892710942195679,-1.668093077726343,-0.08696031720832402,1.358055515175794,0,0,1,0,0,1,0,0,0,0,0,1,0,0,1,0,0,0,0,0,0,0,0,1,0
-0.6362924987057682,-0.2079100728071404,-0.5602441021316825,-1.0988413775955383,1.6014519684203394,-0.15551699570147878,0.007944948329258635,0,0,0,1,1,0,0,0,0,0,0,0,1,0,0,0,0,1,0,0,0,1,0,0,1
-1.1678294961254365,-0.9569917313518511,-1.183743368678452,-1.3948978473923028,-0.9412670255002201,-0.1349686724473997,-1.5666041019234662,0,1,0,0,0,0,1,0,0,0,0,1,0,0,0,0,0,0,1,0,0,1,0,0,0
-0.36103226789915416,-0.07316044284188183,1.4095873619748955,0.5641200103359123,-0.31780045077025115,-0.05333578824710369,1.297161353011324,0,0,1,0,0,0,0,1,0,0,1,0,0,0,0,1,0,0,0,0,1,0,0,0,1
-0.36103226789915416,1.4882284085825972,0.4756798769807283,-0.7292559016062724,1.050592151397809,-0.21099746848749235,0.667341732910234,0,0,0,1,0,0,0,1,1,0,0,0,0,0,0,0,0,1,0,0,0,0,0,1,1
-1.4051227985449315,-0.3778629565540544,-0.7331521283646791,-0.8595429248314402,-1.1771527976912424,-0.1926907804974946,1.1475356974071977,0,0,1,0,1,0,0,0,0,0,0,0,0,1,0,0,1,0,0,0,0,0,0,1,1
0.6545830664562837,-0.7759677311882395,-0.8217268872857583,1.5780718384249712,0.46611809469590865,-0.043995641313431366,0.1871477684132704,0,0,0,1,1,0,0,0,0,0,0,0,0,1,0,0,0,0,1,0,0,1,0,0,0
0.872892904682219,0.07627097267925796,-0.575589336002227,1.5876354603425633,-0.4446037056838115,-0.19325118931351493,-0.5488016771744673,1,0,0,0,0,0,0,1,0,0,0,0,1,0,1,0,0,0,0,0,0,0,1,0,1
1.4993472230696854,-0.38834061429503375,1.2879565554396504,-0.08190958035824436,1.5458419493405209,0.04510936043380249,1.6921034904780294,1,0,0,0,0,0,0,1,0,0,0,0,0,1,0,0,0,0,1,0,0,0,0,1,1
1.0437440824242552,-0.7356267152264555,-0.9649513689889468,-0.32550473282444914,-0.10625483572141854,-0.12525491963638047,0.8413250533801484,0,1,0,0,1,0,0,0,0,0,0,0,1,0,0,0,1,0,0,0,1,0,0,0,0
-0.17119762596355828,0.1808706833809196,-0.3996674368697122,0.2977939304134017,-0.5501007040621407,-0.1988552774737183,-0.3643793574763581,0,1,0,0,1,0,0,0,0,1,0,0,0,0,1,0,0,0,0,0,0,0,0,1,1
-0.6647676949961075,2.671970478787036,1.7448376174567655,-0.6158091691490385,1.358946776723226,-0.20782181853004372,0.6064475707457639,0,1,0,0,0,0,1,0,0,0,1,0,0,0,0,0,0,0,1,1,0,0,0,0,1
0.4837318887142475,-0.8394933842928451,-0.7136481636968591,-1.2068825846210898,-1.610311061621088,-0.11236551686791271,-0.49660668103349287,0,0,0,1,0,0,1,0,0,0,0,0,1,0,0,0,1,0,0,0,0,0,0,1,0
-0.7122263554800065,0.1443298366027464,1.2882117346096327,0.8474942858506523,1.0083243997599554,-0.0793013967227127,0.8691623846553347,0,0,0,1,0,1,0,0,0,0,1,0,0,0,0,0,0,1,0,0,0,0,1,0,1
0.6545830664562837,-1.0443854542798305,-0.4568620546173186,-0.39397472162576075,-0.16141666493884557,0.21304520230123064,0.8656827182459365,0,0,1,0,1,0,0,0,0,0,1,0,0,0,0,0,1,0,0,0,0,0,1,0,0
-0.10475550128609971,0.5000892086263687,0.005729503419936112,-0.5318849217417628,0.6416016638938483,-0.1898887364173929,0.1105951074065081,0,1,0,0,0,0,0,1,0,0,1,0,0,0,0,0,0,0,1,0,0,1,0,0,1
1.2810373848437502,-0.7750815488666579,-0.9292676655973978,0.6599641343361289,-0.013341629633314893,-0.08957555834975225,-0.08600604472449512,0,0,0,1,0,0,1,0,0,0,0,1,0,0,0,0,0,0,1,0,0,0,0,1,0
0.12304606903661533,-1.1849442620297816,-1.5137658995428511,-0.24760972532174239,1.3111973183068906,0.27936024553030414,0.413326085024159,0,0,0,1,1,0,0,0,0,0,0,1,0,0,0,1,0,0,0,0,1,0,0,0,0
1.1386614033920532,-1.0444486209613064,-1.4450054583341647,1.3053007089493007,0.35176072749953025,-0.0036462065599669577,-1.0220363088526343,0,0,1,0,0,0,1,0,0,1,0,0,0,0,0,1,0,0,0,0,0,0,0,1,0
-0.33255707160881476,0.32768484137788934,0.9427405188598315,1.2569281864965522,1.1578819092257044,-0.11722239327342229,1.662526325998144,0,0,0,1,0,0,1,0,0,0,0,0,0,1,0,1,0,0,0,0,1,0,0,0,1
-0.7881602122542448,-0.15175396858475454,-0.38422564871863407,1.6017036867865575,1.0761044974108689,-0.13795751946617482,0.17670876918507555,1,0,0,0,0,0,0,1,1,0,0,0,0,0,0,0,0,1,0,1,0,0,0,0,1
0.3033889788754314,1.1219738153992436,0.3326278136356357,-1.6274047425627487,-1.5494261926223531,-0.22426047713330702,0.8065283892861655,0,0,1,0,1,0,0,0,0,1,0,0,0,0,1,0,0,0,0,1,0,0,0,0,1
-0.06678857289898053,0.90270747374961,1.0722749829301972,0.09210675757707289,-0.6061244368610901,-0.17587851601688442,0.2567410966012361,0,0,0,1,0,0,0,1,0,1,0,0,0,0,0,0,1,0,0,0,1,0,0,0,1
0.597632673875605,-0.1504690658444921,0.9263952585123302,-0.8983518253665966,1.3932850154110743,-0.05781905877526637,-0.007713550513033657,0,1,0,0,0,0,1,0,1,0,0,0,0,0,1,0,0,0,0,0,0,0,1,0,1
-0.9020609974156024,0.19142167609844155,0.42278192471687426,1.7080816552177451,-1.6151032455343521,-0.15813223684290703,1.1910315275246763,0,0,1,0,0,1,0,0,1,0,0,0,0,0,1,0,0,0,0,0,1,0,0,0,1
-0.03831337660864116,-0.9650881592662722,-1.0294358349168522,-0.6271746328771914,1.210320123125521,0.02418743130237653,-0.09122554433859253,0,0,0,1,0,0,0,1,0,0,0,1,0,0,0,0,0,1,0,0,1,0,0,0,0
-1.2532550849964548,0.43385108578014914,-0.05604454591870018,1.6191676920273779,-0.529932160254519,-0.1898887364173929,1.2867223537831292,0,0,1,0,1,0,0,0,0,0,0,1,0,0,0,0,0,1,0,1,0,0,0,0,1
-0.8830775332220427,-0.8930707472602535,-0.6294873147430378,-0.5255091737967015,0.34827863703018014,0.016715313755438672,-1.1055483026781932,0,0,1,0,1,0,0,0,1,0,0,0,0,0,0,0,0,0,1,0,0,1,0,0,0
-0.7976519443510246,-0.7401830358068537,-0.24926345473540604,0.6511628301076202,-1.2849596976680513,-0.040819991355982764,0.7195367290512084,0,0,0,1,0,0,0,1,0,0,0,0,1,0,0,0,0,1,0,0,0,0,0,1,0
0.8823846367789988,-0.40090801073732246,0.36584938287357377,0.7850535369539097,0.304011269083195,-0.04866571478026752,-1.0028981436009436,1,0,0,0,0,0,0,1,0,0,1,0,0,0,0,0,0,0,1,0,0,0,1,0,1
1.4898554909729056,0.9727485389508223,1.7296372150070218,-1.6362060467912574,0.2860147223010094,-0.15551699570147878,0.7125773962324118,1,0,0,0,0,1,0,0,0,0,0,1,0,0,0,0,0,0,1,0,0,1,0,0,1
-1.7088582256418847,-1.24586159338467,-1.453971212955157,1.7215261671888529,-1.0553830596937723,0.5052049983865007,-0.6723298347081065,0,0,0,1,0,0,1,0,0,0,0,0,0,1,1,0,0,0,0,0,0,0,0,1,0
0.9867936898435765,-0.4381239706819022,0.2825506257102324,0.3414539435154526,1.231040285225317,-0.03278746499302458,0.09667644176891495,0,0,1,0,0,1,0,0,0,0,0,0,0,1,0,1,0,0,0,0,0,1,0,0,1
-1.4810566553191697,0.8147412449963529,1.721423204427328,1.7266544861881412,-1.6098973479019574,-0.1471108634611737,0.787390224034475,0,0,1,0,0,1,0,0,0,1,0,0,0,0,0,0,0,1,0,0,0,0,1,0,1
-1.0824039072544185,1.3338980317503226,0.8909667342907633,0.052396936136636096,-0.20585641360213522,-0.19866847453504488,-0.059908546654007966,0,0,0,1,1,0,0,0,0,0,1,0,0,0,0,0,0,1,0,0,0,0,1,0,1
0.1705047295205143,0.6434344373547835,0.06615868956542358,1.5034340065028937,-0.6588729360502547,-0.1975476569030042,0.4081065854100617,0,1,0,0,0,0,1,0,1,0,0,0,0,0,0,0,0,1,0,0,0,0,1,0,1
-0.5698503740283096,-0.5872176755547619,1.0427155796182184,-1.5619147229096721,1.6681633056301652,0.09535935093695955,-1.3160681204467894,0,1,0,0,1,0,0,0,0,1,0,0,0,0,0,0,0,0,1,0,0,0,0,1,1
0.4172897640367889,0.5986153658716005,0.1754236514580232,0.6070177057488798,-0.7196199004759462,-0.19493241576157597,-0.04425004781171567,0,0,0,1,0,0,0,1,0,0,0,0,0,1,0,0,0,0,1,0,1,0,0,0,1
-0.21865628644745724,0.5153860219687162,1.4685820273810242,0.1896141201716533,-0.3576203962365813,-0.1301117960418901,-0.3191436941541803,0,0,1,0,0,1,0,0,1,0,0,0,0,0,0,1,0,0,0,0,0,0,1,0,1
-0.49391651725407126,1.8337027042112028,1.1318075936135854,-1.6014166395258136,0.912756530640763,-0.20595378914330928,0.7943495568532716,0,1,0,0,0,0,0,1,1,0,0,0,0,0,1,0,0,0,0,1,0,0,0,0,1
-0.3895074641894935,-0.9251187482696577,-0.5863413448130937,-1.0710514327480425,0.7145876591771565,0.055196719122168614,-1.443075944389827,0,0,1,0,0,0,0,1,0,0,0,0,1,0,0,0,1,0,0,0,1,0,0,0,0
0.39830629984322935,1.0306585200071587,0.939043869262253,-0.9903150593132976,0.16758917019984573,-0.18540546588923018,-0.21649353507693087,0,0,0,1,0,0,1,0,0,0,1,0,0,0,0,0,0,1,0,0,0,0,1,0,1
1.4423968304890067,-0.8808071671493554,-1.07716813317215,-1.0905944862318178,-1.0280779542311458,-0.14001235179158275,-0.5314033451274758,1,0,0,0,0,0,1,0,0,1,0,0,0,0,1,0,0,0,0,1,0,0,0,0,0
-0.36103226789915416,-1.0923231110469935,-1.5029863037946891,-0.9354974873073891,-0.6550805602915565,-0.11909042266015676,0.009684781533957777,1,0,0,0,0,0,1,0,0,0,0,0,0,1,0,0,0,0,1,0,0,0,0,1,0
-1.386139334351372,-1.2785736148749534,-1.5985888349917612,1.4333700807153167,-0.11842491429251337,1.1608833131302971,-1.611839765245644,1,0,0,0,0,0,1,0,0,0,0,1,0,0,0,1,0,0,0,0,0,1,0,0,0
-1.3196972096739132,-0.6239443248155199,-0.5786790729793073,-0.8599587344800312,1.192427004773118,-0.08135622904812062,1.4641853406624417,0,0,0,1,0,0,1,0,0,0,0,1,0,0,0,0,1,0,0,0,0,0,0,1,1
1.4139216341986673,-0.09772427055194931,-0.5022218762652153,1.07715981508906,1.160605524543315,-0.15533019276280532,0.8378453869707501,0,1,0,0,0,0,1,0,0,0,0,0,0,1,0,1,0,0,0,1,0,0,0,0,1
0.4932236208110273,-0.10998261245023722,-0.7244760365852883,0.9472192999043846,0.4763575092443935,-0.17961457479035334,1.6451279939511525,0,1,0,0,0,0,0,1,1,0,0,0,0,0,0,1,0,0,0,0,0,0,0,1,1
-0.6647676949961075,1.2174208280201486,0.26666744656242847,-0.5772081734381777,1.2379699900207564,-0.2072614097140234,-0.9159064833659866,0,1,0,0,0,0,0,1,1,0,0,0,0,0,0,0,0,1,0,0,0,1,0,0,1
-0.20916455435067743,2.3731224379921265,1.2604592756904998,1.6485515738611392,-0.1323532761699137,-0.21342590669024714,0.8709022178600339,1,0,0,0,0,0,1,0,0,0,0,0,1,0,0,0,1,0,0,0,0,1,0,0,1
1.2335787243598513,-0.7511848229390049,-0.7821051485952966,1.0035615072884598,0.17758725174550438,-0.06603838807689803,-1.0603126393560154,0,0,0,1,0,1,0,0,0,0,0,0,1,0,0,1,0,0,0,0,0,1,0,0,0
1.2715456527469704,-0.7893103830968352,-0.8430584865493959,-0.5115795505689043,-0.33858956515656896,-0.09910250822209801,-1.5231082718059876,0,0,0,1,0,1,0,0,0,0,1,0,0,0,0,0,1,0,0,1,0,0,0,0,0
-0.3515405358023743,-0.4013125856289207,-0.9301504475908494,-0.012607972259750836,-0.4216425942720575,-0.1867130864599443,-1.611839765245644,0,1,0,0,0,0,0,1,0,1,0,0,0,0,0,0,1,0,0,1,0,0,0,0,1
-0.7976519443510246,-1.1805176642440238,-1.4075561909557128,1.7048937812452143,-0.29766638310589033,0.24835095771051202,-0.21475370187223172,1,0,0,0,1,0,0,0,0,1,0,0,0,0,1,0,0,0,0,0,0,0,0,1,0
-0.49391651725407126,-1.083100467421383,-0.6301700914410979,-0.8291888204843001,-0.6388422968156765,0.18614557913225444,-0.3695988570904555,0,0,1,0,0,0,0,1,0,0,1,0,0,0,1,0,0,0,0,0,0,0,1,0,0
1.1671365996823926,-0.8553217221500493,-1.291691054315198,-0.268053699710798,-0.7027265902781091,-0.16056067504566182,0.5368542425577983,0,0,1,0,1,0,0,0,1,0,0,0,0,0,0,0,0,0,1,0,0,0,0,1,0
-0.4179826604798329,0.8194451599202969,1.3013293232935765,-1.2512356138041256,0.026926505695406833,-0.16261550737106975,-0.9333048154129779,0,0,1,0,1,0,0,0,0,1,0,0,0,0,0,0,0,0,1,0,0,0,0,1,1
1.5752810798439238,0.00695462959917217,0.2885094041660302,1.151312535754448,-0.3033894228871984,-0.1345950665700528,1.2832426873737308,0,0,0,1,1,0,0,0,0,1,0,0,0,0,0,1,0,0,0,1,0,0,0,0,1
0.4837318887142475,0.1349910279092514,0.22408700884703933,-0.3577992821983471,1.7000192620032293,-0.13795751946617482,0.7003985637995178,0,0,0,1,0,0,1,0,0,0,0,0,0,1,0,0,0,1,0,0,0,0,0,1,1
1.2620539206501906,0.1229459120772133,-0.223635189988016,0.20146469515649568,-1.337053150135259,-0.19455880988422905,-0.1538595397077617,0,0,0,1,0,1,0,0,0,0,1,0,0,0,0,0,1,0,0,0,0,0,0,1,1
0.05660394435915678,1.5621854999051512,0.789460598512484,-1.0836643254219684,-0.12432033479012589,-0.21193148318085955,-1.1473042995909726,0,0,1,0,0,0,0,1,0,0,1,0,0,0,0,0,0,1,0,0,1,0,0,0,1
1.062727546617815,0.6535796226600931,0.07524168866992106,-0.2433130256196358,-0.5730962916171556,-0.20427256269524827,-1.3439054517219757,0,0,1,0,1,0,0,0,0,1,0,0,0,0,0,1,0,0,0,0,1,0,0,0,1
0.8539094404886595,-0.872712896146009,-0.5788583880717272,-0.29424970757202856,1.6007624455551217,0.06304244254645332,-1.1664424648426632,0,0,0,1,0,1,0,0,0,0,0,1,0,0,0,0,0,1,0,0,1,0,0,0,0
-1.5474987799966284,-0.9773434198630248,-0.5953829635116482,-0.6521232117926491,-0.8273578481662333,0.04137330166033356,1.225828191618659,1,0,0,0,0,0,1,0,0,0,1,0,0,0,0,0,1,0,0,0,0,0,0,1,0
1.3664629737147682,-1.0226061987673056,-1.2755320057944406,1.5952586372333977,-1.3952833561029054,-0.06734600864761214,1.4137301777261666,0,1,0,0,0,0,0,1,0,1,0,0,0,0,0,0,1,0,0,0,1,0,0,0,0
0.5027153529078071,-0.7130860701045326,-0.8925080716513298,-1.387343972109567,1.334951381013645,-0.09648726708066976,1.2554053560985445,0,0,0,1,0,1,0,0,1,0,0,0,0,0,0,0,0,0,1,0,0,0,1,0,0
-1.2532550849964548,-0.19847173807405197,1.0979446280835303,-0.777074011194233,1.6189313730536117,-0.030545829728943263,-0.36785902388575636,0,0,1,0,0,1,0,0,0,0,0,0,0,1,0,0,0,1,0,1,0,0,0,0,1
0.322372443068991,2.387105692489932,1.3814004087933607,-0.7808162980315516,0.7501670390223969,-0.2124918919968799,0.28457842787642246,0,1,0,0,1,0,0,0,0,0,0,0,1,0,0,0,0,0,1,1,0,0,0,0,1
-1.5000401195127293,1.4930315414159812,1.6222067844445638,0.008459716602191197,0.34472759427430827,-0.17924096891300648,1.323258851081811,0,0,1,0,0,1,0,0,1,0,0,0,0,0,0,0,1,0,0,0,1,0,0,0,1
-1.0159617825769598,-1.297317788375108,-1.65241094965501,-0.9140139887968561,-1.6218950457567478,0.21192438466918997,-1.2812714563528067,0,1,0,0,0,1,0,0,0,0,1,0,0,0,0,1,0,0,0,0,0,0,0,1,0
-1.566482244190188,-1.317738806170828,-1.6867704800563816,-0.5293900638502171,0.20678854508747982,16.33525962745168,0.9074387151587159,1,0,0,0,0,0,1,0,0,0,1,0,0,0,0,0,0,1,0,0,0,0,1,0,0
-0.01932991241508157,-1.1494199366281375,-1.4906756330266344,-0.9122814485943939,-1.4304145460857542,-0.1289909784098494,-1.0985889698593965,0,0,1,0,0,0,1,0,0,0,0,0,0,1,0,0,1,0,0,0,0,0,0,1,0
1.0152688861339159,0.7334423365053976,1.3725518986558738,0.16757620879633234,1.557322505046398,-0.13608949007944035,0.6830002317525263,0,0,1,0,1,0,0,0,0,1,0,0,0,0,0,0,0,1,0,0,0,0,1,0,1
0.14202953323017492,-0.18041746798767377,-0.19118605499434807,-0.16812078083277032,1.3315727189740778,-0.1289909784098494,-1.2238569605977347,0,0,0,1,0,1,0,0,0,0,1,0,0,0,0,1,0,0,0,0,1,0,0,0,1
-1.1393542998350972,-0.5247670885558579,-0.6445635759749523,1.2258117644603286,1.4526529341063301,-0.0877075289630178,-1.2847511227622048,1,0,0,0,0,0,1,0,1,0,0,0,0,0,0,0,1,0,0,0,0,0,1,0,1
1.4993472230696854,-0.8577664267882369,-0.3979018728828091,0.6219868530981544,0.967952836001451,0.07779987470165561,1.1788526950917824,1,0,0,0,0,0,1,0,0,1,0,0,0,0,0,0,0,0,1,0,1,0,0,0,0
1.243070456456631,0.773541162166499,1.2371138300043008,-0.8053490672984184,-0.6131230939430511,-0.1656043543898449,-0.18691637059704544,0,0,0,1,0,0,1,0,1,0,0,0,0,0,0,1,0,0,0,1,0,0,0,0,1
-1.613940904674087,-1.2880393731917068,-1.5475805879326394,0.00340069921100117,0.5725459489422818,1.7093367410755351,-1.4378564447757294,0,0,1,0,1,0,0,0,0,0,0,0,1,0,0,0,0,1,0,1,0,0,0,0,0
-0.09526376918931992,-0.2706675574389705,-0.7130826314823043,-1.4465968470337789,1.4884391708111357,-0.16392312794178387,-0.3887370223421461,1,0,0,0,1,0,0,0,0,1,0,0,0,0,1,0,0,0,0,0,1,0,0,0,1
1.5752810798439238,1.0162411101230149,1.2134511345392052,-0.5751984268033213,-0.7871241889807725,-0.18036178654504714,-1.0881499706312017,1,0,0,0,0,0,0,1,0,0,0,1,0,0,0,0,1,0,0,0,1,0,0,0,1
1.4613802946825662,0.8927826015040817,0.7847432322349772,-0.39730119881448844,1.1505384907111345,-0.17475769838484376,1.090121201652126,0,1,0,0,0,0,0,1,0,0,1,0,0,0,0,1,0,0,0,0,0,0,0,1,1
-0.598325570318649,-0.6022063587435692,1.5225558701993973,1.1949725488564988,1.7090520115375831,0.19212327316980468,-0.9907193111680496,0,1,0,0,0,1,0,0,0,1,0,0,0,0,0,1,0,0,0,0,0,0,0,1,1
-0.9495196578995013,-0.5133126582281562,-0.906653273749526,-0.3621652835085522,1.411557371339347,-0.1349686724473997,-1.0255159752620324,0,0,0,1,0,0,1,0,0,0,1,0,0,0,1,0,0,0,0,1,0,0,0,0,1
-0.9400279258027215,-0.7060197212933963,-0.9683376655419523,0.5987708143851591,1.33784737704756,-0.0821034408028144,-1.516148938987191,0,1,0,0,0,1,0,0,0,0,0,0,0,1,0,1,0,0,0,0,0,0,0,1,0
-1.5474987799966284,-1.0213379350553342,-1.2140131356257864,0.8498505405260012,1.2544495864994625,0.07611864825359457,-0.679289167526903,0,0,1,0,1,0,0,0,0,0,0,0,0,1,0,0,0,0,1,0,1,0,0,0,0
-0.39899919628627334,-0.3478418356946373,-0.603672838168904,-0.664181691601787,0.6752159035732179,-0.15140733105066298,0.7578130595545896,0,1,0,0,0,1,0,0,0,0,0,0,0,1,0,1,0,0,0,0,0,0,1,0,1
0.39830629984322935,-0.736267009685512,-0.05796873479505158,-0.37276842954762174,-1.594693368723904,-0.038578356091901446,0.44986258232284115,0,0,1,0,1,0,0,0,0,0,0,0,0,1,0,0,0,1,0,0,0,1,0,0,0
-0.3135736074152552,-0.28946349680491984,-0.8963633461383564,1.2134760782187968,-1.5275338416516866,-0.2037121538792279,-0.6044763397248398,0,0,1,0,0,0,0,1,0,0,1,0,0,0,0,0,0,1,0,0,0,0,0,1,1
1.2335787243598513,0.2064029641635638,0.9365955285772898,0.6918428740614359,0.8468381447259378,-0.1099370786651579,-1.27431212353401,0,0,0,1,0,0,1,0,1,0,0,0,0,0,0,0,0,1,0,1,0,0,0,0,1
-0.8830775332220427,2.25791750366592,1.6450901489310654,0.20049447264311676,0.7698873929676271,-0.20091010979912624,-0.6949476663691954,1,0,0,0,0,0,0,1,0,0,0,0,1,0,1,0,0,0,0,1,0,0,0,0,1
-0.5793421061250894,0.5007057770636026,0.24891525241286389,-0.07373199060262213,0.63818852571102,-0.17681253071025166,-0.34698102542936665,0,0,0,1,0,0,0,1,0,0,1,0,0,0,0,0,0,1,0,1,0,0,0,0,1
-1.7088582256418847,-0.9716081933151819,-1.134507582340557,-1.3743152697870502,-0.7447874850563972,-0.10657462576903587,0.6064475707457639,0,0,1,0,0,1,0,0,1,0,0,0,0,0,0,0,0,0,1,0,0,1,0,0,0
-0.23763975064101683,0.78551602432353,0.053710084110892085,-1.3317640824145751,-0.9348199867104333,-0.21790917721840983,-0.27912753044610006,1,0,0,0,0,1,0,0,0,1,0,0,0,0,0,0,0,0,1,1,0,0,0,0,1
1.3095125811340895,-0.6243356501105158,-0.2758503655538098,1.5509749096584602,-1.6928124724444025,-0.08527909076026301,-0.8463131551780207,0,0,1,0,1,0,0,0,0,0,1,0,0,0,0,0,0,1,0,1,0,0,0,0,1
0.7020417269401827,-0.6758648719473428,-1.1577495770118984,0.8699480068745643,0.6693549592188663,-0.13029859898056353,1.0361863723064524,0,0,0,1,0,0,0,1,1,0,0,0,0,0,0,0,0,1,0,0,0,0,0,1,1
1.5847728119407036,-0.8897312326561853,-1.272966420625972,1.1853396253308084,0.6277077781597089,-0.06659879689291837,0.05144077844673722,0,0,0,1,0,0,0,1,1,0,0,0,0,0,0,1,0,0,0,0,1,0,0,0,0
-1.3102054775771335,-0.6890836555342154,-0.9855657078829051,-0.8864319487736557,1.2676194732251234,-0.11143150217454548,0.1262536062488004,0,0,1,0,0,1,0,0,0,0,0,1,0,0,0,0,0,1,0,0,0,0,0,1,1
-1.5854657083837476,-0.4985482937911262,0.6071247364587978,-1.2285739879559183,1.3683587638334493,0.006441152128399118,1.52855916923631,0,0,1,0,0,0,1,0,0,0,0,0,0,1,0,0,1,0,0,0,1,0,0,0,1
-1.4525814590288304,-1.0981822059165596,-0.9817656072704691,-0.6544101648598994,-1.6012438359434735,0.020824978406254503,0.6864798981619247,0,0,0,1,0,0,0,1,1,0,0,0,0,0,0,0,0,1,0,0,1,0,0,0,0
-0.4464578567701723,1.3933726977263359,1.068881789642868,0.916102877868161,0.3610348100367101,-0.18914152466269912,-0.06686787947280454,0,0,0,1,0,0,0,1,0,1,0,0,0,0,1,0,0,0,0,0,0,1,0,0,1
1.6037562761342632,-0.38243868933412567,-0.8523070072776655,0.02640883309970102,-1.1107517457707647,-0.19381159812953525,-0.28782669646959574,0,0,1,0,0,1,0,0,1,0,0,0,0,0,0,0,1,0,0,1,0,0,0,0,1
-0.09526376918931992,0.9623306584596296,0.20028637869546695,-0.08225608839873684,0.5167980252894196,-0.20333854800188103,-1.187320463299053,0,0,0,1,1,0,0,0,1,0,0,0,0,0,0,1,0,0,0,1,0,0,0,0,1
-1.0539287109640791,0.567674476503866,0.4209060129807897,1.273491270832092,0.2077883532420457,-0.17120844255004827,0.04448144562794065,0,1,0,0,0,0,0,1,1,0,0,0,0,0,0,0,0,1,0,0,0,0,0,1,1
1.4518885625857865,-0.06499622629368193,1.429891347824281,-0.642975399523648,0.6432220426271102,-0.04866571478026752,1.2467061900750487,0,1,0,0,0,0,1,0,1,0,0,0,0,0,1,0,0,0,0,0,1,0,0,0,1
1.3095125811340895,-0.32954260213619463,1.079971738435603,-0.6251648862423351,0.19186037505551365,-0.019898062224556808,-0.7019069991879919,1,0,0,0,1,0,0,0,0,1,0,0,0,0,0,0,1,0,0,1,0,0,0,0,1
-1.4335979948352708,-0.9219881459096897,-1.1347765549791868,1.1224137651773762,-0.579336473547377,-0.07108206742108107,-0.9472234810505712,0,0,1,0,0,1,0,0,0,0,1,0,0,0,0,1,0,0,0,1,0,0,0,0,0
1.5278224193600247,-0.9444761007753572,-0.2900093611206537,1.72901074086349,0.2741894051625235,0.18128870272674485,-0.5453220107650689,0,1,0,0,0,1,0,0,0,0,1,0,0,0,0,0,0,0,1,0,0,1,0,0,0
1.6227397403278228,0.17628416604547442,0.8847389831963357,-0.3713823973856518,-1.5789722473969374,-0.14206718411699065,-1.115987301906388,0,1,0,0,0,0,0,1,0,0,0,1,0,0,0,1,0,0,0,1,0,0,0,0,1
0.6450913343595039,-0.9652052487246174,-0.8971909542572173,1.3956700059097362,1.0147369624064813,0.09349132155022508,-0.5140050130804843,0,0,0,1,0,1,0,0,0,0,0,0,0,1,0,0,0,0,1,0,0,0,1,0,0
-0.16170589386677847,-0.543262909152259,-0.24264258978451947,-0.3922421814232984,-0.895689564109321,-0.10732183752372965,-1.3056291212185946,0,1,0,0,0,0,0,1,0,0,1,0,0,0,0,0,0,1,0,0,0,1,0,0,1
-0.9779948541898407,2.3473479669087998,1.5916749415929232,1.3854826695192577,0.6463938478071123,-0.2024045333085138,0.9265768804104065,1,0,0,0,0,0,1,0,0,0,0,1,0,0,0,0,1,0,0,0,1,0,0,0,1
0.20847165790763347,0.00910845937241784,1.6141858824259376,1.671698310966036,-1.6813319167385254,-0.06566478219955113,-1.6709940942054147,0,0,1,0,0,0,0,1,0,0,1,0,0,0,1,0,0,0,0,1,0,0,0,0,1
0.028128748068817395,-0.1554108572469691,0.48078346038037,0.728503424745539,-0.21061412137213828,-0.10003652291546523,-0.24781053276151543,1,0,0,0,0,1,0,0,0,0,0,0,0,1,1,0,0,0,0,0,1,0,0,0,1
1.4139216341986673,-1.2735048738492178,-1.4825167963215313,-0.9976610297717379,0.5130401256739825,1.003968844644602,-1.3491249513360732,0,1,0,0,0,1,0,0,0,0,1,0,0,0,1,0,0,0,0,0,0,0,0,1,0
-0.8640940690284832,-1.1447573111447678,-1.4300395448514316,1.0213720205697727,-0.011686774756792083,0.12188536822858889,0.12451377304410123,0,1,0,0,0,1,0,0,1,0,0,0,0,0,0,1,0,0,0,0,0,0,0,1,0
-0.7312098196735661,-0.5962717719863858,-0.07142426346086372,-0.6100571356768636,0.9353039283333864,-0.03409508556373871,1.4241691769543614,1,0,0,0,1,0,0,0,0,0,1,0,0,0,0,1,0,0,0,0,0,1,0,0,1
0.1610129974237345,-0.2067582822932073,-0.6950200842881669,-1.4384885588862553,-0.23133428347193433,-0.19567962751626972,1.551177000897399,1,0,0,0,0,0,0,1,0,0,1,0,0,0,0,0,0,0,1,0,0,0,0,1,1
0.4552566924239081,2.1038474968133865,1.5014035860281796,0.39758824607523235,0.8541126109539859,-0.19941568628973863,-0.1625587057312574,0,1,0,0,0,0,1,0,1,0,0,0,0,0,0,1,0,0,0,0,1,0,0,0,1
-1.2532550849964548,-1.0617655355902629,-1.4605093170941574,1.1319080854868697,1.6186900400507853,0.08714002163532789,0.279358928262325,0,0,0,1,0,1,0,0,0,0,0,0,0,1,1,0,0,0,0,1,0,0,0,0,0
-0.5128999814476308,1.102047038369802,0.6653400708863326,1.4798714597494058,0.735169916703909,-0.18577907176657707,-0.3295826933823752,0,1,0,0,1,0,0,0,0,0,0,1,0,0,0,0,0,1,0,1,0,0,0,0,1
1.5468058835535843,-1.0672456303709745,-1.2874081823000934,1.563310595899992,-1.1081315588829368,-0.013359959370986182,0.2741394286482276,0,0,1,0,0,1,0,0,0,0,0,0,1,0,1,0,0,0,0,0,0,0,0,1,0
0.009145283875257808,0.7002986246700046,-0.1324534654925253,1.7270702958367323,-0.19244519387364825,-0.2037121538792279,-0.2095342022581343,0,0,1,0,0,0,0,1,0,0,0,0,1,0,0,0,0,1,0,1,0,0,0,0,1
-0.5603586419315298,0.4621522241225051,0.8015091933762326,-0.7201773909453698,1.2942005796792708,-0.14524283407443922,-1.4361166115710302,1,0,0,0,0,1,0,0,1,0,0,0,0,0,0,1,0,0,0,0,0,0,0,1,1
-0.6647676949961075,0.7692596936830586,0.04023386524210842,-0.0193995298534032,1.5742847675307567,-0.1926907804974946,-0.37133869029515465,0,0,0,1,0,1,0,0,0,0,0,0,0,1,0,1,0,0,0,1,0,0,0,0,1
-0.7027346233832267,-0.563667287919688,-0.3892602647750374,0.4788790323747653,1.0879987668358766,-0.0651043733835308,-1.7179695907322916,0,0,1,0,0,1,0,0,0,0,1,0,0,0,0,1,0,0,0,0,1,0,0,0,1
0.028128748068817395,-0.7777450259138591,-1.2582694797818688,-0.9887904239351307,-0.9376815066010874,-0.192877583436168,-1.4204581127287381,0,0,0,1,0,0,1,0,1,0,0,0,0,0,0,0,1,0,0,1,0,0,0,0,0
-0.04780510870542095,0.9271280209382813,0.40398832368440984,0.4143592352350678,1.1135111128489366,-0.18802070703065843,1.0031295414171686,0,0,0,1,0,1,0,0,0,0,1,0,0,0,0,0,1,0,0,1,0,0,0,0,1
-0.778668480157465,-0.09763891849941868,1.7287958134195134,-0.942496949725337,1.393974538276292,-0.013546762309659607,0.8656827182459365,0,0,1,0,0,1,0,0,1,0,0,0,0,0,1,0,0,0,0,0,1,0,0,0,1
1.195611795972732,-1.0666860660121458,-1.473647595981073,-0.19494050316688732,-0.9673999420919762,-0.12357369318831947,0.13321293906759696,1,0,0,0,0,0,1,0,0,0,0,1,0,0,0,1,0,0,0,0,0,0,1,0,0
-1.0349452467705196,-0.821424323959097,-0.29622331874643365,-0.0473280779170961,-1.2832014143617458,-0.018964047531189576,1.662526325998144,0,1,0,0,0,0,1,0,0,0,1,0,0,0,0,0,1,0,0,0,0,0,0,1,0
-0.7881602122542448,-0.8361800607518278,-0.33750717040894085,-1.1743108288147979,-0.02003000142592792,0.006627955067072544,0.3593912556784856,0,0,1,0,0,0,1,0,0,0,0,0,1,0,0,0,0,0,1,0,0,0,1,0,0
1.1196779391984937,1.2483795889367884,0.9213675391902507,1.1423726283097424,0.03709696795736994,-0.18932832760137258,-1.4239377791381362,0,0,0,1,0,1,0,0,0,0,0,0,1,0,1,0,0,0,0,0,0,0,0,1,1
-0.7027346233832267,-0.04100459627873852,-0.6693366456661861,1.4904746057884755,-1.42096808283227,-0.20333854800188103,1.1040398672897191,0,1,0,0,1,0,0,0,0,0,0,0,0,1,0,0,0,1,0,0,0,0,1,0,1
-0.24713148273779662,1.493564298451452,1.622834387268033,1.13558107071609,-0.9934639063972104,-0.18372423944116917,-1.6379372633161309,0,0,1,0,1,0,0,0,1,0,0,0,0,0,0,0,0,1,0,0,0,0,1,0,1
-0.08577203709254012,-0.513195568769811,-1.046794915209958,1.5656668505753408,-0.24233217317215883,-0.16373632500311042,-0.569679675630857,0,0,0,1,0,0,0,1,0,0,0,0,0,1,0,0,1,0,0,0,0,0,1,0,1
-0.37052399999593394,0.6973707719510661,0.4585276987173378,0.7885186173588343,-1.061175051761602,-0.19007553935606636,0.872642051064733,0,1,0,0,0,0,1,0,1,0,0,0,0,0,0,0,0,1,0,1,0,0,0,0,1
-1.148846031931877,-0.8149267834113958,-0.6636606333176657,-1.6432748108173036,1.3275390102125535,-0.023073712182005407,0.03926194601384322,1,0,0,0,1,0,0,0,0,0,1,0,0,0,0,0,0,0,1,0,1,0,0,0,0
1.5847728119407036,1.103969462397739,0.7744464078894839,1.2530472964430366,1.0998240839743625,-0.18036178654504714,0.5385940757624974,0,0,0,1,1,0,0,0,0,1,0,0,0,0,0,0,0,1,0,0,0,1,0,0,1
0.42678149613356875,0.4467457164454975,0.7799568986142321,0.6219175514900559,-0.6950039341876694,-0.15738502508821325,-0.1729977049594523,1,0,0,0,1,0,0,0,1,0,0,0,0,0,0,0,0,1,0,0,0,0,1,0,1
1.1766283317791724,-0.8316986157987398,-0.32496890740819945,-0.21600819202882934,-1.1631554835273203,-0.016722412267108206,-1.4169784463193398,1,0,0,0,1,0,0,0,1,0,0,0,0,0,0,0,1,0,0,0,0,0,0,1,0
1.0817110108113746,-1.0695341130213174,-1.2602281523298393,-0.728770790349583,-0.36248153243636705,-0.027930588587514994,1.2780231877596333,0,0,0,1,0,0,0,1,0,0,0,0,1,0,0,0,0,1,0,0,1,0,0,0,0
1.375954705811548,-0.4046231359985561,1.2358931080289812,-1.2068825846210898,1.0029116452679954,0.02624226362778442,0.17670876918507555,1,0,0,0,0,1,0,0,0,0,1,0,0,0,0,0,0,1,0,0,0,0,1,0,1
-0.14272242967321888,-0.06713896338140016,-0.5232707094215755,-1.0785360064226799,0.7553729366547915,-0.1798013777290268,-0.6149153389530346,0,0,1,0,1,0,0,0,0,0,0,0,1,0,0,0,1,0,0,1,0,0,0,0,1
0.7969590479079807,0.9713601044789703,1.1576427603906907,-0.42668508064824967,-1.5017112103492787,-0.18484505707320983,0.65516290047734,0,1,0,0,1,0,0,0,0,0,1,0,0,0,0,0,0,0,1,1,0,0,0,0,1
-1.5190235837062889,-0.8300655259849771,-0.5947139802822357,0.893787760060446,1.6814366207856086,0.05202106916472001,-1.368263116587764,0,0,0,1,1,0,0,0,0,0,1,0,0,0,0,0,1,0,0,1,0,0,0,0,0
1.005777154037136,-0.6773346527797293,1.186243517631656,1.6949143496790313,1.6043824405975153,0.20912234058908827,0.8622030518365381,1,0,0,0,0,1,0,0,0,0,0,0,1,0,0,0,1,0,0,1,0,0,0,0,1
-0.17119762596355828,-0.5778776343406529,0.15438171503598686,0.4211507928287202,-1.2060782818871307,-0.051841364737716125,0.7351952278935007,0,0,1,0,1,0,0,0,0,1,0,0,0,0,0,1,0,0,0,0,0,0,0,1,1
1.4518885625857865,0.43093494200704513,0.7578390716376768,0.08143430992990489,-1.4967121695764494,-0.16747238377657936,0.04970094524203808,0,1,0,0,1,0,0,0,1,0,0,0,0,0,0,0,1,0,0,0,0,0,1,0,1
-0.275606679028136,0.12625584618654162,0.33162089042435505,1.4455671637406515,-0.9289935184993426,-0.15084692223464263,1.6834043244545338,0,0,1,0,0,0,0,1,0,0,0,0,1,0,1,0,0,0,0,0,0,0,1,0,1
0.8823846367789988,-0.9048280695288851,-0.9766482304021797,-0.9851867403140091,-0.580956852280639,-0.09069637598179295,0.752593559940492,0,1,0,0,0,0,1,0,0,0,0,0,1,0,1,0,0,0,0,1,0,0,0,0,0
1.29052911694053,-0.9616146080454141,-0.96213750138482,-1.575913647745568,0.6963497793921447,-0.00925029472017035,0.6168865699739589,0,0,0,1,0,0,0,1,1,0,0,0,0,0,0,1,0,0,0,0,0,1,0,0,0
0.03762048016559719,-1.1444109728521887,-1.4603989693449761,1.6523631623065562,0.09560298307110347,0.14673015907215725,0.8343657205613518,0,1,0,0,1,0,0,0,0,1,0,0,0,0,0,0,0,1,0,1,0,0,0,0,0
0.4457649603271283,-0.5051586099750232,-0.7317176076253203,-1.1208099873627608,-0.5021443887862401,-0.16541755145117143,-1.6327177637020336,1,0,0,0,0,0,0,1,0,0,0,0,1,0,1,0,0,0,0,0,1,0,0,0,1
-1.1963046924157759,-0.7377105994548475,0.17084421986699333,-0.9121428453781969,-1.4396886286229342,-0.008503082965476597,1.5250795028269117,0,0,0,1,1,0,0,0,0,0,0,0,1,0,0,0,0,1,0,0,0,1,0,0,0
1.005777154037136,-0.876384883185747,-1.0709817624836655,-0.8978667141099071,-1.2427264221734589,-0.1446824252584189,-0.056428880244609673,1,0,0,0,1,0,0,0,0,0,0,1,0,0,0,0,0,0,1,0,0,0,0,1,0
0.36033937145611017,-0.48892477283576014,0.6340495872590698,-1.3366151949814697,-0.7396850158537852,-0.03783114433720764,-1.4274174455475346,0,0,0,1,0,1,0,0,1,0,0,0,0,0,1,0,0,0,0,0,0,1,0,0,1
-0.6078173024154288,-0.3428917247780147,-0.7408075034641417,0.9118061781660544,-0.040095116803767,-0.16261550737106975,-0.30870469492598546,0,1,0,0,0,0,0,1,1,0,0,0,0,0,1,0,0,0,0,0,0,0,1,0,1
0.7495003874240816,-0.1507220407005486,-0.1520884681124982,0.2612719829454956,0.5276924865598616,-0.13889153415954206,-0.46354985014420924,0,1,0,0,0,1,0,0,0,1,0,0,0,0,1,0,0,0,0,1,0,0,0,0,1
1.062727546617815,0.4697950844509151,-0.26101549002322966,-1.4709217114763502,0.661494398555383,-0.2048329715112686,1.5824939985819835,1,0,0,0,0,1,0,0,0,0,0,0,1,0,0,1,0,0,0,0,1,0,0,0,1
0.4457649603271283,1.0294198367899272,0.9376576256631612,-0.08579047041176001,0.29646099370905965,-0.18129580123841438,-0.6357933374094243,0,0,1,0,0,0,1,0,0,0,0,0,1,0,1,0,0,0,0,0,1,0,0,0,1
-0.23763975064101683,1.4024896527092818,0.40950571114348194,-1.5007214029587024,-0.9235807640073825,-0.22482088594932734,0.9665930441184868,0,0,0,1,0,1,0,0,0,0,0,0,1,0,0,1,0,0,0,1,0,0,0,0,1
0.7969590479079807,-0.2721123797289203,-0.31191338933317003,0.04207099652996056,0.5669608137340174,-0.1345950665700528,-0.48790751500999724,1,0,0,0,0,0,0,1,0,0,0,0,0,1,0,0,0,1,0,0,0,0,0,1,1
0.4742401566174677,-0.38853473629176405,1.287335849350505,-0.765847150682277,0.15776346937049154,0.014100072614010402,0.47248041398393004,1,0,0,0,1,0,0,0,0,0,0,1,0,0,0,0,1,0,0,0,1,0,0,0,1
-0.8356188727381438,-0.5717526231485817,-0.9938762727431324,-1.4518637692492644,-0.6069173881560905,-0.18914152466269912,-0.9524429806646686,0,0,0,1,0,1,0,0,0,0,0,0,0,1,1,0,0,0,0,0,0,0,1,0,1
-1.6803830293515454,-0.6946534161896072,-1.1533770474505838,0.2691723662687239,-0.22254286694040687,-0.15663781333351948,-0.6810290007316021,1,0,0,0,0,0,0,1,1,0,0,0,0,0,1,0,0,0,0,0,0,0,0,1,1
0.12304606903661533,0.8733654717485954,1.3767589065934163,-1.1340465945095732,1.5062978130202778,-0.15140733105066298,0.7908698904438732,0,0,1,0,0,0,1,0,0,0,0,1,0,0,0,1,0,0,0,0,1,0,0,0,1
0.43627322823034853,-0.4745847036201549,-0.23588379014715613,-0.8986983334070892,1.7032600194697531,-0.07556533794924378,-1.3752224494065604,0,0,0,1,0,1,0,0,1,0,0,0,0,0,0,0,1,0,0,0,0,0,0,1,1
-1.6044491725773071,-0.8204432375502252,-1.2924014179505536,-1.2021700752703923,0.5911975424464244,-0.1422539870556641,-0.145160373684266,0,1,0,0,0,1,0,0,0,0,0,1,0,0,0,0,0,0,1,0,0,1,0,0,0
0.5216988171013667,0.04832480027378022,0.10998053945910392,-1.4813169526911243,1.689572990595179,-0.1418803811783172,-1.7318882563698847,0,0,1,0,0,0,1,0,0,0,0,1,0,0,0,0,1,0,0,0,0,0,1,0,1
0.550174013391706,-0.029290412231602513,0.9349334156052443,0.021488418924707983,0.8863478049029199,-0.08004860847740648,-1.1333856339533794,0,1,0,0,1,0,0,0,0,0,0,0,1,0,0,0,1,0,0,0,1,0,0,0,1
-0.1237389654796593,-1.2711076212546755,-1.5084830010507897,0.8268424066373014,0.15345395146288007,1.082612881826123,-0.19213587021114287,1,0,0,0,0,0,1,0,0,0,0,0,0,1,0,0,0,0,1,1,0,0,0,0,0
0.3033889788754314,0.1881992509527186,1.3774761669630957,1.090812231884463,1.0755184029754337,-0.07855418496801893,-0.7071264988020892,0,0,1,0,0,1,0,0,0,0,0,0,1,0,0,1,0,0,0,1,0,0,0,0,1
0.7305169232305221,1.3540854868896592,0.8021712798713213,-1.4485372920605368,-0.22347372280845096,-0.2068878038366765,-0.6149153389530346,1,0,0,0,1,0,0,0,0,1,0,0,0,0,0,0,0,0,1,0,1,0,0,0,1
-0.503408249350851,-0.5774767570108971,-0.18050301352671966,-0.691833033233086,0.35048511019887724,-0.06697240277026527,1.4885430055282298,0,1,0,0,0,1,0,0,1,0,0,0,0,0,0,0,0,1,0,1,0,0,0,0,1
-0.19018109015711784,-0.3790745243177743,-0.9117154767432246,1.2856190522493285,-0.3140080750115531,-0.1741972895688234,-1.370002949792463,0,0,0,1,0,0,0,1,1,0,0,0,0,0,0,1,0,0,0,1,0,0,0,0,1
0.597632673875605,0.02201664776452194,-0.44012368041335853,-0.3956379602201246,-1.220006643764531,-0.20259133624718725,-1.3421656185172768,0,0,1,0,0,1,0,0,0,1,0,0,0,0,0,1,0,0,0,1,0,0,0,0,1
-0.07628030499576033,-0.020145725534837847,1.5414322320437477,-0.3094960613536971,-0.8189111930673147,-0.06678559983159181,0.9230972140010082,0,0,0,1,1,0,0,0,0,1,0,0,0,0,0,0,0,0,1,0,0,0,1,0,1
-0.5508669098347501,0.05482757903409161,-0.0720380728156855,-0.3144164755286902,-0.11139178106729143,-0.16859320140862002,-0.8619716540203131,0,0,0,1,0,0,1,0,0,1,0,0,0,0,0,0,0,1,0,0,0,1,0,0,1
0.7874673158112009,-0.7928603505957713,-1.2197581153175452,-1.3511685326821534,-1.3910083143385548,-0.20389895681790138,1.2745435213502352,0,1,0,0,0,0,0,1,0,0,0,1,0,0,0,1,0,0,0,0,0,0,0,1,0
-1.0824039072544185,-0.2901530920885427,-0.4784350395822906,0.30271434458839475,0.9132391966464155,-0.13758391358882796,-1.27431212353401,0,0,1,0,0,0,0,1,0,0,0,0,1,0,1,0,0,0,0,0,0,0,0,1,1
-1.0824039072544185,-0.5586660273975778,1.7174644789254438,1.4967117505173397,1.3880791177786795,0.18203591448143866,-1.3804419490206579,0,1,0,0,0,1,0,0,0,0,0,0,0,1,1,0,0,0,0,0,0,1,0,0,1
-0.7596850159639055,-0.7306793774812148,0.5075427895568698,0.5646744232007003,0.80594943881852,0.1202041417805279,0.09841627497361409,0,0,1,0,0,0,0,1,0,1,0,0,0,0,0,1,0,0,0,0,0,1,0,0,0
-0.47493305306051165,-0.1538430910257568,1.20893377355709,0.7984287473169189,1.590109317287506,-0.021952894549964696,0.521195743715506,0,1,0,0,0,1,0,0,1,0,0,0,0,0,0,0,1,0,0,0,0,0,1,0,1
0.6166161380691646,0.4727247859507749,0.6687539543766334,-0.3943905312743517,0.8122240968920023,-0.15533019276280532,-1.5666041019234662,0,0,0,1,1,0,0,0,1,0,0,0,0,0,1,0,0,0,0,0,1,0,0,0,1
0.6355996022627242,-0.8841700996450925,-0.715813738274545,1.50544375313775,-0.5724412448951987,-0.0027121918665997257,-0.39395652195624353,1,0,0,0,0,0,0,1,1,0,0,0,0,0,0,1,0,0,0,0,0,0,1,0,0
1.1291696712952735,1.132021323445881,1.1969265590992841,1.0303119280144784,-0.46653053279773876,-0.1786805600969861,-0.15907903932185913,1,0,0,0,1,0,0,0,0,1,0,0,0,0,0,0,0,0,1,0,0,0,0,1,1
0.5406822812949262,0.11242141855289582,-0.45859313493260245,-1.693171968648219,1.169155608072016,-0.18914152466269912,0.48465924641682406,0,1,0,0,1,0,0,0,0,0,0,1,0,0,0,0,0,0,1,0,0,0,1,0,1
-1.0918956393511983,-1.1385833072582838,-1.110948337890319,-0.0826025964392293,1.5529095587090036,0.34754331814611195,1.006609207826567,0,1,0,0,1,0,0,0,0,0,0,0,0,1,0,1,0,0,0,0,1,0,0,0,0
1.2051035280695117,-0.5943890967482555,1.5575499001585622,0.7210881526790002,0.520521448761596,0.15812513833123748,1.733859487390809,1,0,0,0,0,1,0,0,0,1,0,0,0,0,0,1,0,0,0,0,0,0,1,0,1
1.6227397403278228,-1.190852041463607,-1.4285843339091013,-0.9390318693204124,0.3266965713488618,0.18913442615102954,1.6520873267699492,1,0,0,0,0,0,1,0,0,0,0,1,0,0,1,0,0,0,0,0,1,0,0,0,0
-0.09526376918931992,-1.0025213509690978,-1.2177994427695746,0.8418115539865759,-0.05671261785551689,-0.015975200512414453,0.630805235611552,0,1,0,0,0,0,1,0,0,1,0,0,0,0,0,0,0,1,0,1,0,0,0,0,0
1.2620539206501906,-0.8383240303601602,-0.1508677461371785,-0.7460961923742063,-0.8589379953932103,0.018583343142173137,0.13669260547699524,0,0,0,1,0,0,0,1,0,0,0,0,1,0,0,0,0,0,1,0,0,0,1,0,0
0.1989799258108537,0.43796554772037083,0.9316505700670964,0.7574714969307093,0.4062675099950003,-0.13851792828219517,-0.21127403546283344,0,0,0,1,0,0,1,0,0,0,0,0,1,0,1,0,0,0,0,0,0,0,0,1,1
-0.5318834456411904,-1.0741144677536918,-0.7736152686426493,-0.9591293356689755,1.1397129817272145,0.23602196375806458,1.137096698179003,0,0,1,0,0,0,1,0,0,0,0,1,0,0,1,0,0,0,0,0,0,1,0,0,0
-1.424106262738491,-0.3304303251085438,0.7697704220179202,0.7618374982409144,1.7009501178712734,-0.008689885904150022,1.2484460232797479,0,0,0,1,0,0,1,0,0,0,0,0,0,1,0,0,0,1,0,0,1,0,0,0,1
0.028128748068817395,-0.7492177200388046,-0.7789602377436254,-1.7015574632281367,-0.04805910589703303,-0.11236551686791271,-0.7819393266041524,1,0,0,0,0,1,0,0,0,0,1,0,0,0,0,1,0,0,0,0,0,0,0,1,0
-1.4335979948352708,-1.0104822016159611,-1.3617618750454141,-0.5472698787396284,1.4586173068904644,-0.0030857977439466286,-0.5627203428120604,0,0,0,1,1,0,0,0,1,0,0,0,0,0,0,0,0,1,0,1,0,0,0,0,0
-1.6234326367708667,-0.6300104831482649,0.024730006482115745,1.715635530500481,1.7009501178712734,0.036703228193497396,-0.5018261806475903,0,1,0,0,0,1,0,0,1,0,0,0,0,0,1,0,0,0,0,0,1,0,0,0,1
0.7400086553273019,-1.1001169551506382,-1.1991575698922348,-0.7269689485390222,-1.616378862835005,-0.06267593518077601,-0.6705900015034073,0,0,0,1,0,0,0,1,0,0,0,1,0,0,0,0,1,0,0,0,0,0,0,1,0
-0.04780510870542095,0.880595129541108,0.9007394068276449,1.2325340204458823,-1.1830826943321158,-0.18129580123841438,0.5420737421718957,1,0,0,0,0,0,0,1,0,0,0,0,1,0,0,0,1,0,0,0,0,0,1,0,1
0.03762048016559719,-1.2495083137518177,-1.625955076788759,-1.4591404380996063,0.2642947520466475,0.2817886837330589,0.750853726735793,0,0,0,1,0,0,0,1,0,0,0,0,1,0,0,0,0,1,0,0,1,0,0,0,0
1.110186207101714,-0.7698753817924435,-1.2356826748712921,-1.088238231556469,-1.432034924819016,-0.20744821265269683,-0.019892382945927663,0,0,1,0,0,0,0,1,0,0,0,0,1,0,0,0,1,0,0,0,0,1,0,0,0
0.028128748068817395,-0.13419979373757202,0.9628100157422063,-0.551705181657932,-0.2335407566406314,-0.07892779084536583,0.004465281919860347,0,0,1,0,1,0,0,0,0,0,0,0,1,0,0,0,0,0,1,0,0,0,0,1,1
-0.503408249350851,-1.1617966005053848,-1.494882640964177,-0.014687020502705641,1.2562078698057682,0.21173758173051654,1.5233396696222126,0,0,1,0,0,0,1,0,0,0,0,0,0,1,0,0,1,0,0,0,0,0,0,1,0
-1.1108791035447578,-1.2844666040614088,-1.6598939063963765,-1.5217890918206445,0.17045069009049976,0.7069521721538226,0.5977484047222683,0,1,0,0,0,1,0,0,0,0,0,0,0,1,0,0,0,0,1,1,0,0,0,0,0
1.328496045327649,-0.09695887525055556,-0.5014770289582405,1.5838238718971462,0.8271177907807076,-0.15645101039484602,0.4568219151416377,0,1,0,0,0,0,1,0,0,0,1,0,0,0,0,1,0,0,0,1,0,0,0,0,1
0.09457087274627594,1.2765771955475549,0.7298866074231526,1.2231090017444872,1.5348440596402964,-0.1867130864599443,0.04970094524203808,1,0,0,0,0,1,0,0,0,0,0,0,1,0,0,0,1,0,0,1,0,0,0,0,1
-0.6552759628993278,0.24797865765058313,-0.4815592602309902,1.2651750778602728,0.30783812098515395,-0.1930643863748415,0.0949366085642158,1,0,0,0,1,0,0,0,0,1,0,0,0,0,0,0,0,0,1,1,0,0,0,0,1
1.2620539206501906,-0.8292606900239302,-1.269255977559746,1.6598477359811936,-0.8254616602868843,-0.13534227832474657,-1.0898898038359008,1,0,0,0,0,1,0,0,0,0,0,0,0,1,0,0,0,0,1,0,0,0,1,0,0
1.195611795972732,2.696100767371073,1.637552018315108,1.1591436174695777,0.0018623495447384303,-0.2124918919968799,-0.3591598578622606,0,1,0,0,1,0,0,0,0,0,0,1,0,0,1,0,0,0,0,0,0,0,0,1,1
0.6261078701659444,1.4012294003813026,1.692174154159922,0.8797888352245503,0.7023831044628007,-0.16821959553127314,1.735599320595508,0,0,1,0,0,0,0,1,0,0,0,0,0,1,0,0,0,0,1,0,0,0,1,0,1
-1.5949574404805273,2.492675705045092,1.3560273232159528,-0.22217603514959527,-1.607139256441086,-0.22444728007198045,1.6242499954947631,0,0,0,1,0,0,1,0,0,0,1,0,0,0,0,0,0,1,0,0,0,0,0,1,1
0.9108598330693382,-0.28426718989561867,0.24043916592886436,0.9732767045494182,1.3485349814584366,-0.06809322040230595,0.8413250533801484,0,0,1,0,0,0,1,0,1,0,0,0,0,0,0,0,0,1,0,1,0,0,0,0,1
-0.6362924987057682,-0.2094334682862429,0.08402123146416958,-1.2533146620470805,-0.1812749234571193,-0.13478186950872625,-0.5122651798757852,0,0,0,1,1,0,0,0,0,0,1,0,0,0,0,0,0,1,0,0,0,0,0,1,1
-1.1583377640286567,-1.2287169235115423,-1.3503477797394587,-1.6425124931282202,-1.0228031043122294,0.15065302078429962,0.6134069035645606,1,0,0,0,1,0,0,0,0,1,0,0,0,0,1,0,0,0,0,0,0,0,0,1,0
0.06609567645593657,0.1549292057543741,0.6665469993930047,1.2010017887610678,1.0879987668358766,-0.11329953156127993,0.04622127883263979,0,1,0,0,1,0,0,0,0,0,0,0,1,0,0,0,1,0,0,0,1,0,0,0,1
-0.2850984111249158,-0.8004788686420515,-0.5284915373047224,-0.7862911250713326,0.5401038981337826,-0.020458471040577134,0.2758792618529267,0,0,1,0,0,0,0,1,0,1,0,0,0,0,1,0,0,0,0,0,0,0,0,1,0
-0.8451106048349236,0.048298917340882846,-0.5574302345275558,0.042902615827142485,0.9995674593716888,-0.18185621005443472,1.0762025360145329,0,0,0,1,0,0,1,0,0,0,0,0,1,0,0,1,0,0,0,0,0,0,0,1,1
0.009145283875257808,0.16777792502684497,1.3359233426619588,0.6091660555999331,-0.7898133281551221,-0.10153094642485283,1.5685753329443903,0,0,1,0,0,0,1,0,0,0,0,0,0,1,0,0,0,0,1,0,1,0,0,0,1
1.0342523503274754,-0.993606529366874,-1.343775191928839,-0.11628317797509716,-1.3001636768461047,-0.14374841056505167,-0.23563170032862146,0,0,1,0,0,1,0,0,0,0,0,0,0,1,1,0,0,0,0,0,0,1,0,0,0
1.3190043132308693,-0.4088232581214619,-0.12266010275267225,0.31304028419507024,0.9872594762275504,-0.08303745549618163,-1.1594831320238665,0,1,0,0,0,0,0,1,1,0,0,0,0,0,0,0,0,1,0,0,1,0,0,0,1
-0.3135736074152552,0.977980588957934,0.1452159551196033,-0.09923498238286775,0.8669377362470377,-0.2035253509405545,-0.9193861497753848,0,1,0,0,0,0,1,0,1,0,0,0,0,0,0,1,0,0,0,0,0,1,0,0,1
0.8064507800047604,2.6869271164398754,1.511307296517214,1.1140282705974585,0.34145236066452356,-0.21361270962892057,-1.2377756262353279,0,0,1,0,1,0,0,0,0,0,0,0,0,1,0,0,1,0,0,0,0,1,0,0,1
1.053235814521035,0.41907562865759174,0.25460505823003204,1.0165902096109767,1.7194982829456333,-0.15533019276280532,-1.0150769760338376,1,0,0,0,0,0,1,0,0,0,0,1,0,0,0,0,0,1,0,0,0,1,0,0,1
-1.3766476022545922,0.678561891118668,0.02877838953020992,0.6920507788857314,1.6052788203222985,-0.18521866295055672,1.3754538472227855,0,0,1,0,1,0,0,0,0,0,0,1,0,0,0,0,0,0,1,0,0,0,1,0,1
0.1610129974237345,0.2006698945267957,0.5775653331468189,-0.6712504556278334,-0.45174026733881617,-0.15066011929596917,1.1579746966353925,0,0,0,1,0,0,1,0,1,0,0,0,0,0,1,0,0,0,0,1,0,0,0,0,1
1.1386614033920532,-1.1873122422597377,-1.266759359734516,-0.49037325849076524,-0.9514030116189224,0.14542253850144313,-1.1629627984332649,0,1,0,0,0,0,1,0,0,0,0,0,1,0,1,0,0,0,0,0,0,1,0,0,0
-0.057296840802200745,-1.2444488166306884,-1.5707122348547993,-1.071675147220929,-0.29925228569589135,0.22238534923490297,-1.5457261034670764,0,0,1,0,0,0,1,0,0,0,0,0,1,0,0,0,0,0,1,0,0,0,0,1,0
-0.16170589386677847,-1.0750407069952335,-0.9077705447099881,-0.7021589728397615,-0.13162927716143497,0.11460005362032452,-0.837613989154525,1,0,0,0,0,1,0,0,0,0,0,0,1,0,0,0,0,0,1,1,0,0,0,0,0
0.5122070850045869,-0.31462047506055213,0.809088704398133,-0.8995992543123695,0.04909466581216032,-0.05109415298302232,1.5581363337161955,0,0,0,1,0,0,0,1,0,0,0,1,0,0,1,0,0,0,0,0,0,0,0,1,1
-0.645784230802548,-0.5182023756346849,-0.05989292367140298,-0.7965477630699097,-0.9494033953097906,-0.09947611409944492,-0.9628819798928635,0,1,0,0,1,0,0,0,0,0,0,0,1,0,0,0,1,0,0,0,1,0,0,0,1
-0.7122263554800065,-1.1679179141356135,-1.2656489855083777,-0.9733361653291667,0.5241759199472505,0.22518739331500465,-1.0777109714030069,0,0,0,1,0,1,0,0,1,0,0,0,0,0,0,0,1,0,0,1,0,0,0,0,0
0.40779803194000913,-1.2111374819917695,-1.3429406870756544,-0.35613604360398327,-0.3781681776200729,0.28104147197836515,-0.6827688339363013,0,0,1,0,0,0,1,0,1,0,0,0,0,0,0,0,0,0,1,0,1,0,0,0,0
0.5122070850045869,1.621233097488358,1.599971712984503,0.6948228432096711,0.5982306756716463,-0.1814826041770878,-0.26694869801320603,0,0,0,1,0,0,0,1,0,1,0,0,0,0,0,0,0,0,1,0,0,0,0,1,1
1.2240869922630713,0.2684270990299683,-0.3242930274444631,1.5202742972708276,1.2544495864994625,-0.17475769838484376,-0.16429853893595658,0,1,0,0,1,0,0,0,0,0,0,0,1,0,0,1,0,0,0,1,0,0,0,0,1
0.8064507800047604,-1.3108040289352534,-1.683473841049586,0.9339826927575723,1.60920910065404,7.960136674966395,0.15757060393338496,0,0,1,0,0,1,0,0,0,0,0,0,1,0,0,0,0,1,0,0,0,0,1,0,0
1.4993472230696854,2.4199665408443756,1.6566904560637645,1.2832627975739797,-1.3447413300824378,-0.21174468024218612,-1.164702631637964,0,0,1,0,0,1,0,0,0,0,0,0,1,0,0,0,1,0,0,0,0,1,0,0,1
1.110186207101714,-0.4995189037747777,1.3698690690039,0.9005793176540984,0.30907926214254605,0.08433797755522623,0.6168865699739589,1,0,0,0,0,1,0,0,0,0,0,0,1,0,0,0,0,1,0,1,0,0,0,0,1
1.5942645440374834,0.03739881315939993,-0.09256965089775765,-0.0290324533790938,-0.11177101864316123,-0.16635156614453867,-0.8132563242887371,0,0,0,1,0,0,1,0,0,0,0,0,0,1,0,0,0,1,0,0,0,0,1,0,1
0.33186417516577077,0.5144496144321077,0.2635639161167004,-1.1080584914726381,-1.6657486999846023,-0.20259133624718725,1.3615351815851924,1,0,0,0,1,0,0,0,0,0,0,0,1,0,0,0,1,0,0,0,1,0,0,0,1
1.1006944750049341,-0.3845931353676784,-0.5284501568987794,0.9132615119361227,-0.3635847690207156,-0.1435616076263782,-0.5505415103791664,0,0,0,1,1,0,0,0,0,0,1,0,0,0,0,0,1,0,0,0,0,0,1,0,1
1.3569712416179884,0.4437365173660243,0.5015564241637765,-0.1748430368183242,-1.0094953130135251,-0.1769993336489251,-0.11384337599968142,0,0,1,0,0,1,0,0,0,1,0,0,0,0,0,0,1,0,0,1,0,0,0,0,1
-0.8166354085445843,0.20664453820393927,1.415008195153434,-0.22037419333903444,1.2414520804901064,-0.0845318790055692,-1.2795316231481075,0,0,1,0,0,0,0,1,0,0,0,0,0,1,0,0,0,0,1,0,0,1,0,0,1
-1.2057964245125559,1.110983737212927,0.6740368528686951,-1.01089763691855,-1.6686102198752564,-0.2108106655488189,-0.9611421466881643,0,1,0,0,0,1,0,0,1,0,0,0,0,0,0,0,0,1,0,1,0,0,0,0,1
-0.9969783183834003,-0.8830602148320409,-0.46866926377973295,1.0660022561852025,1.3723924725949737,0.10974317721481487,0.45508208193693855,0,0,0,1,0,1,0,0,0,0,0,1,0,0,0,0,0,0,1,0,1,0,0,0,0
0.5881409417788253,0.5651761572189624,0.9456302505415204,0.004370921724380079,1.3759435153508457,-0.14318800174903135,-0.6584111690705132,0,1,0,0,0,0,0,1,0,0,0,0,0,1,0,0,0,0,1,0,1,0,0,0,1
0.018637015972037603,-0.49236843543172487,-0.36832177936785865,-1.1147114458500935,1.1416091696065633,-0.09760808471271044,1.5337786688504076,1,0,0,0,0,1,0,0,0,0,0,0,1,0,0,0,0,1,0,0,0,1,0,0,1
1.0722192787145948,-0.019341813964251588,0.5479231690229539,-0.8095764653924264,0.26784579480251935,-0.11983763441485054,0.4324642502758496,0,0,0,1,1,0,0,0,1,0,0,0,0,0,0,0,1,0,0,0,0,0,1,0,1
0.33186417516577077,0.008982434139619917,0.5966899774268277,0.8441678086619246,0.31335430390689667,-0.109563472787811,-0.7941181590370465,0,1,0,0,0,0,1,0,0,0,1,0,0,0,0,0,1,0,0,0,1,0,0,0,1
1.062727546617815,0.22723872514594895,-0.49756658059662323,1.0580325712538756,0.6243291161201415,-0.1902623422947398,-0.8445733219733216,0,0,0,1,0,0,0,1,0,0,0,0,1,0,0,0,1,0,0,1,0,0,0,0,1
1.110186207101714,-0.6205971069576132,-0.8677074150228006,1.7360795048895363,0.4725996096289563,-0.10321217287291384,-0.4322328524596247,0,0,0,1,1,0,0,0,0,0,1,0,0,0,0,0,0,0,1,1,0,0,0,0,1
-0.275606679028136,-0.08668150210937729,-0.3771427025680502,1.4572098339011985,-0.4001984331637828,-0.16672517202188558,1.1249178657461087,0,0,1,0,0,0,0,1,1,0,0,0,0,0,0,0,1,0,0,1,0,0,0,0,1
-0.5888338382218692,0.07886943426406207,-0.3303690503837663,-1.712299212483403,-0.8080512079401339,-0.20277813918586068,1.2832426873737308,0,1,0,0,0,0,1,0,1,0,0,0,0,0,0,0,1,0,0,0,1,0,0,0,1
0.7589921195208615,-1.121733517942094,-1.3745208335445185,0.7023767184924069,-0.824254995272753,0.01522089024605111,1.4259090101590606,0,0,0,1,0,1,0,0,0,0,0,0,1,0,0,0,0,1,0,1,0,0,0,0,0
-1.4810566553191697,2.471065304856707,1.2342447885255834,-0.11676828923178662,1.489645835825267,-0.2128654978742268,-1.0028981436009436,0,0,0,1,0,0,0,1,0,0,0,0,1,0,1,0,0,0,0,1,0,0,0,0,1
0.06609567645593657,-1.0950281856649224,-0.6835646085762684,1.1825675610068687,0.9420612524125211,0.3830358764940668,1.6207703290853648,1,0,0,0,0,0,0,1,0,0,0,0,0,1,0,1,0,0,0,0,0,0,1,0,0
-0.30408187531847536,-0.9797489919717127,-0.42159215528520005,0.873274484063292,-0.7051399203063715,0.12954428871420023,1.0274872062829568,0,0,1,0,1,0,0,0,0,1,0,0,0,0,1,0,0,0,0,0,1,0,0,0,0
-1.4430897269320506,-1.2373578174072688,-1.5827746231871958,1.5161855023930164,1.4170390781178288,0.7706519742414678,1.6172906626759664,1,0,0,0,0,1,0,0,0,1,0,0,0,0,1,0,0,0,0,0,0,1,0,0,0
0.22745512210119306,-1.0174231414546067,-0.723538080717246,-0.06527719441460592,0.5244862052365986,0.14112607091195387,-1.3908809482488527,0,1,0,0,0,0,1,0,0,0,0,0,0,1,1,0,0,0,0,0,0,0,1,0,0
1.470872026779346,2.9464216984150973,1.6011303643509083,0.05863408086550052,-0.6403592471191557,-0.22276605362391944,-0.8323944895404276,0,1,0,0,0,1,0,0,0,0,1,0,0,0,0,0,0,0,1,0,0,0,0,1,1
-1.386139334351372,0.1677061307010701,0.1583197503348996,-0.8391682520504832,0.414334927518049,-0.16224190149372286,0.05144077844673722,1,0,0,0,0,1,0,0,0,0,0,1,0,0,0,0,0,0,1,1,0,0,0,0,1
1.0437440824242552,0.8392690214784562,1.3290610920097379,-0.5013229125703272,-1.2017687639795192,-0.16934041316331383,-1.2603934578964169,1,0,0,0,0,1,0,0,1,0,0,0,0,0,0,1,0,0,0,0,0,0,0,1,1
-0.9400279258027215,-0.39691834150928457,-0.8970668130393882,0.38497535340130656,-1.670989073760258,-0.20315174506320757,-1.542246437057678,0,0,1,0,0,1,0,0,0,0,0,0,0,1,0,0,1,0,0,0,0,0,0,1,1
-0.5413751777379702,-1.1865258941079033,-1.1929574057351024,-0.583445318167042,-0.7315141699009539,0.21042996115980248,-0.8915488185001985,0,0,1,0,0,0,0,1,0,0,1,0,0,0,0,0,0,1,0,1,0,0,0,0,0
-0.8356188727381438,0.6936738263688913,1.5278663556287542,-0.4679888390749518,-0.11294320751403156,-0.1430011988103579,0.7264960618700049,0,0,1,0,0,0,0,1,0,0,0,0,0,1,0,0,1,0,0,0,0,0,0,1,1
1.5657893477471438,1.0299125369054378,0.1219463735109666,-1.4474977679390595,0.27891263678926564,-0.21529393607698158,0.8813412170882287,1,0,0,0,1,0,0,0,0,0,0,0,1,0,0,0,0,1,0,0,0,0,1,0,1
0.1989799258108537,-0.8710622429134944,-0.686475030460929,-0.931963105294366,-1.095030624443798,-0.0703348556663873,0.28631826108112163,0,0,1,0,0,0,1,0,0,0,0,0,1,0,0,1,0,0,0,0,0,0,1,0,0
-0.8640940690284832,1.3507693901772602,0.3695874128770951,0.8647503862671773,-0.25643291576586363,-0.21323910375157368,1.1005602008803208,1,0,0,0,1,0,0,0,0,0,0,1,0,0,0,0,0,0,1,0,0,0,1,0,1
0.25593031839153246,0.36038792709372,0.0993595686003901,-0.5258556818371939,-0.7972601750994747,-0.19082275111076014,1.3458766827429,0,0,1,0,0,1,0,0,0,0,1,0,0,0,0,0,0,1,0,1,0,0,0,0,1
0.8823846367789988,-0.5356138862207783,-0.09532144789296987,-1.045271234535403,0.9088607264522822,-0.0619287234260822,1.4276488433637597,0,0,1,0,1,0,0,0,0,0,0,0,1,0,0,0,0,0,1,1,0,0,0,0,1
-0.9020609974156024,-0.5275963396256635,-0.9526958720954829,-1.5686369788952261,1.6887455631569177,-0.1435616076263782,-1.6814330934336095,0,0,1,0,1,0,0,0,0,0,0,0,0,1,0,0,0,0,1,0,1,0,0,0,1
0.04711221226237698,-0.01685458736487547,-0.36586654194857154,1.0985740119914944,-1.6521995756830719,-0.19119635698810702,-0.5366228447415732,1,0,0,0,1,0,0,0,0,0,0,0,0,1,0,0,0,0,1,0,0,0,1,0,1
0.4742401566174677,-0.8868810287359389,-0.8835630072333092,0.8990546822759315,-1.4205198929698784,-0.07743336733597825,1.3302181839006078,0,0,1,0,1,0,0,0,0,1,0,0,0,0,1,0,0,0,0,0,0,0,1,0,0
-0.2566232148345764,0.2659965683788436,1.2667973745341088,1.0581018728619742,1.0768629725626084,-0.09517964650995565,1.2675841885314385,0,1,0,0,0,0,1,0,0,1,0,0,0,0,1,0,0,0,0,1,0,0,0,0,1
-0.826127140641364,-0.7566972713858383,-0.6407427851595449,1.0375885968648202,-1.485024757011007,-0.09163039067516017,0.6621222332961366,0,0,0,1,0,1,0,0,0,0,0,0,0,1,0,0,0,0,1,0,0,0,0,1,0
0.9962854219403563,0.5157329765216023,0.09476634354071255,1.118879383164353,1.3154034077847194,-0.17326327487545617,0.06361961087963122,1,0,0,0,0,0,0,1,0,1,0,0,0,0,1,0,0,0,0,0,0,0,1,0,1
-1.1678294961254365,-1.0300379899405405,-1.1922263518967753,1.2916482921538974,0.9671943608497113,0.08956845983808273,-1.2325561266212306,1,0,0,0,1,0,0,0,0,0,0,0,1,0,0,0,0,0,1,1,0,0,0,0,0
0.6071244059723848,-0.03092997277858967,-0.24900827556542393,1.543767542416217,0.8328753067052765,-0.14729766639984715,1.090121201652126,0,0,0,1,0,0,1,0,0,0,0,0,0,1,0,1,0,0,0,0,0,1,0,0,1
0.1989799258108537,-0.696627606083339,-0.1409433454451725,0.8735516904956859,-0.9777772612135046,-0.032974267931698054,-0.20779436905343515,0,0,1,0,0,0,1,0,0,0,0,0,0,1,1,0,0,0,0,0,1,0,0,0,1
-1.4146145306417113,-0.20155273147929995,1.090282356249744,-1.1729940982609266,-0.4056801399422646,-0.06360994987414324,-0.8393538223592242,1,0,0,0,0,0,0,1,0,0,0,0,0,1,0,1,0,0,0,0,0,0,0,1,1
-1.243763352899675,0.035009880079003124,0.33037258151174,1.3625438372386562,0.9140321479414161,-0.1189036197214833,-0.17995703777824884,1,0,0,0,1,0,0,0,0,0,0,0,1,0,0,1,0,0,0,0,0,0,0,1,1
0.23694685419797284,2.2279937519350215,1.4848169399793438,-0.8646712438307288,-1.377907379899416,-0.21660155664769573,0.4429032495040446,0,1,0,0,0,0,0,1,0,1,0,0,0,0,0,0,0,1,0,0,0,0,1,0,1
-0.6837511591896671,-0.6588946037411189,1.2687905307536986,1.3836808277086967,-0.36110248670593137,0.15196064135501375,-0.06860771267750368,1,0,0,0,0,0,1,0,0,0,0,1,0,0,0,0,0,1,0,0,0,0,0,1,1
1.3474795095212087,-0.04786357349654233,-0.33576919335933314,1.7409999190645296,0.3922357196878173,-0.15551699570147878,1.28498252057843,0,0,0,1,0,0,1,0,0,1,0,0,0,0,1,0,0,0,0,0,0,0,1,0,1
0.8444177083918797,-0.06448041641665571,-0.6881026597613552,-0.5350727957142936,0.5414484677209574,-0.1902623422947398,0.32807425799390105,1,0,0,0,1,0,0,0,0,0,0,1,0,0,0,0,0,1,0,0,0,1,0,0,1
-1.6329243688676465,0.9075716163533949,0.15489207337595104,-0.7974486839751901,0.4589470568976431,-0.20595378914330928,-0.9820201451445538,0,0,1,0,0,1,0,0,0,0,0,1,0,0,0,1,0,0,0,0,0,1,0,0,1
1.6037562761342632,1.9880626615382173,1.1560840984335028,-1.2868566403667514,1.0372154078125828,-0.20800862146871718,1.575534665763187,0,0,1,0,0,0,0,1,0,0,0,1,0,0,1,0,0,0,0,0,0,1,0,0,1
-1.651907833061206,0.9742608417443973,1.161249752442059,-1.033628564374856,0.29408213982405806,-0.17401048663014998,0.15061127111458839,1,0,0,0,0,1,0,0,0,1,0,0,0,0,0,0,1,0,0,1,0,0,0,0,1
1.1006944750049341,1.1135572402552945,1.5124866380865907,0.34769108824431705,-1.1360572349242593,-0.17401048663014998,-0.14342054047956684,1,0,0,0,0,0,0,1,0,0,1,0,0,0,0,0,0,1,0,0,0,0,0,1,1
0.322372443068991,0.6218452981469926,1.651876535505724,-1.6118118807405875,-0.018409622692666,-0.13608949007944035,-1.1664424648426632,1,0,0,0,0,0,0,1,0,0,1,0,0,0,0,0,1,0,0,0,0,0,0,1,1
-0.1237389654796593,-0.6672070308931716,0.7443214723629501,1.0429941222965027,-0.14135154956100648,0.09199689804083752,0.7334553946888015,0,0,0,1,0,1,0,0,0,0,0,0,0,1,1,0,0,0,0,0,0,0,1,0,1
-0.19967282225389765,0.5399852846464408,1.282156401873301,-1.3779882550162703,-1.0816538808585718,-0.15420937513076466,1.6868839908639321,0,0,0,1,0,0,1,0,0,1,0,0,0,0,0,0,0,0,1,0,0,0,0,1,1
0.40779803194000913,-0.6118720935299702,-0.9369092472282128,0.18018910147025816,-1.1771872738345033,-0.17083483667270138,0.7491138935310938,0,1,0,0,0,0,0,1,0,0,1,0,0,0,0,0,1,0,0,0,0,1,0,0,1
-1.3007137454803537,-0.20483616639542382,-0.6516879025314792,-1.3910169573387872,0.5491366476681363,-0.18054858948372057,1.6085914966524708,0,1,0,0,1,0,0,0,0,0,1,0,0,0,0,0,0,0,1,0,0,1,0,0,1
-0.873585801125263,-1.206927191573797,-1.3747898061831483,-1.2465924060615265,-0.5877486525030347,0.14019205621858663,0.9648532109137876,0,0,0,1,1,0,0,0,0,0,1,0,0,0,0,0,1,0,0,0,0,0,1,0,0
1.6417232045213823,1.0064148395266195,0.6751955042351002,-1.462744121720728,1.174258077274628,-0.1882075099693319,-1.3891411150441535,0,0,0,1,0,1,0,0,1,0,0,0,0,0,0,0,1,0,0,0,0,1,0,0,1
-1.5474987799966284,-1.2196961051365007,-1.6115546955205808,0.5323105722187038,-0.6299819279976272,0.13869763270919908,-0.3835175227280487,1,0,0,0,0,1,0,0,1,0,0,0,0,0,0,0,0,1,0,0,1,0,0,0,0
1.053235814521035,0.31791218542820987,0.34509710929313875,0.27915179783490696,-1.3865608918578998,-0.17755974246494546,1.20321035995757,0,0,1,0,0,0,0,1,0,0,0,0,0,1,0,0,0,1,0,0,0,0,0,1,1
-0.4844247851572915,-1.1145294349523254,-1.3630032872237055,-0.5117874553931997,-0.15617629116318998,0.014286875552683879,1.479843839504734,0,0,1,0,0,0,0,1,0,0,0,0,0,1,0,1,0,0,0,0,0,0,0,1,0
-1.4430897269320506,-0.5815249709681076,-0.9730343416164875,-0.7816479173287335,0.17262268711593595,-0.1603738721069884,-0.5609805096073612,1,0,0,0,0,0,0,1,0,0,0,1,0,0,0,0,0,0,1,0,0,0,0,1,1
1.0437440824242552,-0.9624721342627163,-1.3437545017258674,0.32731641546335993,0.33169561212169113,-0.0703348556663873,-0.3191436941541803,1,0,0,0,0,1,0,0,1,0,0,0,0,0,0,0,0,1,0,1,0,0,0,0,0
-0.921044461609162,-0.35084302339011836,-0.6070315477846142,-0.883659884449716,1.0593835679293362,-0.1463636517064799,-1.5822626007657585,0,0,1,0,0,1,0,0,1,0,0,0,0,0,0,1,0,0,0,1,0,0,0,0,1
1.4044299021018876,0.5805426079760099,1.5807643078926081,-0.6645281996422795,-0.7369269243929139,-0.13795751946617482,0.4307244170711505,1,0,0,0,0,0,1,0,1,0,0,0,0,0,0,1,0,0,0,1,0,0,0,0,1
-1.0729121751576387,2.444254900197178,1.6784358593868325,0.3222573980721699,-0.7044159212978929,-0.21118427142616575,1.1979908603434728,0,1,0,0,0,0,1,0,0,0,0,1,0,0,0,1,0,0,0,0,1,0,0,0,1
0.8064507800047604,-1.107083161661874,-1.0954444791303264,-1.504602293012218,-1.1376086613709995,-0.007382265333435886,-1.4587344432321192,0,1,0,0,0,0,0,1,1,0,0,0,0,0,0,1,0,0,0,0,0,0,1,0,0
-0.20916455435067743,0.38018467319836774,1.4797823239229406,-1.531283412130138,-1.2849252215247904,-0.13403465775403248,-0.5505415103791664,0,0,1,0,0,0,0,1,0,1,0,0,0,0,0,0,0,0,1,0,0,1,0,0,1
-1.1108791035447578,-0.608597594388299,-0.6963718442156396,-0.5767923637895866,1.2518293996116348,-0.0949928435712822,-0.983759978349253,1,0,0,0,1,0,0,0,0,0,0,0,1,0,0,1,0,0,0,0,0,0,0,1,1
1.4139216341986673,-0.9045821816663601,-0.6581156589212982,-0.3898166251398511,-0.5139007536382042,-0.012239141738945525,-0.7332239968725764,1,0,0,0,0,0,0,1,0,0,0,0,0,1,0,0,0,1,0,0,0,1,0,0,0
-0.09526376918931992,-0.4336228053989876,1.6156893705085347,-1.3578907886677072,-0.6983481200839758,0.03913166639625219,0.13147310586289782,1,0,0,0,0,1,0,0,0,0,0,0,1,0,1,0,0,0,0,1,0,0,0,0,1
-0.7027346233832267,1.994405828878995,1.533742373272666,0.808269575666905,-1.5217763257271177,-0.20632739502065617,1.6033719970383733,1,0,0,0,0,0,1,0,0,0,0,0,1,0,0,0,0,0,1,1,0,0,0,0,1
1.6891818650052812,-0.8048765021933766,-0.7306072333991821,-0.04906061811955843,-0.6933490793111465,-0.07892779084536583,0.2341232649401473,0,0,1,0,0,0,1,0,0,0,1,0,0,0,0,0,0,1,0,0,1,0,0,0,0
0.12304606903661533,-0.8143052848917053,-1.2200822618307658,0.6137399617344337,-0.8256340410031887,-0.14916569578658162,0.14713160470519013,0,0,0,1,1,0,0,0,0,0,0,0,1,0,0,0,0,1,0,1,0,0,0,0,0
1.5752810798439238,-0.12465084027936267,0.9841829954117869,0.34186975316404355,-0.9008609855984548,-0.08229024374148786,0.5838297390846752,0,0,1,0,1,0,0,0,1,0,0,0,0,0,0,1,0,0,0,0,0,0,0,1,1
0.14202953323017492,-0.07832039039306524,1.0878822927050475,-1.4778518722861995,-0.25236473086107836,-0.08677351426965056,-0.6131755057483355,0,0,0,1,0,0,0,1,0,0,0,1,0,0,0,1,0,0,0,0,0,1,0,0,1
-0.7691767480606853,-1.0777473222639302,-1.0887684403048492,-0.9567730809936267,1.6957442202388788,0.17400338811848043,1.297161353011324,0,0,0,1,0,0,1,0,0,0,0,0,1,0,0,0,0,0,1,0,0,1,0,0,0
-0.7027346233832267,1.7174310232934402,0.6525811123872283,-0.04649645861991417,-0.5601677378943212,-0.21959040366647084,1.61033132985717,1,0,0,0,0,1,0,0,0,0,0,1,0,0,0,0,0,1,0,0,1,0,0,0,1
0.4172897640367889,-0.8840727305165739,-0.06467925729214806,0.24055080212404603,1.6058993909009944,0.18110189978807142,0.4429032495040446,0,1,0,0,0,1,0,0,0,0,0,0,0,1,1,0,0,0,0,1,0,0,0,0,0
-0.22814801854423702,-0.4564749701061395,-0.9483371360028159,-1.3853342254747107,0.20844339996400263,-0.1826034218091285,1.1075195336991173,0,0,1,0,0,0,0,1,0,1,0,0,0,0,0,0,0,0,1,0,0,1,0,0,1
0.2938972467786516,-0.5396577863558393,0.2494325074871519,-0.9754152135721215,-0.5423090956851792,-0.054269802940470915,-0.15559937291246084,1,0,0,0,1,0,0,0,0,0,0,0,0,1,0,0,1,0,0,1,0,0,0,0,1
-0.5793421061250894,0.35843006809812583,0.015943566953543386,1.6290085203773639,-0.5138662774949434,-0.1814826041770878,0.5907890719034717,0,0,0,1,1,0,0,0,0,0,0,0,1,0,1,0,0,0,0,0,1,0,0,0,1
-0.6362924987057682,0.343126167762247,0.49812185047050417,1.5104334689208414,0.5492400760979189,-0.14599004582913305,1.2310476912327564,0,1,0,0,1,0,0,0,0,0,0,1,0,0,0,0,1,0,0,1,0,0,0,0,1
-1.2722385491900143,1.441742352968762,0.5159361152289833,-0.1855847860735907,-1.2185586457475737,-0.22052441835983808,-1.4639539428462167,1,0,0,0,0,0,1,0,1,0,0,0,0,0,1,0,0,0,0,0,0,0,0,1,1
0.8634011725854392,2.0343142301052084,1.7209680199619548,1.733792551822286,1.3307108153925555,-0.18615267764392396,0.42898458386645133,0,0,1,0,1,0,0,0,0,0,0,0,0,1,1,0,0,0,0,0,0,0,1,0,1
0.597632673875605,1.4529342564056476,1.5749710510605825,-0.08752301061422234,-1.1219564923305545,-0.18802070703065843,-0.9263454825941814,1,0,0,0,0,0,0,1,0,0,0,0,0,1,0,0,1,0,0,0,0,0,1,0,1
1.328496045327649,-0.6028509670247751,-0.4567241199308418,1.072655210562658,1.0745185948208678,-0.05389619706312401,0.9161378811822116,0,0,1,0,0,1,0,0,1,0,0,0,0,0,0,0,0,0,1,0,0,1,0,0,1
-0.47493305306051165,-1.2749946831415844,-1.5997957634984332,-1.3415356091564627,-1.010529597311352,0.20594669063163973,-0.28434703006019746,0,1,0,0,0,1,0,0,0,0,1,0,0,0,0,0,0,1,0,0,0,0,1,0,0
-1.7088582256418847,0.6772270712935321,0.5435092590556962,-0.29404180274773306,0.23078394079706058,-0.17924096891300648,-0.16777820534535487,0,1,0,0,0,0,1,0,0,0,0,1,0,0,0,0,0,1,0,0,0,0,0,1,1
0.1515212653269547,-0.006450572730592197,-0.5156843016653513,-0.1897428825595003,0.9489909572079605,-0.17662572777157823,-1.370002949792463,0,1,0,0,0,0,0,1,0,0,0,0,1,0,0,0,0,1,0,1,0,0,0,0,1
-1.566482244190188,-0.11720025316676178,-0.6148386510392012,1.6733615495603997,1.1432295483398254,-0.15701141921086634,1.5181201700081153,0,0,1,0,0,0,1,0,0,0,0,1,0,0,0,0,1,0,0,0,1,0,0,0,1
-0.503408249350851,0.8274047780465461,0.9786380210154194,0.19709869384629058,1.6658878801749464,-0.15738502508821325,0.10363577458771152,0,0,1,0,1,0,0,0,0,1,0,0,0,0,0,0,1,0,0,0,1,0,0,0,1
-0.11424723338287951,0.3605173417582068,-0.3483695269689891,-1.1727168918285324,-1.4621325978857749,-0.22295285656259287,-0.09644504395268998,0,0,0,1,1,0,0,0,1,0,0,0,0,0,1,0,0,0,0,0,0,0,1,0,1
-0.7976519443510246,-0.803236633516236,0.6226423886874382,-0.6930804621788588,0.3165261090868987,0.16092718241133916,1.1562348634306934,0,1,0,0,0,0,0,1,0,0,1,0,0,0,0,1,0,0,0,0,0,1,0,0,0
-1.3196972096739132,1.3509333154189436,0.6076006111271428,-1.0853968656244306,-1.654337096565247,-0.22071122129851153,0.255001263396537,0,0,0,1,0,0,0,1,0,1,0,0,0,0,1,0,0,0,0,0,0,0,0,1,1
0.8539094404886595,0.7541881234829491,-0.033678436506486546,0.2921111985493252,-0.2751879376997888,-0.20838222734606407,-0.04598988101641481,0,0,0,1,0,1,0,0,0,0,0,0,0,1,0,1,0,0,0,0,0,0,1,0,1
1.5373141514568045,-0.18645373769552537,0.1207601352072661,0.3333456553679289,-0.3203861615148181,-0.12581532845240084,-0.9072073173424908,1,0,0,0,1,0,0,0,0,0,0,0,1,0,0,0,1,0,0,1,0,0,0,0,1
-0.18068935806033806,0.3326143075742247,0.1578438756665546,-0.6167793916624175,0.567409003596409,-0.17288966899810929,-1.150783966000371,0,0,1,0,1,0,0,0,0,0,0,1,0,0,1,0,0,0,0,0,1,0,0,0,1
0.6166161380691646,1.5013593750757108,1.3154469384544774,0.8526226048499409,1.221766202688137,-0.1809221953610675,-1.6170592648597415,0,1,0,0,1,0,0,0,0,0,0,1,0,0,0,1,0,0,0,0,0,0,0,1,1
0.6166161380691646,-0.6554050297522767,-0.9478750548031186,-0.03409147077028383,-0.1331807036081751,-0.14057276060760307,0.18018843559447384,0,0,0,1,0,1,0,0,0,0,1,0,0,0,0,0,0,1,0,0,1,0,0,0,1
-1.2342716208028952,2.439255488455989,1.6739598788106602,-1.5199179484019851,-0.7424775834579175,-0.21529393607698158,1.6207703290853648,1,0,0,0,0,0,1,0,0,1,0,0,0,0,0,1,0,0,0,0,1,0,0,0,1
-0.33255707160881476,-0.8185614867025555,-0.8281201600039582,-0.08641418488464644,0.8825899052874826,-0.03745753845986074,-0.007713550513033657,0,0,0,1,0,0,1,0,1,0,0,0,0,0,0,0,0,0,1,1,0,0,0,0,0
1.3190043132308693,0.9938708609759997,0.37990492742556,0.5284989837732866,1.7251868465836804,-0.18727349527596465,-1.6657745945913172,0,1,0,0,1,0,0,0,0,0,0,0,0,1,0,0,1,0,0,0,1,0,0,0,1
1.4044299021018876,0.2774768816394426,1.5591361490530455,0.12453991016716787,0.7476158044210909,-0.08976236128842571,-0.5609805096073612,0,0,1,0,0,1,0,0,1,0,0,0,0,0,0,0,0,0,1,0,0,0,0,1,1
0.04711221226237698,-0.9510004486464164,-1.2057508479058259,1.19906134373431,1.7096381059730181,0.03576921350013017,0.8430648865848476,0,0,0,1,0,1,0,0,0,1,0,0,0,0,0,0,1,0,0,0,0,0,0,1,0
1.7271487933924003,-0.05254037296697477,-0.7135033322760586,1.1375215157428478,-1.1911845879984255,-0.2048329715112686,-1.0498736401278206,1,0,0,0,0,0,0,1,0,1,0,0,0,0,1,0,0,0,0,0,0,0,1,0,1
-0.7122263554800065,-1.0086552979356216,-1.4428536772251266,-1.4553288496541892,1.3425361325310414,-0.057071847020572615,-1.0811906378124052,0,0,0,1,0,0,1,0,0,0,0,0,0,1,0,0,0,0,1,0,1,0,0,0,0
0.1705047295205143,0.3221329522714029,0.05858607527784708,-0.39730119881448844,-0.24881368810520652,-0.18428464825718952,0.06709927728902951,1,0,0,0,0,1,0,0,0,0,0,1,0,0,0,0,0,0,1,0,1,0,0,0,1
-0.39899919628627334,-0.6613534823663693,-0.8243959234690844,-1.4739709822326839,-1.2618606816832538,-0.17027442785668104,0.29153776069521903,1,0,0,0,0,1,0,0,0,0,1,0,0,0,0,0,0,0,1,1,0,0,0,0,1
1.5657893477471438,-0.7452644101688845,-1.155694350183394,0.6970404946688229,-0.6525982779767723,-0.15103372517331606,0.15757060393338496,0,0,0,1,1,0,0,0,0,0,0,0,1,0,0,0,1,0,0,0,0,0,0,1,0
0.21796339000441325,0.2137453975922721,0.9492372425928889,0.2011181871160032,-0.8116712029825275,-0.13085900779658388,0.5542525746047897,0,0,1,0,0,1,0,0,0,1,0,0,0,0,0,1,0,0,0,1,0,0,0,0,1
-0.06678857289898053,2.5223739055035987,1.6160548974276983,0.9664158453476672,-1.4076258153903047,-0.21585434489300193,0.5994882379269674,0,0,0,1,1,0,0,0,0,1,0,0,0,0,0,0,0,1,0,1,0,0,0,0,1
1.6796901329085014,-0.8869864092484495,-1.0454017748765423,0.9014109369512804,0.07343482295435,-0.05090735004434889,1.7390789870049064,0,1,0,0,1,0,0,0,1,0,0,0,0,0,1,0,0,0,0,0,1,0,0,0,0
-0.33255707160881476,-1.02779757559415,-0.8736179163383316,1.3683651723189298,-1.4047642954996507,0.04436214867910873,0.7926097236485724,0,1,0,0,0,0,0,1,0,0,0,1,0,0,0,0,1,0,0,0,0,0,0,1,0
1.3000208490373097,-0.45659021078356354,-0.40317787464054683,-0.5546158491980687,1.5091593329109318,-0.09667407001934321,-0.4304930192549255,0,0,1,0,1,0,0,0,0,0,0,0,0,1,1,0,0,0,0,0,0,0,0,1,1
0.7779755837144211,0.46961143887940515,0.8119439524082028,-0.46771163264255783,1.2299025724977075,-0.14486922819709236,-1.6762135938195122,0,0,1,0,0,0,1,0,0,1,0,0,0,0,0,0,1,0,0,1,0,0,0,0,1
0.6071244059723848,-0.23490350677787197,-0.5877068982092141,0.2964078982514318,0.2627433255999074,-0.1641099308804573,-1.3491249513360732,0,0,1,0,1,0,0,0,0,0,0,0,1,0,1,0,0,0,0,0,0,0,1,0,1
-1.5854657083837476,0.6493135606843295,1.2470175404933352,0.38220328907736684,-0.2084421243467021,-0.14860528697056127,-0.09818487715738912,1,0,0,0,0,0,0,1,0,0,0,0,0,1,0,0,0,0,1,0,0,0,0,1,1
0.5691574775852656,-0.9521420708652827,-1.142625038639717,-1.1412539617518165,1.5133309462454998,-0.010557915290884486,0.9857312093701772,0,0,1,0,0,0,1,0,0,0,0,1,0,0,1,0,0,0,0,0,0,1,0,0,0
-1.5380070478998484,-0.6698526363914673,-0.8831629966425264,-0.6531627359141265,1.6868838514208295,-0.08994916422709914,-0.04251021460701653,0,0,1,0,0,0,1,0,0,0,0,0,0,1,0,0,0,0,1,0,0,1,0,0,1
-1.5190235837062889,0.49745469581360047,1.020418437549243,-1.0870601042187946,1.2252138170142262,-0.14038595766892964,0.279358928262325,0,0,0,1,0,0,0,1,0,0,0,0,0,1,0,0,0,0,1,0,0,1,0,0,1
0.9773019577467967,0.7606847396401897,-0.028485195560634908,1.3918584174643192,-0.1302847075742602,-0.20296494212453414,-1.0864101374265025,0,1,0,0,0,0,0,1,0,0,1,0,0,0,0,0,1,0,0,1,0,0,0,0,1
-0.04780510870542095,-1.3185947917373626,-1.689253304412964,0.5373695896098938,-0.8736248324223502,19.18867451568857,0.7786910580109793,0,0,0,1,0,1,0,0,0,0,0,1,0,0,0,1,0,0,0,0,0,0,1,0,0
0.7210251911337423,0.9933162266996275,0.37940836255424354,-1.3948285457842042,1.1409196467413456,-0.198294868657698,-1.1994992957319468,1,0,0,0,0,0,0,1,1,0,0,0,0,0,0,0,0,1,0,0,1,0,0,0,1
0.3033889788754314,-0.9849875127120489,-0.8580795739067197,-0.5006298964893423,1.7076729658071474,0.11366603892695729,-0.8532724879968173,0,0,0,1,0,1,0,0,0,0,0,0,0,1,0,0,0,1,0,0,0,0,1,0,0
-0.7596850159639055,0.486158952514972,0.06598627120732757,0.12370829086998594,-0.6054004378526113,-0.19493241576157597,0.23238343173544815,0,0,1,0,0,0,0,1,0,0,0,0,0,1,0,0,0,0,1,0,1,0,0,0,1
1.4044299021018876,-1.1117100440474328,-1.4889859331172934,1.5215217262166005,1.3478454585932187,0.16092718241133916,-0.7662808277618601,0,0,1,0,0,0,1,0,0,1,0,0,0,0,0,0,0,0,1,0,1,0,0,0,0
-0.4274743925766127,-1.235336791730199,-1.5018138589596361,1.0567158407000043,-0.7959500816555608,0.3451148799433572,0.0949366085642158,1,0,0,0,0,1,0,0,0,0,1,0,0,0,0,0,1,0,0,0,0,0,0,1,0
-0.18068935806033806,0.18494847783287,0.41372651254967213,0.8646810846590788,-0.7120351489585499,-0.15271495162137708,-1.0516134733325198,0,1,0,0,0,0,1,0,0,0,1,0,0,0,1,0,0,0,0,1,0,0,0,0,1
1.4139216341986673,1.2297244650510069,1.0259289282739914,-0.48344309768091587,1.399111483622165,-0.1814826041770878,-0.002494050898936226,0,0,1,0,0,0,1,0,0,0,1,0,0,0,0,0,0,0,1,1,0,0,0,0,1
-1.4335979948352708,-0.5816448335978347,-0.6586673976672054,0.9190135454082977,1.266412808210992,-0.08098262317077372,-0.9002479845236943,0,1,0,0,0,1,0,0,0,0,1,0,0,0,0,1,0,0,0,0,0,0,0,1,1
0.9962854219403563,0.8387085327291667,0.40907121688108006,1.332744145756304,1.6434439109121057,-0.17587851601688442,-1.4256776123428354,0,0,0,1,0,1,0,0,0,1,0,0,0,0,0,0,0,0,1,0,0,1,0,0,1
-0.33255707160881476,2.9855040026996695,1.7499825812623504,-0.948526189629906,0.2632604677488207,-0.21902999485045052,0.4985779120544171,0,0,1,0,0,0,0,1,0,0,0,0,0,1,0,0,0,1,0,0,0,1,0,0,1
-0.6362924987057682,-0.5446645932207133,-0.7782567708425938,-1.173617812733813,0.009860814781265348,-0.15346216337607088,0.6690815661149332,1,0,0,0,0,1,0,0,1,0,0,0,0,0,0,1,0,0,0,0,0,0,0,1,1
-0.37052399999593394,1.2955401414567231,0.9693481198812067,0.7679360397535818,-1.145710555037309,-0.19848167159637142,1.1910315275246763,0,0,1,0,0,1,0,0,1,0,0,0,0,0,0,1,0,0,0,1,0,0,0,0,1
-0.3895074641894935,-0.0882224610072316,0.6061040197788695,-1.6213755026581798,0.1371812118437391,-0.11329953156127993,0.7090977298230134,1,0,0,0,0,1,0,0,0,1,0,0,0,0,0,0,0,0,1,0,0,0,1,0,1
0.1325378011333951,0.7633864248264297,0.10180101255102951,1.2600467588609843,0.32193886357885876,-0.19474561282290248,-0.825435156721631,1,0,0,0,1,0,0,0,1,0,0,0,0,0,0,0,0,1,0,0,0,0,1,0,1
-1.2057964245125559,0.6386818378665802,0.3010683573697432,1.5888135876802376,0.10629058748197996,-0.18036178654504714,-0.6410128370235219,0,1,0,0,1,0,0,0,0,0,0,0,0,1,0,0,0,0,1,0,0,0,0,1,1
0.43627322823034853,-1.2327799277161229,-1.5520565685088117,-1.5561626894374971,1.654545229042113,0.4979196837782362,1.3545758487663957,0,0,1,0,0,0,0,1,0,0,0,0,0,1,1,0,0,0,0,0,0,0,0,1,0
1.1576448675856128,-1.2112533389295006,-1.420791024123162,-1.1878246423940042,1.0354916006495383,0.3751901530697821,-1.3734826162018612,1,0,0,0,0,0,1,0,0,0,0,0,1,0,0,0,0,1,0,0,1,0,0,0,0
1.4234133662954471,1.008011878112418,1.050839932651702,0.43417949515123694,-1.0473156421707235,-0.18409784531851608,-1.6849127598430078,0,1,0,0,0,0,1,0,0,0,0,0,1,0,0,1,0,0,0,0,0,1,0,0,1
-0.0003464482215219856,-0.4442089249540131,-0.0578859739831655,0.32066346108590454,-1.0506253519237692,-0.10713503458505619,-1.0759711381983077,0,0,1,0,0,1,0,0,0,1,0,0,0,0,0,0,0,0,1,1,0,0,0,0,1
-1.2817302812867941,-0.7791433205506243,-1.0190631464937967,1.5362829687415795,-1.6346167426200169,-0.13851792828219517,-1.1246864679298838,1,0,0,0,0,0,0,1,0,1,0,0,0,0,1,0,0,0,0,0,0,0,0,1,0
-1.566482244190188,1.3769949638053696,1.05221927951647,-0.8922532838539292,-1.5282233645169045,-0.2061405920819827,-0.5035660138522895,1,0,0,0,0,0,0,1,0,0,0,0,0,1,0,0,1,0,0,1,0,0,0,0,1
-1.6329243688676465,-1.2706078341456333,-1.5330974458525752,1.2434836745254445,1.7096036298297572,1.619858133450954,0.004465281919860347,0,1,0,0,1,0,0,0,0,1,0,0,0,0,0,1,0,0,0,0,0,0,0,1,0
-0.9495196578995013,2.0302438307769433,1.4327603893029983,1.474396632709625,-1.2893726440054456,-0.2068878038366765,-1.1855806300943539,0,0,0,1,0,1,0,0,0,0,1,0,0,0,0,0,1,0,0,0,0,0,0,1,1
0.06609567645593657,-0.3110458571493328,-0.8553208801771837,-1.0893470572860449,-1.6928469485876634,-0.21996400954381776,1.3719741808133872,0,0,1,0,1,0,0,0,0,0,0,0,0,1,0,0,0,0,1,0,0,1,0,0,1
0.1705047295205143,0.8079038368892969,1.7104918805240417,-1.5502027511410268,-1.3939043103724698,-0.15813223684290703,0.7978292232626698,1,0,0,0,0,1,0,0,0,1,0,0,0,0,0,0,1,0,0,0,0,0,1,0,1
-0.09526376918931992,-0.09223554812693856,-0.3176169886189858,1.200031566247689,0.29208252351492636,-0.1543961780694381,-1.0864101374265025,0,0,1,0,0,0,1,0,1,0,0,0,0,0,1,0,0,0,0,0,0,1,0,0,1
0.22745512210119306,0.7373284740018461,-0.10387339845453167,-0.733691204524576,0.5238656346579026,-0.20819542440739064,-0.12428237522787626,1,0,0,0,0,1,0,0,0,0,1,0,0,0,0,0,0,1,0,0,0,0,0,1,1
-0.7312098196735661,-0.887849789938669,-0.8853699516261553,1.1443130733365001,0.30225298577688947,-0.006074644762721803,-1.3369461189031793,0,1,0,0,0,0,1,0,0,0,1,0,0,0,0,1,0,0,0,0,1,0,0,0,0
0.06609567645593657,1.3649288951228908,0.7121137230706165,1.616950040568226,1.3548441156751798,-0.19063594817208668,0.6029679043363657,1,0,0,0,0,0,1,0,1,0,0,0,0,0,1,0,0,0,0,0,1,0,0,0,1
0.597632673875605,-0.8352784719225693,-0.9165500875042366,0.9016188417755758,-0.14235135771557234,-0.062302329303429105,-0.09296537754329169,0,0,0,1,1,0,0,0,0,1,0,0,0,0,0,0,0,1,0,0,0,0,0,1,0
-1.3766476022545922,-0.6902622533715065,-0.7518560718509336,0.9684255919825235,-1.2466222263619395,-0.12226607261760536,1.4032911784979718,1,0,0,0,0,0,0,1,0,0,1,0,0,0,1,0,0,0,0,0,0,0,1,0,1
-0.5413751777379702,0.1128019592925179,0.4464515169162937,0.25551994947332063,-1.5890392812291179,-0.15738502508821325,-0.5522813435838655,1,0,0,0,0,0,0,1,0,0,0,0,0,1,0,0,0,0,1,0,1,0,0,0,1
-1.386139334351372,-0.5363835953443217,1.2323481865865273,1.349307230091844,1.6805747172040864,0.12151176235124199,1.492022671937628,1,0,0,0,0,1,0,0,0,1,0,0,0,0,0,0,0,1,0,0,1,0,0,0,1
0.2938972467786516,0.05725133082183846,0.510384244098292,1.500107529314166,-1.1490202647903547,-0.13515547538607314,0.31763525876570614,0,0,1,0,0,0,0,1,0,0,1,0,0,0,0,0,0,0,1,0,1,0,0,0,1
-1.4146145306417113,-0.6945572795817027,-1.1532942866386977,1.7381585531324912,1.3091287497112372,-0.0963004641419963,-0.4705091829630058,0,0,1,0,1,0,0,0,0,0,0,1,0,0,0,0,1,0,0,1,0,0,0,0,1
0.06609567645593657,-0.9721042828623815,-0.13329486708003377,-0.21843374831227663,-1.3017495794361058,0.13458796805838324,0.7438943939169963,0,1,0,0,0,1,0,0,0,0,0,0,1,0,0,0,1,0,0,0,1,0,0,0,0
1.2715456527469704,0.03817129545432509,1.6864636581397825,1.51417575575816,0.6006784818431696,-0.0389519619692483,-1.382181782225357,0,0,1,0,0,0,1,0,0,0,0,1,0,0,0,1,0,0,0,0,0,0,0,1,1
-0.39899919628627334,-0.20929573410761046,0.22087313065212982,0.5218460293958312,-0.8886219547408382,-0.12189246674025846,-1.2412552926447262,1,0,0,0,0,0,0,1,0,0,0,0,0,1,0,0,0,0,1,0,0,0,1,0,1
0.7495003874240816,-0.5558993267489407,-0.791491604010043,-1.5942785738916687,0.015101188556920915,-0.1571982221495398,-0.6270941713859287,0,1,0,0,1,0,0,0,0,0,1,0,0,0,0,0,0,1,0,0,1,0,0,0,1
0.9108598330693382,0.6874955086602577,-0.027547239692592648,-0.4588410268059507,-1.463373739043167,-0.21828278309575672,0.7038782302089162,0,0,0,1,0,1,0,0,0,1,0,0,0,0,0,0,0,0,1,0,0,1,0,0,1
-0.503408249350851,-0.8656191237512076,-1.0135181720974291,-0.49016535366646974,0.3002533694677577,-0.07369730856250932,0.7073578966183144,0,1,0,0,0,1,0,0,0,0,1,0,0,0,1,0,0,0,0,0,0,0,1,0,0
-1.6803830293515454,0.9110769049800677,1.082682155024872,0.2858047522123623,0.6983493957012764,-0.1656043543898449,-0.4078751875938366,0,1,0,0,0,0,1,0,0,1,0,0,0,0,0,0,1,0,0,0,0,1,0,0,1
-1.0824039072544185,-1.1275738168722942,-1.3325059280436842,0.2986948513186821,-1.6787806821372193,-0.04866571478026752,-0.4757286825771032,1,0,0,0,0,1,0,0,0,0,1,0,0,0,0,0,0,0,1,0,0,0,1,0,0
1.5657893477471438,-0.8486944588077077,-1.1893228267464386,0.46328617055260424,-1.0906176781064039,-0.14524283407443922,1.3528360155616965,1,0,0,0,0,0,1,0,0,0,0,0,1,0,0,0,0,1,0,0,1,0,0,0,0
-1.329188941770693,1.0515204720525948,0.8359928649954335,-0.9570502874260207,-1.3532914136111391,-0.20072330686045278,0.7786910580109793,0,1,0,0,1,0,0,0,0,0,0,1,0,0,0,0,1,0,0,0,0,0,0,1,1
1.5942645440374834,-0.8645403600836635,-0.5585337120193702,-0.46272191685946634,0.49659500533853707,0.016902116694112096,-1.6361974301114317,0,0,0,1,0,0,0,1,1,0,0,0,0,0,1,0,0,0,0,0,0,0,0,1,0
-0.19967282225389765,0.052007263738738596,0.11482894368876356,-0.29023021430231594,0.9303048875605571,-0.14412201644239858,0.1593104371380841,0,1,0,0,0,1,0,0,0,0,0,1,0,0,1,0,0,0,0,0,0,0,0,1,1
0.7779755837144211,-0.4151682742431607,-0.2448978219084152,0.4323776533406761,0.3041836497994994,-0.10433299050495452,0.5873094054940735,0,0,1,0,0,0,1,0,0,0,0,1,0,0,1,0,0,0,0,0,1,0,0,0,1
0.9867936898435765,0.9834147723457681,1.5307078101701763,0.7088217680455668,0.14542101008309227,-0.1558906015788257,1.2936816866019256,0,1,0,0,0,0,0,1,0,1,0,0,0,0,0,0,0,1,0,1,0,0,0,0,1
0.39830629984322935,0.7205255204689944,0.06490348391848466,0.42648701665230415,0.9971196532001655,-0.19213037168147426,-0.8080368246746397,1,0,0,0,1,0,0,0,0,0,0,1,0,0,0,0,1,0,0,0,1,0,0,0,1
-0.04780510870542095,-1.285071463552808,-1.62029975464321,0.14269693148897317,-0.7436842484720487,0.7771900770950383,-1.3021494548091963,0,0,0,1,1,0,0,0,0,0,0,1,0,0,0,0,1,0,0,0,0,0,0,1,0
1.6796901329085014,-1.206843380172034,-1.5332629674763474,0.841118537905591,1.0630725152582516,0.4190888436580419,-0.8776301528626054,0,0,1,0,1,0,0,0,1,0,0,0,0,0,0,0,0,1,0,0,1,0,0,0,0
0.9962854219403563,-0.04897407456990104,1.153566790405301,0.4948877038455173,-1.5308090752614714,-0.09106998185913982,1.1301373653602063,0,0,0,1,0,1,0,0,0,0,1,0,0,0,0,1,0,0,0,0,0,0,0,1,1
0.7305169232305221,2.328594549504039,1.4492366876026526,0.5392407330285531,-0.46370348905034564,-0.21211828611953298,-0.2982656956977906,1,0,0,0,0,1,0,0,1,0,0,0,0,0,0,1,0,0,0,0,0,0,0,1,1
-0.22814801854423702,0.28850270292356994,1.5815712258084975,0.10769961939923393,-1.5960724144543397,-0.11423354625464717,0.06361961087963122,1,0,0,0,1,0,0,0,1,0,0,0,0,0,1,0,0,0,0,0,0,0,1,0,1
-1.6329243688676465,-0.5472769206624266,-0.11905311070130385,-0.22758156058127776,0.6985562525608418,-0.05669824114322571,1.4659251738671408,0,1,0,0,0,0,0,1,0,0,0,0,1,0,0,1,0,0,0,0,0,1,0,0,1
1.6322314724246025,-0.7118658746965136,-0.6444187445541517,-0.008103367733348757,-0.8585932339606014,-0.10414618756628106,1.4607056742530433,1,0,0,0,0,1,0,0,0,0,1,0,0,0,0,1,0,0,0,1,0,0,0,0,0
-0.6362924987057682,-0.9229297916589084,-0.5802170447335236,1.435379827350173,0.16238327256745108,0.08377756873920586,1.213649359185765,1,0,0,0,0,1,0,0,0,0,0,0,0,1,0,0,1,0,0,0,0,1,0,0,0
1.518330687263245,-1.0225177654132396,-1.2999119616292156,1.4504875779156445,-1.5053312053916723,-0.0845318790055692,0.45160241552754027,1,0,0,0,1,0,0,0,0,1,0,0,0,0,0,1,0,0,0,0,0,1,0,0,0
0.9773019577467967,0.6503035828676541,0.6294494654650684,0.28920053100918847,1.4533424569715478,-0.16112108386168217,-1.1664424648426632,1,0,0,0,0,0,1,0,0,0,0,1,0,0,1,0,0,0,0,0,0,0,1,0,1
1.1766283317791724,-0.2577051381398433,0.006846774380398217,-0.4733250628985358,-1.3237798349798156,-0.14542963701311268,0.5716509066517812,1,0,0,0,0,1,0,0,0,0,0,0,0,1,0,0,0,0,1,0,0,0,1,0,1
-1.101387371447978,1.6190946742227892,1.5975785461741305,-0.793359889097379,-0.7350652126568257,-0.19325118931351493,0.618626403178658,0,0,1,0,0,0,0,1,0,0,0,0,1,0,0,1,0,0,0,0,0,0,1,0,1
-0.19018109015711784,-0.8726737636165095,-1.2912151796468532,-0.48801700381541646,1.7025015443180136,-0.0695876439116935,0.28457842787642246,0,1,0,0,0,0,0,1,0,1,0,0,0,0,1,0,0,0,0,0,0,0,0,1,0
-0.5413751777379702,-0.7803271566005255,-1.2271307243097305,-1.300994168418844,-1.0030482742237383,-0.19437200694555562,0.35069208965498994,0,0,0,1,1,0,0,0,0,0,1,0,0,0,0,0,0,0,1,1,0,0,0,0,0
-1.2247798887061154,-0.6181789015126301,-1.0087042515393887,-1.4838811121907685,-0.3858563575672518,-0.17905416597433302,-0.8811098192720036,0,0,0,1,1,0,0,0,0,0,0,0,0,1,0,0,0,0,1,0,0,0,1,0,1
0.09457087274627594,-0.8693367140536696,-1.098230759797158,1.150342313241069,-1.5957621291649917,-0.12749655490046186,-0.8132563242887371,0,0,0,1,1,0,0,0,0,0,1,0,0,0,0,0,0,1,0,1,0,0,0,0,0
-1.1393542998350972,-0.3388358075669657,0.1386571607776313,1.6168807389601276,-1.4185892289472684,-0.10582741401434208,-0.3000055289024897,0,0,0,1,0,1,0,0,0,0,1,0,0,0,0,1,0,0,0,1,0,0,0,0,1
1.432905098392227,-0.2423349898209534,-0.5430436467280252,1.4959494328282563,-0.0982908466281525,-0.1560774045174991,1.7077619893203217,0,0,1,0,1,0,0,0,0,0,0,1,0,0,1,0,0,0,0,0,1,0,0,0,1
1.4044299021018876,0.24443362023410367,0.05915850422672581,0.2150478103438004,1.2923388679431829,-0.15906625153627427,-0.19561553662054115,0,0,0,1,0,0,1,0,0,0,0,0,1,0,0,0,0,1,0,0,0,1,0,0,1
-0.8451106048349236,-0.0375427540037149,-0.32476890211280807,-1.3375854174948487,-0.8965169915475825,-0.1926907804974946,0.17148926957097813,0,1,0,0,0,0,1,0,0,0,0,0,1,0,1,0,0,0,0,0,0,1,0,0,1
1.2810373848437502,-0.7627945508640908,-1.0680575471303573,-0.3361078788635186,-0.379409318777465,-0.14075956354627653,-1.530067604624784,0,0,0,1,0,0,0,1,1,0,0,0,0,0,0,0,0,0,1,0,0,0,0,1,0
1.556297615650364,-0.534200185076336,-0.22573869395678725,-0.4140721879743239,-1.3159192743163324,-0.11684878739607542,-0.6444925034329201,1,0,0,0,0,0,1,0,0,0,0,0,0,1,0,0,0,1,0,1,0,0,0,0,1
1.7366405254891801,-1.281741192853346,-1.584105692911697,0.7549766390391636,0.7002800597238863,1.520105364199334,-1.5718236015375637,0,1,0,0,1,0,0,0,0,1,0,0,0,0,0,1,0,0,0,0,0,0,1,0,0
-0.8071436764478044,0.7574459835963291,0.030440502502255395,-0.3383948319307689,-1.0394206053639794,-0.21473352726096126,-0.36089969106695974,0,0,1,0,0,0,0,1,0,0,0,0,0,1,0,0,1,0,0,1,0,0,0,0,1
1.5657893477471438,0.27416818005072846,0.09243524733925457,-1.0140162092829823,1.240900462197932,-0.16672517202188558,-0.3974361883656418,0,0,0,1,0,1,0,0,0,0,0,0,0,1,0,1,0,0,0,1,0,0,0,0,1
0.967810225650017,-1.0449234495279118,-1.3675758220804113,0.20569209325050378,-1.4253465530264031,-0.12058484616954435,0.018383947557453494,1,0,0,0,0,0,0,1,0,0,0,0,0,1,0,1,0,0,0,0,0,0,1,0,0
-1.6708912972547656,1.5172810763694378,0.9543684129298259,0.0020146670490312994,-0.7537168061609683,-0.20632739502065617,-1.5370269374435808,1,0,0,0,1,0,0,0,0,1,0,0,0,0,0,0,1,0,0,0,0,0,1,0,1
0.4837318887142475,1.2630111492776426,0.30185458508266094,-1.150332472412719,-1.00928845615396,-0.22407367419463356,-1.1925399629131503,0,0,1,0,0,0,0,1,0,0,1,0,0,0,0,0,1,0,0,0,0,0,1,0,1
0.6640747985530635,0.8053207818121698,-0.05139614698443191,0.8117346560718297,-1.2491734609632457,-0.21678835958636916,-0.8045571582652413,0,0,1,0,1,0,0,0,0,0,1,0,0,0,0,0,1,0,0,0,0,0,1,0,1
-1.5190235837062889,2.6194071721549284,1.457333453698841,-0.1275100384870531,-0.5783366653928111,-0.21996400954381776,-0.03033138217412252,0,1,0,0,0,0,0,1,0,1,0,0,0,0,0,0,0,0,1,0,1,0,0,0,1
0.8159425121015402,1.6601770513339908,1.0876340102693893,1.162955205914995,-0.5718551504597635,-0.20259133624718725,0.18366810200387212,0,0,1,0,0,0,0,1,1,0,0,0,0,0,0,1,0,0,0,1,0,0,0,0,1
-0.9969783183834003,1.3327955420609559,0.5919864046179687,0.8147146252200649,1.7011569747308388,-0.19362479519086181,-0.8028173250605423,1,0,0,0,0,1,0,0,0,0,0,0,0,1,0,0,0,0,1,0,0,0,0,1,1
-0.7217180875767862,-0.07727120722026101,-0.4823179010066126,0.09266117044186084,0.6355683388231923,-0.16990082197933415,-1.0498736401278206,0,1,0,0,0,1,0,0,0,0,0,0,0,1,0,0,0,0,1,0,0,0,1,0,1
0.8539094404886595,0.31436067727850603,0.7472112040446391,1.0269854508257505,0.8258076973367937,-0.13029859898056353,0.4272447506617522,0,0,1,0,0,0,1,0,0,0,0,0,0,1,1,0,0,0,0,0,0,0,0,1,1
-0.6362924987057682,1.4218100295965566,0.6686160196901567,-0.8815115345986627,0.8774184837983489,-0.20464616857259513,0.3628709220878839,0,0,1,0,1,0,0,0,0,0,0,0,1,0,1,0,0,0,0,0,0,0,0,1,1
-1.186812960318996,-0.40369566423640024,-0.7150275105616272,0.6203929161118891,0.5684777640374966,-0.1430011988103579,-1.624018597678538,0,1,0,0,0,0,0,1,0,1,0,0,0,0,1,0,0,0,0,0,0,0,1,0,1
0.8349259762950998,-0.965861565951658,-0.9707791094925917,0.23722432493531834,1.3428808939636503,0.06509727487186126,-1.5213684386012885,0,0,1,0,0,0,1,0,0,0,1,0,0,0,1,0,0,0,0,0,1,0,0,0,0
-1.00647005048018,-0.26935862054673193,-0.7118619095069846,-0.9372300275098515,-0.8774516843243092,-0.1975476569030042,-0.5296635119227766,0,1,0,0,1,0,0,0,0,1,0,0,0,0,0,1,0,0,0,0,0,0,0,1,1
1.613248008231043,1.2316527435518612,1.0279841551024957,-0.2893292933970355,0.4020269443739106,-0.1874602982146381,1.5598761669208947,0,0,0,1,1,0,0,0,0,0,0,0,1,0,0,0,0,1,0,1,0,0,0,0,1
1.0912027429081543,-0.04398298234285764,-0.011553712795607322,-0.6649440092908704,-1.5842126211725929,-0.1762521218942313,0.13321293906759696,0,0,1,0,0,0,0,1,0,1,0,0,0,0,1,0,0,0,0,0,1,0,0,0,1
1.3190043132308693,2.8074990617804443,1.7298992909113278,-0.4278632079859241,0.5973342959468632,-0.21379951256759402,-0.9750608123257575,0,0,1,0,0,1,0,0,0,0,0,1,0,0,1,0,0,0,0,1,0,0,0,0,1
0.12304606903661533,0.551605488996747,1.5309422991371868,-0.5239845384185347,-0.049300247054425136,-0.1310458107352573,0.7456342271216955,0,0,1,0,0,0,1,0,0,0,1,0,0,0,0,1,0,0,0,0,1,0,0,0,1
-0.6362924987057682,2.054525103136214,1.2132994063840807,1.713556482257526,-0.2794285033208785,-0.20744821265269683,0.8691623846553347,0,0,0,1,0,1,0,0,0,0,0,0,0,1,0,0,0,0,1,1,0,0,0,0,1
-0.873585801125263,-0.6217257877100307,-0.981255248930505,1.2466022468898765,1.2550012047916368,-0.10358577875026072,-0.4861676818052981,1,0,0,0,1,0,0,0,0,0,0,0,1,0,0,0,0,0,1,0,1,0,0,0,1
-0.8925692653188225,-0.6532450373759602,-0.19894488110866823,0.2752709077813913,-0.2284382874380194,-0.04586367070016583,-1.347385118131374,0,0,0,1,0,1,0,0,0,0,0,1,0,0,0,0,1,0,0,0,0,0,1,0,1
-1.5285153158030687,0.5938778647609206,0.4502309273257581,-0.8025770029744786,-1.6271698956756642,-0.19661364220963695,1.1718933622729857,0,0,1,0,1,0,0,0,0,0,0,0,0,1,1,0,0,0,0,0,1,0,0,0,1
0.6640747985530635,0.8282897278475134,1.3137020646705457,-0.2504510912537806,-0.5968503543239101,-0.16373632500311042,-1.5091896061683945,0,0,1,0,1,0,0,0,0,0,0,0,0,1,1,0,0,0,0,1,0,0,0,0,1
-1.4051227985449315,-0.9717715022965582,-0.1318051724660843,-0.5212124740945948,1.2016321350237762,0.24723014007847138,-0.38699718913744696,0,0,0,1,1,0,0,0,0,0,1,0,0,0,0,0,1,0,0,0,0,1,0,0,0
1.0817110108113746,2.3095970930176746,1.2096786208640646,-0.5617539148322136,0.8771771507955226,-0.21361270962892057,-0.30696486172128634,0,1,0,0,0,1,0,0,0,1,0,0,0,0,0,1,0,0,0,0,0,0,0,1,1
0.1799964616172941,0.9986739938093836,0.7796672357726309,0.739591682041298,1.675575676431257,-0.17270286605943583,1.612071163061869,0,0,1,0,0,0,1,0,0,0,0,0,0,1,1,0,0,0,0,1,0,0,0,0,1
-0.07628030499576033,-0.5921730246839947,-1.1099276212103908,-1.5599742778829144,1.1359895582550381,-0.16074747798433528,-1.7040509250946985,0,0,0,1,0,1,0,0,0,0,0,0,0,1,0,0,0,0,1,0,0,1,0,0,1
-0.24713148273779662,0.5747956724823324,-0.2293180990708603,0.8682154666721019,1.163467044433969,-0.19362479519086181,-0.7662808277618601,0,0,1,0,0,1,0,0,0,0,0,0,1,0,0,0,0,0,1,0,1,0,0,0,1
0.3508476393593304,0.36191440387435786,1.7309475945285515,0.9776427058596232,0.05143904355390097,-0.09405882887791497,-1.0202964756479351,0,1,0,0,0,0,1,0,0,0,0,0,1,0,0,0,1,0,0,0,0,0,0,1,1
-1.47156492322239,-0.07275309477890175,0.846496591370642,0.08406777103764763,-1.535118593169083,-0.11049748748117824,-1.422197945933437,0,1,0,0,0,0,0,1,0,1,0,0,0,0,0,1,0,0,0,1,0,0,0,0,1
-0.08577203709254012,0.047842884713643424,0.10934603990131063,0.3493543268386809,-1.4503072807472888,-0.16915361022464037,0.8604632186318389,1,0,0,0,0,0,1,0,0,0,0,1,0,0,0,0,0,0,1,0,0,0,1,0,1
0.9583184935532372,0.01176145999439856,0.295682007862824,-0.9713264186943104,-1.0400756520859362,-0.1571982221495398,0.8256665545378561,0,0,0,1,0,1,0,0,0,1,0,0,0,0,1,0,0,0,0,0,0,0,1,0,1
-0.7501932838671257,-1.156726626959035,-1.5089174953131916,-0.5800495393702159,-0.8391486891614583,-0.05370939412445059,0.6134069035645606,0,1,0,0,1,0,0,0,0,0,0,0,1,0,1,0,0,0,0,0,1,0,0,0,0
1.0912027429081543,-0.5585769777832047,-0.6263975777659574,1.3750874283044836,-1.1781181297025474,-0.1325402342446449,0.8204470549237587,1,0,0,0,0,0,0,1,0,1,0,0,0,0,0,0,0,1,0,0,0,0,0,1,1
-1.3671558701578121,-0.5790090882644523,0.15156784743186008,1.376542762074552,-1.4718548702853462,-0.04698448833220649,0.1906274348226687,0,1,0,0,0,1,0,0,0,0,0,0,1,0,0,0,1,0,0,0,0,0,0,1,1
-0.4274743925766127,-1.0301556956591928,-1.1016032628815158,1.4009369281252217,-1.1370225669355642,-0.0021517830505793966,1.4815836727094331,0,1,0,0,1,0,0,0,0,1,0,0,0,0,0,0,1,0,0,0,1,0,0,0,0
-0.323065339512035,-0.3924005371980788,-0.30739602835105473,-0.5594669617649632,1.0798623970263062,-0.109563472787811,-0.13820104086546942,0,1,0,0,1,0,0,0,0,0,0,0,1,0,1,0,0,0,0,0,0,0,0,1,1
0.1325378011333951,-0.22126628244249189,-0.5205878797696016,0.6727156302262517,-1.1102346036218513,-0.1784937571583127,0.20628593366496098,1,0,0,0,1,0,0,0,1,0,0,0,0,0,0,0,1,0,0,0,0,1,0,0,1
0.7210251911337423,0.2287867710373347,0.9751344799789087,1.034470024500388,0.3416592175240889,-0.11423354625464717,-1.4395962779804286,0,0,1,0,0,0,1,0,0,0,0,1,0,0,0,0,0,1,0,0,0,0,0,1,1
0.6545830664562837,-0.5970451786717715,-0.0731553437761476,1.1344722449865141,-0.7821251482079431,-0.05370939412445059,-1.236035793030629,0,0,0,1,0,0,0,1,0,0,0,0,0,1,0,1,0,0,0,0,1,0,0,0,1
0.06609567645593657,0.2562202148673216,-0.22170410437734075,1.49899870358459,-0.2089247903523546,-0.18409784531851608,-0.7140858316208858,0,0,1,0,0,0,1,0,0,0,0,1,0,0,0,1,0,0,0,0,0,0,1,0,1
1.4234133662954471,-0.4127907419784449,-0.5635131542011828,-0.40783504324545944,0.8194296108335287,-0.13235343130597146,-0.7471426625101696,1,0,0,0,1,0,0,0,0,0,0,0,0,1,0,1,0,0,0,0,0,0,1,0,1
0.25593031839153246,-1.1625613795464715,-1.250662381822673,-0.7645304201284057,0.39154619682259945,0.21248479348521035,1.5842338317866826,1,0,0,0,0,1,0,0,0,0,1,0,0,0,0,1,0,0,0,0,0,1,0,0,0
0.274913782585092,0.18856469331481723,-0.5274156467502034,-0.11073904932721768,-0.5713035321675892,-0.20894263616208442,-0.3348021929964726,0,0,1,0,0,1,0,0,0,0,0,0,1,0,0,0,0,1,0,0,0,1,0,0,1
-1.3196972096739132,-0.46728910597478474,0.6945822244194149,1.3964323235988196,1.5176059880098505,0.03240676060400814,1.1092593669038164,0,1,0,0,0,0,1,0,0,0,0,1,0,0,0,0,1,0,0,0,0,1,0,0,1
-1.6044491725773071,2.6815249785880093,1.6254689397797402,1.7385050611729838,1.0134613451058283,-0.20707460677534995,-0.2773876972414009,0,1,0,0,1,0,0,0,1,0,0,0,0,0,0,0,0,1,0,0,1,0,0,0,1
1.3000208490373097,-0.6639618041160866,1.2461071715625884,-0.03824956725619344,-0.9288211377830381,0.1202041417805279,-1.4656937760509159,0,1,0,0,0,0,1,0,0,1,0,0,0,0,0,0,0,0,1,0,0,0,1,0,1
1.3949381700051076,-0.46005051240781947,-0.7292485767373856,1.6057231800562701,-0.5550307925484482,-0.14673725758382683,1.1336170317696046,0,0,1,0,1,0,0,0,0,1,0,0,0,0,1,0,0,0,0,0,0,0,0,1,1
1.1006944750049341,-0.18170052194701497,0.43174767933786645,0.647905654526991,-0.4364673358742411,-0.10302536993424039,0.2410825977589439,1,0,0,0,0,0,0,1,0,0,0,1,0,0,0,0,0,0,1,0,0,0,1,0,1
0.8823846367789988,-1.2581550621204616,-1.6187686796233176,1.5713495824394172,-1.472234107861216,0.30999592747274923,1.3023808526254215,0,1,0,0,0,1,0,0,0,0,0,1,0,0,1,0,0,0,0,0,0,1,0,0,0
-0.1522141617699987,1.186237440221578,1.608178826829873,1.4017685474224035,-1.5059172998271075,-0.17326327487545617,-1.5683439351281654,1,0,0,0,0,0,0,1,1,0,0,0,0,0,1,0,0,0,0,0,1,0,0,0,1
1.5657893477471438,-0.47106524100641933,-1.03652567780176,1.1619156817935175,0.7637851156104492,-0.15346216337607088,-0.15907903932185913,0,0,0,1,0,0,0,1,0,0,0,1,0,0,0,1,0,0,0,0,1,0,0,0,1
0.5311905491981465,-0.5129795695321793,-0.9063291272363055,-0.02743851639282845,0.7048998629208458,-0.14599004582913305,1.2345273576421547,1,0,0,0,1,0,0,0,0,0,0,0,1,0,0,1,0,0,0,0,1,0,0,0,1
-1.00647005048018,1.0065128249154451,1.2013542625351896,0.05461458759578789,-0.678524337708963,-0.177372939526272,-1.6379372633161309,0,1,0,0,0,0,0,1,0,0,0,0,0,1,0,0,1,0,0,0,0,0,1,0,1
0.6640747985530635,-0.29131104520554657,0.22730088704194884,1.4380132884579158,0.5516189299829205,-0.07687295851995792,0.11755444022530467,0,1,0,0,0,0,0,1,0,1,0,0,0,0,0,1,0,0,0,0,0,1,0,0,1
-0.8071436764478044,0.2706739841095831,0.6820232712157019,-0.02605248423085858,-1.6569572834530748,-0.16074747798433528,0.0705789436984278,1,0,0,0,0,0,0,1,0,1,0,0,0,0,0,1,0,0,0,0,1,0,0,0,1
1.062727546617815,0.8985615825337272,1.6189377323750636,-0.851919747940606,-1.6749538302352605,-0.16672517202188558,1.1092593669038164,0,1,0,0,0,1,0,0,0,0,0,0,0,1,0,0,1,0,0,0,0,0,0,1,1
0.5786492096820455,-0.04031407660465504,0.21797650223611695,-1.418668298970086,-0.06415946479986954,-0.14673725758382683,-1.0585728061513162,0,0,0,1,0,1,0,0,0,0,0,0,1,0,1,0,0,0,0,0,1,0,0,0,1
0.8444177083918797,-0.3824799787747,0.6403256154937643,0.14484528134002647,-0.2836690689419682,-0.0453032618841455,-1.611839765245644,1,0,0,0,1,0,0,0,0,0,0,0,1,0,0,0,1,0,0,0,0,0,0,1,1
-0.7217180875767862,0.1858247999895382,-0.4880146035581046,0.9097271299230996,-0.9854654411606835,-0.20558018326596236,0.31415559235630786,0,1,0,0,1,0,0,0,0,0,1,0,0,0,0,1,0,0,0,0,0,1,0,0,1
0.6545830664562837,1.5765425162792013,1.1270971240704026,-0.09680942609942048,-0.170208081470373,-0.199976095105759,-0.6758095011175047,1,0,0,0,0,0,1,0,0,0,1,0,0,0,0,0,0,0,1,0,1,0,0,0,1
0.08507914064949616,1.6571925026668008,0.8712489708589043,1.1386303414724237,0.14745510253548488,-0.20464616857259513,0.9735523769372834,0,0,0,1,0,0,1,0,0,0,1,0,0,0,0,0,0,0,1,0,0,0,0,1,1
0.11355433693983553,-0.4638700937911032,0.7041479949265812,-1.3407732914673793,-1.4287941673524924,-0.05202816767638955,-0.7436629961007712,0,0,0,1,0,0,0,1,1,0,0,0,0,0,0,0,1,0,0,0,0,0,0,1,1
0.8064507800047604,-0.10106594206709227,0.2572740944133582,0.4654345204036575,0.4764264615309153,-0.11647518151872852,0.848284386198945,1,0,0,0,0,0,0,1,0,1,0,0,0,0,0,0,0,1,0,0,0,0,1,0,1
1.5088389551664652,-1.311552785208356,-1.652838547183088,0.9284385641096928,-1.6668864127122118,2.697524286658066,1.4972421715517255,0,0,0,1,0,1,0,0,0,0,0,0,0,1,0,0,1,0,0,0,0,0,0,1,0
-1.243763352899675,0.5645438741438981,1.5532187510031905,-1.4118767413764337,0.7372040091563016,-0.12805696371648218,1.4172098441355647,0,1,0,0,0,1,0,0,0,1,0,0,0,0,0,1,0,0,0,0,0,0,1,0,1
0.3128807109722112,-0.6086579878983929,0.962734151664644,-0.8829668683687311,-0.9208226725465112,0.04492255749512906,0.8935200495211227,0,0,1,0,1,0,0,0,0,0,1,0,0,0,0,0,0,1,0,0,0,0,0,1,1
-1.0824039072544185,1.169764494083168,0.29852346240424615,0.32572247847709457,-1.3221594562465537,-0.2186563889731036,-0.8080368246746397,0,0,1,0,1,0,0,0,0,1,0,0,0,0,0,0,1,0,0,0,0,0,0,1,1
0.8444177083918797,0.09264624155899587,0.5669719492254004,-0.7519175274544798,-0.7114835306663757,-0.14374841056505167,-1.079450804607706,0,0,0,1,1,0,0,0,0,0,0,0,0,1,0,0,1,0,0,0,0,1,0,0,1
-1.5000401195127293,-0.9414508789279,-0.921108828892295,-1.0398657091037204,-1.3337779165254742,-0.09312481418454774,-1.0498736401278206,0,0,1,0,0,0,1,0,0,0,0,0,0,1,0,0,0,0,1,0,0,0,1,0,0
-0.8546023369317034,-0.07745639344253864,-0.6984753481844108,-1.0530330146424343,1.512262185804412,-0.18036178654504714,-0.2460706995568163,0,1,0,0,1,0,0,0,0,0,0,0,1,0,0,0,1,0,0,0,0,0,1,0,1
-1.4905483874159495,0.3115915115886407,1.6285517800224967,1.1950418504645974,-1.451548421904681,-0.10750864046240309,-0.6236145049765304,0,0,0,1,0,1,0,0,0,0,0,0,1,0,0,0,1,0,0,0,0,1,0,0,1
1.375954705811548,2.0447370406788576,0.9979557738564957,-0.6256499974990246,0.9714349264708011,-0.21211828611953298,-0.20083503623463858,0,0,1,0,0,1,0,0,0,0,1,0,0,0,0,0,0,0,1,0,0,0,0,1,1
-0.3895074641894935,0.07662686300659684,-0.5339468541548801,0.4926700523863655,-0.8898975720414912,-0.20259133624718725,-0.6740696679128055,0,0,1,0,0,1,0,0,0,1,0,0,0,0,0,0,1,0,0,1,0,0,0,0,1
1.0722192787145948,1.3411890074433896,1.0157907288179464,0.4388920045019345,1.2224902016966157,-0.18484505707320983,1.018788040259461,1,0,0,0,0,0,0,1,0,0,0,1,0,0,1,0,0,0,0,0,1,0,0,0,1
-1.2247798887061154,0.8576046143950166,1.016190739408729,-1.6575509420855934,-1.3059901450571954,-0.18764710115331154,1.3006410194207223,0,1,0,0,0,0,1,0,0,0,0,0,1,0,1,0,0,0,0,1,0,0,0,0,1
-1.1963046924157759,-0.6745836667689228,-1.156687479926027,-0.01267727386784933,-0.48835393148188333,-0.17195565430474205,1.2484460232797479,1,0,0,0,0,0,1,0,1,0,0,0,0,0,0,0,0,0,1,0,0,1,0,0,1
1.3664629737147682,1.7584126418444341,1.753493019033185,1.3836808277086967,-0.708794391492026,-0.18764710115331154,-0.8306546563357284,0,1,0,0,0,0,0,1,0,0,0,0,0,1,0,0,0,1,0,0,0,1,0,0,1
0.1705047295205143,-1.0410952405003289,-0.7992297399213917,-0.9024406202444077,1.700157166576273,0.20090301128745672,-0.6618908354799116,0,0,0,1,0,0,0,1,0,0,0,0,1,0,0,0,0,0,1,1,0,0,0,0,0
-0.01932991241508157,0.05183132142106717,-0.5107531366238056,-1.3748003810437397,-0.03830235735420062,-0.20053650392177932,-0.4426718516878195,0,0,1,0,0,1,0,0,0,0,0,0,1,0,0,0,0,0,1,1,0,0,0,0,1
-0.46544132096373186,-0.8520592400843662,-0.9433783840239748,0.6440940660815738,0.1843445758246392,-0.051654561799042646,1.0100888742359653,0,1,0,0,0,0,0,1,0,0,0,1,0,0,0,0,1,0,0,0,0,1,0,0,0
-0.0003464482215219856,-1.1834211746808327,-1.4731441343754326,0.8868575992505967,-0.9300967550836912,0.09311771567287817,1.055324537558143,0,0,0,1,1,0,0,0,0,1,0,0,0,0,0,1,0,0,0,1,0,0,0,0,0
-1.4335979948352708,2.009820039809841,1.5487427704270182,0.2990413593591746,-0.5422746195419182,-0.20277813918586068,-0.4896473482146963,0,1,0,0,1,0,0,0,0,0,0,0,0,1,0,0,0,1,0,0,0,0,1,0,1
-0.20916455435067743,-0.8596078125857928,0.026585228015228748,-0.11233298631348303,-0.5882657946519481,0.08639280988063412,-0.679289167526903,0,0,1,0,0,0,1,0,1,0,0,0,0,0,0,0,0,1,0,0,0,1,0,0,0
0.4647484245206879,1.1973236550157993,0.6559743056745576,0.03715058235496752,-0.5585818353043202,-0.2035253509405545,-0.9489633142552703,0,0,1,0,0,1,0,0,0,0,0,0,1,0,0,0,1,0,0,1,0,0,0,0,1
-0.6647676949961075,-0.36867605602625475,-0.6777023844010043,1.460536311089926,-1.1529850212653572,-0.16821959553127314,1.0396660387158507,0,0,1,0,0,0,1,0,1,0,0,0,0,0,1,0,0,0,0,0,1,0,0,0,1
1.470872026779346,-0.5215643837399615,0.5427299280771023,0.9473579031205815,-1.2642395355682554,-0.02400772687537264,-0.9472234810505712,1,0,0,0,0,0,0,1,0,0,0,1,0,0,0,0,0,1,0,0,0,0,0,1,1
-0.9779948541898407,-1.1837804544398605,-1.5744502648583207,-0.05398103229455147,1.671128253950602,0.29318366299213916,-0.9785404787351556,1,0,0,0,1,0,0,0,0,1,0,0,0,0,0,1,0,0,0,0,1,0,0,0,0
0.5691574775852656,0.06181751156714999,0.6876579031582793,-0.5613381051836226,-1.0451091690020264,-0.13608949007944035,-1.2029789621413451,1,0,0,0,0,1,0,0,0,1,0,0,0,0,0,0,0,0,1,0,0,1,0,0,1
-1.6044491725773071,-0.8234749301309068,-0.6810541972823906,0.3137333002760552,0.7578552189695758,-0.007755871210782789,-0.10862387638558398,0,0,1,0,0,0,1,0,0,0,0,0,0,1,0,0,0,1,0,0,1,0,0,0,0
1.0247606182306956,0.04522347027839858,1.704002053525308,-0.236036356769294,-1.7088438790607172,-0.07818057909067203,1.3545758487663957,0,0,0,1,0,1,0,0,0,0,0,0,1,0,1,0,0,0,0,0,0,1,0,0,1
-0.7976519443510246,-1.1474417410424096,-1.5077381537438148,1.5583208801169006,-1.6114142982054367,-0.03783114433720764,0.2619605962153336,0,0,0,1,0,1,0,0,0,1,0,0,0,0,0,0,0,1,0,0,0,0,0,1,0
-0.23763975064101683,-0.7613324732855428,0.8102266655615666,-0.9680692431136811,0.5137986008257222,0.1566307148218499,1.2467061900750487,0,0,0,1,0,0,0,1,0,0,1,0,0,0,0,1,0,0,0,0,0,0,0,1,0
-0.9020609974156024,1.6807490529049456,1.3612550478334238,0.519281869896187,0.773748721012847,-0.1898887364173929,-1.7005712586853001,0,1,0,0,1,0,0,0,1,0,0,0,0,0,0,0,0,0,1,0,0,0,1,0,1
-0.4179826604798329,-1.2135359671069261,-1.3932799509053637,0.47520604714554515,-0.2568121533417334,0.33838997415111316,0.5733907398564804,0,1,0,0,0,1,0,0,0,0,0,0,1,0,0,0,0,0,1,1,0,0,0,0,0
0.5406822812949262,0.867814198902416,0.057151554538488324,-0.8952332530021645,0.5869569768253347,-0.20744821265269683,1.526819336031611,0,1,0,0,0,0,1,0,0,1,0,0,0,0,0,0,1,0,0,0,1,0,0,0,1
-0.2661149469313562,1.1926240539140047,0.24752900881377202,0.6567069587554997,0.23892031060663108,-0.20950304497810476,1.2310476912327564,1,0,0,0,0,1,0,0,0,0,0,0,0,1,0,0,0,0,1,0,0,0,0,1,1
1.375954705811548,0.9395089986376782,0.33123467330222,1.746544047712409,-1.1906329697062512,-0.2035253509405545,-0.2286723675098249,1,0,0,0,0,0,1,0,1,0,0,0,0,0,0,0,1,0,0,0,0,0,1,0,1
-0.7691767480606853,-0.6570079228109925,-0.5499679679891607,-0.5987609735568091,0.7431683819404359,-0.0751917320718969,-1.3421656185172768,0,0,1,0,0,1,0,0,0,0,1,0,0,0,0,0,1,0,0,0,0,0,0,1,1
1.2715456527469704,-1.2008678121044298,-1.448964183836049,-1.253383963655179,-0.7610257485322773,0.04156010459900704,-1.1333856339533794,0,1,0,0,0,0,0,1,0,0,0,0,0,1,0,0,0,1,0,0,0,0,0,1,0
1.195611795972732,-1.2834306704852068,-1.6614111879476212,1.3767506668988474,-0.7373406381120445,0.9172922811001232,1.445047175410751,1,0,0,0,1,0,0,0,0,0,0,1,0,0,0,0,0,1,0,0,0,0,1,0,0
-1.3576641380610324,1.8304057115683232,1.374145044284681,-1.2298214169016912,0.12190828037916399,-0.20259133624718725,0.3559115892690873,1,0,0,0,1,0,0,0,0,1,0,0,0,0,0,1,0,0,0,0,0,0,1,0,1
-0.6173090345122085,-0.1850690007855159,-0.2803470363329536,-0.6551031809408844,0.023478891369317644,-0.1575718280268867,0.0705789436984278,0,1,0,0,0,1,0,0,0,0,0,0,1,0,0,0,0,1,0,0,0,0,0,1,1
-1.329188941770693,-1.1717806337403929,-1.2764561681938351,1.5346197301472158,0.8734537273233463,0.4121771349271244,-1.345645284926675,0,0,1,0,0,1,0,0,0,0,0,0,1,0,0,0,1,0,0,1,0,0,0,0,0
0.692549994843403,-0.4122592174635882,-0.8083127390258892,1.4545763727934558,1.489335550535919,-0.12562852551372738,-0.7384434964866738,1,0,0,0,1,0,0,0,0,0,0,0,0,1,1,0,0,0,0,1,0,0,0,0,1
-1.243763352899675,1.598718027169179,1.277797665780634,0.631342570191451,0.7329634435352118,-0.18932832760137258,0.3071962595375113,0,0,0,1,1,0,0,0,0,0,0,0,0,1,1,0,0,0,0,0,0,0,0,1,1
-1.1583377640286567,0.12965698682131782,1.2583557717217286,-0.44331746659188814,-0.9184438186615097,-0.10844265515577033,0.18366810200387212,1,0,0,0,1,0,0,0,0,0,0,0,1,0,1,0,0,0,0,0,0,0,1,0,1
-0.8071436764478044,-1.124456772239082,-1.509331299372622,-0.9454769188735722,1.6431336256227578,0.10264466554522392,1.3041206858301206,0,1,0,0,0,0,1,0,0,0,0,0,0,1,1,0,0,0,0,0,1,0,0,0,0
-0.19967282225389765,0.07199166110689231,-0.13382591562296947,1.0055019523152176,-1.2941993040619704,-0.18017498360637368,0.22542409891665158,0,0,0,1,0,0,0,1,0,0,0,1,0,0,0,1,0,0,0,0,0,1,0,0,1
1.2051035280695117,-0.8213294198718066,-1.2624282105791442,0.14955779069072403,-0.26501747543782567,-0.14318800174903135,-1.3038892880138955,0,0,0,1,0,1,0,0,1,0,0,0,0,0,0,1,0,0,0,1,0,0,0,0,0
1.7176570612956206,1.484232268621335,1.4466504122312125,-0.7594021011291171,-1.2581027820678166,-0.1958664304549432,-0.8341343227451268,1,0,0,0,1,0,0,0,0,1,0,0,0,0,1,0,0,0,0,0,0,1,0,0,1
1.5278224193600247,-0.8020099673749925,-1.0095870335328403,-0.9569116842098236,-0.39830224528443375,-0.1301117960418901,-1.3978402810676493,0,1,0,0,0,0,1,0,1,0,0,0,0,0,0,0,1,0,0,0,1,0,0,0,0
-0.4084909283830531,0.6757899522574208,0.7901088915389248,0.25856922022965434,-1.6196885725880508,-0.18204301299310813,-1.3543444509501708,0,1,0,0,1,0,0,0,0,0,0,1,0,0,1,0,0,0,0,0,0,0,0,1,1
-0.11424723338287951,-0.51266281173434,-0.8311685165750955,0.9059848430857809,0.19568722695747265,-0.13926514003688897,0.8343657205613518,0,1,0,0,1,0,0,0,0,0,1,0,0,0,0,0,0,0,1,0,0,0,1,0,1
0.028128748068817395,0.0999926806797002,-0.24698753240853877,-0.6879521431795703,1.5510133708296545,-0.16541755145117143,0.9544142116855928,0,0,1,0,0,1,0,0,0,0,1,0,0,0,0,0,0,0,1,0,0,0,0,1,1
1.1576448675856128,0.07886758548314084,0.39581569351065926,0.5156088846669669,-1.0899971075277077,-0.1495393016639285,1.029227039487656,1,0,0,0,1,0,0,0,0,0,0,1,0,0,1,0,0,0,0,0,0,0,1,0,1
0.7589921195208615,-0.6875984681941518,1.1402974735662328,-1.2117336971879844,1.5010919153878832,0.17045413228368492,-0.9193861497753848,0,1,0,0,0,0,0,1,0,1,0,0,0,0,0,0,1,0,0,0,1,0,0,0,1
0.4552566924239081,-1.2382433834685433,-1.4296119473233535,-0.5203808547974129,-0.8470092498249416,0.2711409162286725,0.7317155614841023,0,0,1,0,0,0,1,0,0,1,0,0,0,0,0,0,1,0,0,1,0,0,0,0,0
-0.01932991241508157,0.31474892127196663,-0.2844161095840193,-1.6619169433957983,-0.06795184055856765,-0.20576698620463585,-0.9889794779633504,0,0,0,1,0,0,1,0,0,0,0,0,1,0,0,0,1,0,0,0,0,0,0,1,1
1.5657893477471438,-0.03385659297691405,0.3647252151787878,-0.5578037231705995,-0.6028836793945662,-0.1394519429755624,-1.3056291212185946,0,1,0,0,0,1,0,0,0,1,0,0,0,0,0,0,0,1,0,0,0,0,1,0,1
0.7779755837144211,-0.3226183013258403,-0.5754445045814263,-1.0263518955245141,-0.5717861981732417,-0.17643892483290477,1.2293078580280574,0,1,0,0,0,0,0,1,0,0,0,1,0,0,0,0,0,0,1,0,0,0,1,0,1
1.4139216341986673,-0.5039245487100948,-0.16926823331318405,-0.15259722061870776,0.2171658642090083,-0.08359786431220197,1.514640503598717,0,0,0,1,0,0,0,1,0,0,0,1,0,0,0,0,1,0,0,0,0,0,0,1,1
-0.2850984111249158,-0.4995466354885963,-0.46727612344631725,-0.36126436260327177,0.15517775862592467,-0.11834321090546297,-1.1838407968896547,1,0,0,0,1,0,0,0,0,1,0,0,0,0,1,0,0,0,0,1,0,0,0,0,1
-1.3386806738674728,-1.185862798017485,-1.555201479360483,-1.0153329398368538,0.5649956735681466,0.11740209770042621,-1.1577432988191676,0,0,1,0,1,0,0,0,0,1,0,0,0,0,0,1,0,0,0,1,0,0,0,0,0
1.2240869922630713,-0.25825330168299127,0.1365812437461554,-1.0542804435882072,1.2844783072796995,-0.09872890234475112,-0.5870780076778485,1,0,0,0,1,0,0,0,1,0,0,0,0,0,0,1,0,0,0,0,0,0,0,1,1
0.1325378011333951,-0.8059833057048928,-0.25302217494189894,1.2304549722029277,1.3406399446516923,0.08564559812594032,0.02708311358094921,1,0,0,0,0,1,0,0,0,1,0,0,0,0,0,0,1,0,0,0,0,0,0,1,0
-1.1393542998350972,-1.1319618983888595,-1.470109571272943,-0.594394972246604,-0.7793325806038109,-0.06342314693546978,1.502461671165823,0,1,0,0,0,1,0,0,0,0,0,1,0,0,1,0,0,0,0,0,1,0,0,0,0
-1.4335979948352708,1.2649557586766345,0.8238753027884463,-0.4210716503922717,-0.22133620192627568,-0.19978929216708555,-1.6709940942054147,0,0,0,1,0,0,1,0,0,0,0,0,1,0,0,0,0,0,1,0,0,0,0,1,1
1.2620539206501906,2.6134658065343674,1.3441511467103,-0.12321333878494652,-1.017217969103965,-0.22407367419463356,1.4259090101590606,0,1,0,0,0,0,0,1,0,0,1,0,0,0,0,0,0,1,0,0,1,0,0,0,1
-1.2532550849964548,2.4010760055212894,1.2828046948997418,0.6736165511315321,-0.6395662958241551,-0.21790917721840983,1.4241691769543614,0,0,1,0,1,0,0,0,0,0,0,0,0,1,1,0,0,0,0,0,0,0,1,0,1
-1.243763352899675,-1.2645684831362463,-1.60287860374119,-0.14525125016026746,0.4504314495122028,0.7237644366344328,0.11407477381590639,1,0,0,0,0,0,0,1,1,0,0,0,0,0,0,0,0,0,1,0,1,0,0,0,0
0.6355996022627242,-0.568885163939737,-1.1120242284448383,-0.7916966505030151,0.7677153959421908,-0.1648571426351511,-1.1142474687016888,0,0,0,1,1,0,0,0,0,0,0,0,1,0,0,0,1,0,0,0,1,0,0,0,1
0.21796339000441325,0.23651806471981066,0.35775951351170926,0.5229548551254072,-1.4161758989190059,-0.1697140190406607,0.011424614738656922,0,1,0,0,0,0,1,0,0,1,0,0,0,0,0,0,0,0,1,1,0,0,0,0,1
-0.6552759628993278,-0.32726736908245413,-0.8371066048279219,-0.3847576077486611,-0.8008112178553466,-0.19642683927096352,-0.5957771737013442,0,1,0,0,1,0,0,0,0,0,0,1,0,0,0,0,0,1,0,0,0,1,0,0,1
-0.21865628644745724,-1.3110098598778182,-1.6573352179622318,-1.413054868714108,0.08270890549152991,3.5336542401604114,-1.1107678022922907,0,1,0,0,0,1,0,0,0,0,0,0,0,1,0,0,0,0,1,0,0,0,1,0,0
-0.8356188727381438,-0.9027851666109138,-0.6536465750794498,1.5940112082876248,0.19779027169638705,0.05538352206084204,0.9300565468198048,0,1,0,0,1,0,0,0,0,0,0,0,1,0,0,0,0,1,0,0,1,0,0,0,0
1.110186207101714,-0.5073139803990365,0.5825999492032222,-0.5591897553325693,-1.6358923599206698,-0.047731700086900294,-0.11906287561377885,1,0,0,0,0,0,0,1,0,1,0,0,0,0,0,1,0,0,0,1,0,0,0,0,1
0.4457649603271283,-0.2530887321795047,0.6967064185911577,-1.2263563364967665,0.6177096966140503,-0.06771961452495905,-1.368263116587764,1,0,0,0,0,0,0,1,1,0,0,0,0,0,0,1,0,0,0,0,1,0,0,0,1
0.4837318887142475,-0.8072725222673048,0.22181798325449592,-1.5434111935473744,-0.8863810054288802,0.04641698100451662,0.5559924078094889,1,0,0,0,0,1,0,0,0,1,0,0,0,0,1,0,0,0,0,0,0,0,1,0,0
1.5942645440374834,0.6770693086549195,0.17078214925807875,-0.7282163774847951,0.158901182098101,-0.1971740510256573,-0.4043955211844384,1,0,0,0,0,0,0,1,0,0,1,0,0,0,0,1,0,0,0,1,0,0,0,0,1
0.04711221226237698,-0.7050016592660997,-0.5443195425779357,-0.5875341130448531,-1.3322264900787342,-0.11329953156127993,-1.7266687567557872,0,0,0,1,0,1,0,0,0,0,0,0,0,1,1,0,0,0,0,0,0,0,1,0,0
-1.3196972096739132,3.02809467691245,1.6641665160708072,-1.0642598751543901,1.4346563873241445,-0.21716196546371605,-0.9402641482317746,0,0,0,1,0,0,1,0,0,0,0,0,1,0,0,1,0,0,0,0,0,0,0,1,1
-1.3102054775771335,0.40669619160896253,1.5292319090248745,-1.526224394738948,-1.1668444308562358,-0.13291384012199178,0.5003177452591162,1,0,0,0,0,0,1,0,0,0,0,1,0,0,1,0,0,0,0,1,0,0,0,0,1
-0.5603586419315298,-0.694198616082982,0.059730933175604545,1.1210277330154064,1.577628953427063,0.06435006311716746,1.0518448711487447,0,0,1,0,1,0,0,0,1,0,0,0,0,0,0,0,0,0,1,0,0,0,1,0,1
1.6796901329085014,0.29349102197923144,-0.24714615729798708,-0.6753392505056445,0.602816002725345,-0.19082275111076014,-1.4970107737355003,0,0,1,0,1,0,0,0,0,0,0,0,1,0,0,0,0,0,1,0,0,0,1,0,1
1.2145952601662915,-0.2820717625516451,1.6277517588409312,-0.7853209025579537,-1.3943869763781223,-0.015227988757720646,0.5177160773061077,0,0,1,0,1,0,0,0,0,0,0,1,0,0,0,0,0,0,1,0,0,1,0,0,1
